-- MySQL dump 10.13  Distrib 8.0.35, for Linux (x86_64)
--
-- Host: localhost    Database: RESERVATION
-- ------------------------------------------------------
-- Server version	8.0.35-0ubuntu0.22.04.1

/*!40101 SET @OLD_CHARACTER_SET_CLIENT=@@CHARACTER_SET_CLIENT */;
/*!40101 SET @OLD_CHARACTER_SET_RESULTS=@@CHARACTER_SET_RESULTS */;
/*!40101 SET @OLD_COLLATION_CONNECTION=@@COLLATION_CONNECTION */;
/*!50503 SET NAMES utf8mb4 */;
/*!40103 SET @OLD_TIME_ZONE=@@TIME_ZONE */;
/*!40103 SET TIME_ZONE='+00:00' */;
/*!40014 SET @OLD_UNIQUE_CHECKS=@@UNIQUE_CHECKS, UNIQUE_CHECKS=0 */;
/*!40014 SET @OLD_FOREIGN_KEY_CHECKS=@@FOREIGN_KEY_CHECKS, FOREIGN_KEY_CHECKS=0 */;
/*!40101 SET @OLD_SQL_MODE=@@SQL_MODE, SQL_MODE='NO_AUTO_VALUE_ON_ZERO' */;
/*!40111 SET @OLD_SQL_NOTES=@@SQL_NOTES, SQL_NOTES=0 */;

--
-- Table structure for table `auth_group`
--

DROP TABLE IF EXISTS `auth_group`;
/*!40101 SET @saved_cs_client     = @@character_set_client */;
/*!50503 SET character_set_client = utf8mb4 */;
CREATE TABLE `auth_group` (
  `id` int NOT NULL AUTO_INCREMENT,
  `name` varchar(150) NOT NULL,
  PRIMARY KEY (`id`),
  UNIQUE KEY `name` (`name`)
) ENGINE=InnoDB DEFAULT CHARSET=utf8mb4 COLLATE=utf8mb4_0900_ai_ci;
/*!40101 SET character_set_client = @saved_cs_client */;

--
-- Dumping data for table `auth_group`
--

LOCK TABLES `auth_group` WRITE;
/*!40000 ALTER TABLE `auth_group` DISABLE KEYS */;
/*!40000 ALTER TABLE `auth_group` ENABLE KEYS */;
UNLOCK TABLES;

--
-- Table structure for table `auth_group_permissions`
--

DROP TABLE IF EXISTS `auth_group_permissions`;
/*!40101 SET @saved_cs_client     = @@character_set_client */;
/*!50503 SET character_set_client = utf8mb4 */;
CREATE TABLE `auth_group_permissions` (
  `id` bigint NOT NULL AUTO_INCREMENT,
  `group_id` int NOT NULL,
  `permission_id` int NOT NULL,
  PRIMARY KEY (`id`),
  UNIQUE KEY `auth_group_permissions_group_id_permission_id_0cd325b0_uniq` (`group_id`,`permission_id`),
  KEY `auth_group_permissio_permission_id_84c5c92e_fk_auth_perm` (`permission_id`),
  CONSTRAINT `auth_group_permissio_permission_id_84c5c92e_fk_auth_perm` FOREIGN KEY (`permission_id`) REFERENCES `auth_permission` (`id`),
  CONSTRAINT `auth_group_permissions_group_id_b120cbf9_fk_auth_group_id` FOREIGN KEY (`group_id`) REFERENCES `auth_group` (`id`)
) ENGINE=InnoDB DEFAULT CHARSET=utf8mb4 COLLATE=utf8mb4_0900_ai_ci;
/*!40101 SET character_set_client = @saved_cs_client */;

--
-- Dumping data for table `auth_group_permissions`
--

LOCK TABLES `auth_group_permissions` WRITE;
/*!40000 ALTER TABLE `auth_group_permissions` DISABLE KEYS */;
/*!40000 ALTER TABLE `auth_group_permissions` ENABLE KEYS */;
UNLOCK TABLES;

--
-- Table structure for table `auth_permission`
--

DROP TABLE IF EXISTS `auth_permission`;
/*!40101 SET @saved_cs_client     = @@character_set_client */;
/*!50503 SET character_set_client = utf8mb4 */;
CREATE TABLE `auth_permission` (
  `id` int NOT NULL AUTO_INCREMENT,
  `name` varchar(255) NOT NULL,
  `content_type_id` int NOT NULL,
  `codename` varchar(100) NOT NULL,
  PRIMARY KEY (`id`),
  UNIQUE KEY `auth_permission_content_type_id_codename_01ab375a_uniq` (`content_type_id`,`codename`),
  CONSTRAINT `auth_permission_content_type_id_2f476e4b_fk_django_co` FOREIGN KEY (`content_type_id`) REFERENCES `django_content_type` (`id`)
) ENGINE=InnoDB AUTO_INCREMENT=85 DEFAULT CHARSET=utf8mb4 COLLATE=utf8mb4_0900_ai_ci;
/*!40101 SET character_set_client = @saved_cs_client */;

--
-- Dumping data for table `auth_permission`
--

LOCK TABLES `auth_permission` WRITE;
/*!40000 ALTER TABLE `auth_permission` DISABLE KEYS */;
INSERT INTO `auth_permission` VALUES (1,'Can add log entry',1,'add_logentry'),(2,'Can change log entry',1,'change_logentry'),(3,'Can delete log entry',1,'delete_logentry'),(4,'Can view log entry',1,'view_logentry'),(5,'Can add permission',2,'add_permission'),(6,'Can change permission',2,'change_permission'),(7,'Can delete permission',2,'delete_permission'),(8,'Can view permission',2,'view_permission'),(9,'Can add group',3,'add_group'),(10,'Can change group',3,'change_group'),(11,'Can delete group',3,'delete_group'),(12,'Can view group',3,'view_group'),(13,'Can add user',4,'add_user'),(14,'Can change user',4,'change_user'),(15,'Can delete user',4,'delete_user'),(16,'Can view user',4,'view_user'),(17,'Can add content type',5,'add_contenttype'),(18,'Can change content type',5,'change_contenttype'),(19,'Can delete content type',5,'delete_contenttype'),(20,'Can view content type',5,'view_contenttype'),(21,'Can add session',6,'add_session'),(22,'Can change session',6,'change_session'),(23,'Can delete session',6,'delete_session'),(24,'Can view session',6,'view_session'),(25,'Can add record',7,'add_record'),(26,'Can change record',7,'change_record'),(27,'Can delete record',7,'delete_record'),(28,'Can view record',7,'view_record'),(29,'Can add guest',8,'add_guest'),(30,'Can change guest',8,'change_guest'),(31,'Can delete guest',8,'delete_guest'),(32,'Can view guest',8,'view_guest'),(33,'Can add room',9,'add_room'),(34,'Can change room',9,'change_room'),(35,'Can delete room',9,'delete_room'),(36,'Can view room',9,'view_room'),(37,'Can add reservation',10,'add_reservation'),(38,'Can change reservation',10,'change_reservation'),(39,'Can delete reservation',10,'delete_reservation'),(40,'Can view reservation',10,'view_reservation'),(41,'Can add ausflugspaket',11,'add_ausflugspaket'),(42,'Can change ausflugspaket',11,'change_ausflugspaket'),(43,'Can delete ausflugspaket',11,'delete_ausflugspaket'),(44,'Can view ausflugspaket',11,'view_ausflugspaket'),(45,'Can add emailtemplate',12,'add_emailtemplate'),(46,'Can change emailtemplate',12,'change_emailtemplate'),(47,'Can delete emailtemplate',12,'delete_emailtemplate'),(48,'Can view emailtemplate',12,'view_emailtemplate'),(49,'Can add subpaket',13,'add_subpaket'),(50,'Can change subpaket',13,'change_subpaket'),(51,'Can delete subpaket',13,'delete_subpaket'),(52,'Can view subpaket',13,'view_subpaket'),(53,'Can add email',14,'add_email'),(54,'Can change email',14,'change_email'),(55,'Can delete email',14,'delete_email'),(56,'Can view email',14,'view_email'),(57,'Can add email log',15,'add_emaillog'),(58,'Can change email log',15,'change_emaillog'),(59,'Can delete email log',15,'delete_emaillog'),(60,'Can view email log',15,'view_emaillog'),(61,'Can add Email',16,'add_simplemail'),(62,'Can change Email',16,'change_simplemail'),(63,'Can delete Email',16,'delete_simplemail'),(64,'Can view Email',16,'view_simplemail'),(65,'Can add Configuration',17,'add_simplemailconfig'),(66,'Can change Configuration',17,'change_simplemailconfig'),(67,'Can delete Configuration',17,'delete_simplemailconfig'),(68,'Can view Configuration',17,'view_simplemailconfig'),(69,'Can add Attachment',18,'add_attachment'),(70,'Can change Attachment',18,'change_attachment'),(71,'Can delete Attachment',18,'delete_attachment'),(72,'Can view Attachment',18,'view_attachment'),(73,'Can add Email',19,'add_email'),(74,'Can change Email',19,'change_email'),(75,'Can delete Email',19,'delete_email'),(76,'Can view Email',19,'view_email'),(77,'Can add Email Template',20,'add_emailtemplate'),(78,'Can change Email Template',20,'change_emailtemplate'),(79,'Can delete Email Template',20,'delete_emailtemplate'),(80,'Can view Email Template',20,'view_emailtemplate'),(81,'Can add Log',21,'add_log'),(82,'Can change Log',21,'change_log'),(83,'Can delete Log',21,'delete_log'),(84,'Can view Log',21,'view_log');
/*!40000 ALTER TABLE `auth_permission` ENABLE KEYS */;
UNLOCK TABLES;

--
-- Table structure for table `auth_user`
--

DROP TABLE IF EXISTS `auth_user`;
/*!40101 SET @saved_cs_client     = @@character_set_client */;
/*!50503 SET character_set_client = utf8mb4 */;
CREATE TABLE `auth_user` (
  `id` int NOT NULL AUTO_INCREMENT,
  `password` varchar(128) NOT NULL,
  `last_login` datetime(6) DEFAULT NULL,
  `is_superuser` tinyint(1) NOT NULL,
  `username` varchar(150) NOT NULL,
  `first_name` varchar(150) NOT NULL,
  `last_name` varchar(150) NOT NULL,
  `email` varchar(254) NOT NULL,
  `is_staff` tinyint(1) NOT NULL,
  `is_active` tinyint(1) NOT NULL,
  `date_joined` datetime(6) NOT NULL,
  PRIMARY KEY (`id`),
  UNIQUE KEY `username` (`username`)
) ENGINE=InnoDB AUTO_INCREMENT=6 DEFAULT CHARSET=utf8mb4 COLLATE=utf8mb4_0900_ai_ci;
/*!40101 SET character_set_client = @saved_cs_client */;

--
-- Dumping data for table `auth_user`
--

LOCK TABLES `auth_user` WRITE;
/*!40000 ALTER TABLE `auth_user` DISABLE KEYS */;
INSERT INTO `auth_user` VALUES (1,'pbkdf2_sha256$720000$gFdr9mSqFWbSUSUmGVmhGE$cnFD4F2MC5I8sAeh7DcteYz4iwla7G83gyW6IqVSbo8=','2024-01-25 00:30:54.304184',1,'admin','','','carsten@navisense.de',1,1,'2024-01-24 22:57:13.489390'),(5,'pbkdf2_sha256$720000$u0XtdplIPU8UR8PibUHx9m$sGlTOoFAXmEhjBYQeK1F/dVftnzPkRcis+IznvnD57Q=','2024-02-19 22:34:49.241873',1,'superuser','','','',1,1,'2024-01-25 09:01:07.000000');
/*!40000 ALTER TABLE `auth_user` ENABLE KEYS */;
UNLOCK TABLES;

--
-- Table structure for table `auth_user_groups`
--

DROP TABLE IF EXISTS `auth_user_groups`;
/*!40101 SET @saved_cs_client     = @@character_set_client */;
/*!50503 SET character_set_client = utf8mb4 */;
CREATE TABLE `auth_user_groups` (
  `id` bigint NOT NULL AUTO_INCREMENT,
  `user_id` int NOT NULL,
  `group_id` int NOT NULL,
  PRIMARY KEY (`id`),
  UNIQUE KEY `auth_user_groups_user_id_group_id_94350c0c_uniq` (`user_id`,`group_id`),
  KEY `auth_user_groups_group_id_97559544_fk_auth_group_id` (`group_id`),
  CONSTRAINT `auth_user_groups_group_id_97559544_fk_auth_group_id` FOREIGN KEY (`group_id`) REFERENCES `auth_group` (`id`),
  CONSTRAINT `auth_user_groups_user_id_6a12ed8b_fk_auth_user_id` FOREIGN KEY (`user_id`) REFERENCES `auth_user` (`id`)
) ENGINE=InnoDB DEFAULT CHARSET=utf8mb4 COLLATE=utf8mb4_0900_ai_ci;
/*!40101 SET character_set_client = @saved_cs_client */;

--
-- Dumping data for table `auth_user_groups`
--

LOCK TABLES `auth_user_groups` WRITE;
/*!40000 ALTER TABLE `auth_user_groups` DISABLE KEYS */;
/*!40000 ALTER TABLE `auth_user_groups` ENABLE KEYS */;
UNLOCK TABLES;

--
-- Table structure for table `auth_user_user_permissions`
--

DROP TABLE IF EXISTS `auth_user_user_permissions`;
/*!40101 SET @saved_cs_client     = @@character_set_client */;
/*!50503 SET character_set_client = utf8mb4 */;
CREATE TABLE `auth_user_user_permissions` (
  `id` bigint NOT NULL AUTO_INCREMENT,
  `user_id` int NOT NULL,
  `permission_id` int NOT NULL,
  PRIMARY KEY (`id`),
  UNIQUE KEY `auth_user_user_permissions_user_id_permission_id_14a6b632_uniq` (`user_id`,`permission_id`),
  KEY `auth_user_user_permi_permission_id_1fbb5f2c_fk_auth_perm` (`permission_id`),
  CONSTRAINT `auth_user_user_permi_permission_id_1fbb5f2c_fk_auth_perm` FOREIGN KEY (`permission_id`) REFERENCES `auth_permission` (`id`),
  CONSTRAINT `auth_user_user_permissions_user_id_a95ead1b_fk_auth_user_id` FOREIGN KEY (`user_id`) REFERENCES `auth_user` (`id`)
) ENGINE=InnoDB AUTO_INCREMENT=85 DEFAULT CHARSET=utf8mb4 COLLATE=utf8mb4_0900_ai_ci;
/*!40101 SET character_set_client = @saved_cs_client */;

--
-- Dumping data for table `auth_user_user_permissions`
--

LOCK TABLES `auth_user_user_permissions` WRITE;
/*!40000 ALTER TABLE `auth_user_user_permissions` DISABLE KEYS */;
INSERT INTO `auth_user_user_permissions` VALUES (1,5,1),(2,5,2),(3,5,3),(4,5,4),(5,5,5),(6,5,6),(7,5,7),(8,5,8),(9,5,9),(10,5,10),(11,5,11),(12,5,12),(13,5,13),(14,5,14),(15,5,15),(16,5,16),(17,5,17),(18,5,18),(19,5,19),(20,5,20),(21,5,21),(22,5,22),(23,5,23),(24,5,24),(25,5,25),(26,5,26),(27,5,27),(28,5,28),(29,5,29),(30,5,30),(31,5,31),(32,5,32),(33,5,33),(34,5,34),(35,5,35),(36,5,36),(37,5,37),(38,5,38),(39,5,39),(40,5,40),(41,5,41),(42,5,42),(43,5,43),(44,5,44),(45,5,45),(46,5,46),(47,5,47),(48,5,48),(49,5,49),(50,5,50),(51,5,51),(52,5,52),(53,5,53),(54,5,54),(55,5,55),(56,5,56),(57,5,57),(58,5,58),(59,5,59),(60,5,60),(61,5,61),(62,5,62),(63,5,63),(64,5,64),(65,5,65),(66,5,66),(67,5,67),(68,5,68),(69,5,69),(70,5,70),(71,5,71),(72,5,72),(73,5,73),(74,5,74),(75,5,75),(76,5,76),(77,5,77),(78,5,78),(79,5,79),(80,5,80),(81,5,81),(82,5,82),(83,5,83),(84,5,84);
/*!40000 ALTER TABLE `auth_user_user_permissions` ENABLE KEYS */;
UNLOCK TABLES;

--
-- Table structure for table `django_admin_log`
--

DROP TABLE IF EXISTS `django_admin_log`;
/*!40101 SET @saved_cs_client     = @@character_set_client */;
/*!50503 SET character_set_client = utf8mb4 */;
CREATE TABLE `django_admin_log` (
  `id` int NOT NULL AUTO_INCREMENT,
  `action_time` datetime(6) NOT NULL,
  `object_id` longtext,
  `object_repr` varchar(200) NOT NULL,
  `action_flag` smallint unsigned NOT NULL,
  `change_message` longtext NOT NULL,
  `content_type_id` int DEFAULT NULL,
  `user_id` int NOT NULL,
  PRIMARY KEY (`id`),
  KEY `django_admin_log_content_type_id_c4bce8eb_fk_django_co` (`content_type_id`),
  KEY `django_admin_log_user_id_c564eba6_fk_auth_user_id` (`user_id`),
  CONSTRAINT `django_admin_log_content_type_id_c4bce8eb_fk_django_co` FOREIGN KEY (`content_type_id`) REFERENCES `django_content_type` (`id`),
  CONSTRAINT `django_admin_log_user_id_c564eba6_fk_auth_user_id` FOREIGN KEY (`user_id`) REFERENCES `auth_user` (`id`),
  CONSTRAINT `django_admin_log_chk_1` CHECK ((`action_flag` >= 0))
) ENGINE=InnoDB AUTO_INCREMENT=102 DEFAULT CHARSET=utf8mb4 COLLATE=utf8mb4_0900_ai_ci;
/*!40101 SET character_set_client = @saved_cs_client */;

--
-- Dumping data for table `django_admin_log`
--

LOCK TABLES `django_admin_log` WRITE;
/*!40000 ALTER TABLE `django_admin_log` DISABLE KEYS */;
INSERT INTO `django_admin_log` VALUES (1,'2024-01-25 00:33:09.727611','2','carsten',3,'',4,1),(2,'2024-01-25 00:33:32.529631','3','carsten',1,'[{\"added\": {}}]',4,1),(3,'2024-01-25 09:02:33.555187','3','carsten',3,'',4,5),(4,'2024-01-25 09:02:33.565677','4','test',3,'',4,5),(5,'2024-02-01 18:37:05.915691','1','Ausflugspaket object (1)',1,'[{\"added\": {}}]',11,5),(6,'2024-02-01 18:37:36.495766','2','Ausflugspaket object (2)',1,'[{\"added\": {}}]',11,5),(7,'2024-02-01 18:39:20.594157','1','Subpaket object (1)',1,'[{\"added\": {}}]',13,5),(8,'2024-02-01 18:39:29.161819','2','Subpaket object (2)',1,'[{\"added\": {}}]',13,5),(9,'2024-02-01 18:42:52.452793','2','Ausflugspaket object (2)',2,'[]',11,5),(10,'2024-02-01 23:26:13.021025','5','hamburg Bullemer',2,'[{\"changed\": {\"fields\": [\"Arrival date\", \"Planned arrival time\"]}}]',7,5),(11,'2024-02-03 22:07:51.821628','2','A- Ausflugspaket Kanutour',2,'[{\"changed\": {\"fields\": [\"Content\"]}}]',13,5),(12,'2024-02-03 22:08:04.306291','3','B - Ausflugspaket Puffbesuch',1,'[{\"added\": {}}]',13,5),(13,'2024-02-03 22:08:21.510365','4','B - Ausflugspaket Zoo',1,'[{\"added\": {}}]',13,5),(14,'2024-02-13 16:36:17.019720','1','Simple Mail Configuration',2,'[{\"changed\": {\"fields\": [\"Footer\", \"Header background\", \"Body background\", \"Body links\", \"Button content\", \"Button background\", \"Footer content\", \"Footer Link\"]}}]',17,5),(15,'2024-02-13 19:03:56.515552','5','superuser',2,'[{\"changed\": {\"fields\": [\"User permissions\"]}}]',4,5),(16,'2024-02-13 19:04:18.605722','5','superuser',2,'[]',4,5),(17,'2024-02-13 20:16:31.347402','1','Schule ',1,'[{\"added\": {}}]',20,5),(18,'2024-02-13 20:17:44.262337','5','superuser',2,'[{\"changed\": {\"fields\": [\"User permissions\"]}}]',4,5),(19,'2024-02-13 20:21:49.676504','5','superuser',2,'[]',4,5),(20,'2024-02-13 20:29:21.993122','1','schule ',2,'[{\"changed\": {\"fields\": [\"Name\"]}}]',20,5),(21,'2024-02-13 21:40:56.902397','2','Option 1: Windsurf Premium Paket',2,'[{\"changed\": {\"fields\": [\"Bezeichnung\", \"Content\"]}}]',11,5),(22,'2024-02-13 21:42:04.490823','1','Option 2: Wassersport und Freizeit Paket',2,'[{\"changed\": {\"fields\": [\"Bezeichnung\", \"Content\"]}}]',11,5),(23,'2024-02-13 21:42:23.740769','2','Windsurf Premium Paket',2,'[{\"changed\": {\"fields\": [\"Bezeichnung\"]}}]',11,5),(24,'2024-02-13 21:42:29.368964','1','Wassersport und Freizeit Paket',2,'[{\"changed\": {\"fields\": [\"Bezeichnung\"]}}]',11,5),(25,'2024-02-13 21:45:49.359376','5',' VDWS Schein',1,'[{\"added\": {}}]',13,5),(26,'2024-02-13 21:46:51.824183','6',' Radtour',1,'[{\"added\": {}}]',13,5),(27,'2024-02-13 21:47:44.255500','7',' Kletterfelsen',1,'[{\"added\": {}}]',13,5),(28,'2024-02-13 21:48:10.980855','8',' Kanu/SUP',1,'[{\"added\": {}}]',13,5),(29,'2024-02-13 22:01:18.646626','4',' Zoo',3,'',13,5),(30,'2024-02-13 22:01:27.867393','3',' Puffbesuch',3,'',13,5),(31,'2024-02-13 22:14:10.438401','9',' Wismar',1,'[{\"added\": {}}]',13,5),(32,'2024-02-13 22:14:59.297424','10',' Windsurfen / Klettern / Kanu & SUP',1,'[{\"added\": {}}]',13,5),(33,'2024-02-13 22:15:33.699318','11',' Sozial Pädagogische oder H²O Spiele',1,'[{\"added\": {}}]',13,5),(34,'2024-02-13 22:16:22.467838','12',' Windsurfen / Kanu & SUP',1,'[{\"added\": {}}]',13,5),(35,'2024-02-13 22:16:50.200285','13',' Radtour',1,'[{\"added\": {}}]',13,5),(36,'2024-02-13 22:17:17.024301','1',' VDWS Windsurfing',3,'',13,5),(37,'2024-02-14 20:05:21.007346','2','test ',1,'[{\"added\": {}}]',20,5),(38,'2024-02-14 20:05:36.848544','2','test ',2,'[{\"changed\": {\"fields\": [\"HTML content\"]}}]',20,5),(39,'2024-02-14 21:04:22.937572','1','Wassersport und Freizeit Paket',3,'',11,5),(40,'2024-02-14 21:09:29.124109','3','Windsurf Premium Paket',1,'[{\"added\": {}}]',11,5),(41,'2024-02-14 21:10:22.262875','3','Windsurf Premium Paket',3,'',11,5),(42,'2024-02-14 21:10:34.879542','4','Wassersport und Freizeit Paket',1,'[{\"added\": {}}]',11,5),(43,'2024-02-14 21:14:34.994767','13',' Radtour',2,'[{\"changed\": {\"fields\": [\"Ausflugspaket\"]}}]',13,5),(44,'2024-02-14 21:14:41.618871','12',' Windsurfen / Kanu & SUP',2,'[{\"changed\": {\"fields\": [\"Ausflugspaket\"]}}]',13,5),(45,'2024-02-14 21:14:46.044462','11',' Sozial Pädagogische oder H²O Spiele',2,'[{\"changed\": {\"fields\": [\"Ausflugspaket\"]}}]',13,5),(46,'2024-02-14 21:14:50.029324','10',' Windsurfen / Klettern / Kanu & SUP',2,'[{\"changed\": {\"fields\": [\"Ausflugspaket\"]}}]',13,5),(47,'2024-02-14 21:14:54.501837','9',' Wismar',2,'[{\"changed\": {\"fields\": [\"Ausflugspaket\"]}}]',13,5),(48,'2024-02-14 21:14:57.836093','8',' Kanu/SUP',2,'[]',13,5),(49,'2024-02-14 21:15:02.526814','8',' Kanu/SUP',2,'[]',13,5),(50,'2024-02-14 21:15:04.885118','7',' Kletterfelsen',2,'[]',13,5),(51,'2024-02-14 21:15:08.983387','6',' Radtour',2,'[]',13,5),(52,'2024-02-14 21:15:12.879467','5',' VDWS Schein',2,'[]',13,5),(53,'2024-02-17 14:52:44.045025','2',' Kanutour',3,'',13,5),(54,'2024-02-18 16:52:22.984304','1','nicht-uni ',2,'[{\"changed\": {\"fields\": [\"Name\", \"Description\", \"HTML content\"]}}]',20,5),(55,'2024-02-18 16:55:18.086923','2','uni ',2,'[{\"changed\": {\"fields\": [\"Name\", \"Description\", \"Subject\", \"HTML content\"]}}]',20,5),(56,'2024-02-18 16:55:41.562123','1','nicht-uni ',2,'[{\"changed\": {\"fields\": [\"Description\"]}}]',20,5),(57,'2024-02-18 16:55:51.488552','1','nicht-uni ',2,'[{\"changed\": {\"fields\": [\"Description\"]}}]',20,5),(58,'2024-02-18 17:00:30.327810','1','elternbrief',1,'[{\"added\": {}}]',18,5),(59,'2024-02-18 17:28:14.607697','1','nicht-uni ',2,'[{\"changed\": {\"fields\": [\"Subject\"]}}]',20,5),(60,'2024-02-18 18:21:03.837409','1','nicht-uni ',2,'[{\"changed\": {\"fields\": [\"HTML content\"]}}]',20,5),(61,'2024-02-18 18:22:29.885629','1','nicht-uni ',2,'[{\"changed\": {\"fields\": [\"HTML content\"]}}]',20,5),(62,'2024-02-18 18:25:34.786104','1','nicht-uni ',2,'[{\"changed\": {\"fields\": [\"HTML content\"]}}]',20,5),(63,'2024-02-18 18:25:55.143310','2','uni ',2,'[{\"changed\": {\"fields\": [\"HTML content\"]}}]',20,5),(64,'2024-02-18 18:26:49.625705','1','nicht-uni ',2,'[{\"changed\": {\"fields\": [\"HTML content\"]}}]',20,5),(65,'2024-02-18 18:26:58.530977','2','uni ',2,'[{\"changed\": {\"fields\": [\"HTML content\"]}}]',20,5),(66,'2024-02-18 19:22:34.366673','3','sicherheitsmail ',1,'[{\"added\": {}}]',20,5),(67,'2024-02-18 19:23:06.292290','3','sicherheitsmail ',2,'[]',20,5),(68,'2024-02-18 19:32:24.022594','1','nicht-uni ',2,'[{\"changed\": {\"fields\": [\"HTML content\"]}}]',20,5),(69,'2024-02-18 19:35:51.881553','1','nicht-uni ',2,'[{\"changed\": {\"fields\": [\"HTML content\"]}}]',20,5),(70,'2024-02-18 20:01:34.032012','1','nicht-uni ',2,'[{\"changed\": {\"fields\": [\"HTML content\"]}}]',20,5),(71,'2024-02-18 20:07:08.545310','1','nicht-uni ',2,'[{\"changed\": {\"fields\": [\"HTML content\"]}}]',20,5),(72,'2024-02-18 20:11:03.587829','1','nicht-uni ',2,'[{\"changed\": {\"fields\": [\"HTML content\"]}}]',20,5),(73,'2024-02-18 20:12:59.804435','1','nicht-uni ',2,'[{\"changed\": {\"fields\": [\"HTML content\"]}}]',20,5),(74,'2024-02-18 20:16:14.156706','1','nicht-uni ',2,'[{\"changed\": {\"fields\": [\"HTML content\"]}}]',20,5),(75,'2024-02-18 20:17:59.403851','1','nicht-uni ',2,'[{\"changed\": {\"fields\": [\"HTML content\"]}}]',20,5),(76,'2024-02-18 20:19:55.960147','1','nicht-uni ',2,'[{\"changed\": {\"fields\": [\"HTML content\"]}}]',20,5),(77,'2024-02-18 20:23:25.266563','1','nicht-uni ',2,'[{\"changed\": {\"fields\": [\"HTML content\"]}}]',20,5),(78,'2024-02-18 20:30:37.277925','1','nicht-uni ',2,'[{\"changed\": {\"fields\": [\"HTML content\"]}}]',20,5),(79,'2024-02-18 20:43:11.454359','2','uni ',2,'[{\"changed\": {\"fields\": [\"HTML content\"]}}]',20,5),(80,'2024-02-19 16:21:31.772674','5',' VDWS Schein',3,'',13,5),(81,'2024-02-19 17:38:38.322258','13',' Radtour Dauer:3,5 h(nichtbetreut)Kosten:5,-€',2,'[{\"changed\": {\"fields\": [\"Content\"]}}]',13,5),(82,'2024-02-19 17:40:35.374938','13',' Radtour Dauer:3,5 h(nichtbetreut)Kosten:5,-€',2,'[]',13,5),(83,'2024-02-19 19:38:40.373733','14',' Nutzung kostenfreie Angebote -- z.B. Fußball, Volleyball, TT, Set sozial pädagogische Spiele, SP Rally',1,'[{\"added\": {}}]',13,5),(84,'2024-02-19 19:45:25.675863','13',' Radtour -- Dauer: 3,5 h (nicht betreut) Kosten: 5,-€',2,'[{\"changed\": {\"fields\": [\"Content\"]}}]',13,5),(85,'2024-02-19 19:45:32.024010','12',' Windsurfen / Kanu & SUP -- (nicht betreut) Kosten: 10,- €',2,'[{\"changed\": {\"fields\": [\"Content\"]}}]',13,5),(86,'2024-02-19 19:45:41.647645','11',' Sozial Pädagogische oder H²O Spiele -- (betreut) Kosten: 10,- €',2,'[{\"changed\": {\"fields\": [\"Content\"]}}]',13,5),(87,'2024-02-19 19:45:50.005543','10',' Windsurfen / Klettern / Kanu & SUP -- (betreut) Kosten: 15,- €',2,'[{\"changed\": {\"fields\": [\"Content\"]}}]',13,5),(88,'2024-02-19 19:45:57.328202','9',' Wismar -- (nicht betreut) Kosten: 15,- €',2,'[{\"changed\": {\"fields\": [\"Content\"]}}]',13,5),(89,'2024-02-19 19:46:04.000985','8',' Kanu/SUP -- (nicht betreut) Kosten: 5,- €',2,'[{\"changed\": {\"fields\": [\"Content\"]}}]',13,5),(90,'2024-02-19 19:46:08.748359','7',' Kletterfelsen -- (betreut) Kosten: 10,- €',2,'[{\"changed\": {\"fields\": [\"Content\"]}}]',13,5),(91,'2024-02-19 19:46:14.285066','6',' Radtour -- Dauer: 3,5 h (nicht betreut) Kosten: 5,- €',2,'[{\"changed\": {\"fields\": [\"Content\"]}}]',13,5),(92,'2024-02-19 21:44:37.122535','13',' Radtour -- Dauer: 3,5 h (nicht betreut) Kosten: 5 Euro p.P.',2,'[{\"changed\": {\"fields\": [\"Content\"]}}]',13,5),(93,'2024-02-19 21:44:46.237742','12',' Windsurfen / Kanu & SUP -- (nicht betreut) Kosten: 5 Euro p.P.',2,'[{\"changed\": {\"fields\": [\"Content\"]}}]',13,5),(94,'2024-02-19 21:44:51.150938','11',' Sozial Pädagogische oder H²O Spiele -- (betreut) Kosten: 5 Euro p.P.',2,'[{\"changed\": {\"fields\": [\"Content\"]}}]',13,5),(95,'2024-02-19 21:44:56.481872','9',' Wismar -- (nicht betreut) Kosten: 5 Euro p.P.',2,'[{\"changed\": {\"fields\": [\"Content\"]}}]',13,5),(96,'2024-02-19 21:45:03.437401','10',' Windsurfen / Klettern / Kanu & SUP -- (betreut) Kosten: 5 Euro p.P.',2,'[{\"changed\": {\"fields\": [\"Content\"]}}]',13,5),(97,'2024-02-19 21:45:09.860777','8',' Kanu/SUP -- (nicht betreut) Kosten: 5 Euro p.P.',2,'[{\"changed\": {\"fields\": [\"Content\"]}}]',13,5),(98,'2024-02-19 21:45:15.622544','7',' Kletterfelsen -- (betreut) Kosten: 5 Euro p.P.',2,'[{\"changed\": {\"fields\": [\"Content\"]}}]',13,5),(99,'2024-02-19 21:45:24.534157','6',' Radtour -- Dauer: 3,5 h (nicht betreut) Kosten: 5 Euro p.P.',2,'[{\"changed\": {\"fields\": [\"Content\"]}}]',13,5),(100,'2024-02-19 22:23:46.606732','1','nicht-uni ',2,'[{\"changed\": {\"fields\": [\"HTML content\"]}}]',20,5),(101,'2024-02-19 22:23:59.402571','2','uni ',2,'[{\"changed\": {\"fields\": [\"HTML content\"]}}]',20,5);
/*!40000 ALTER TABLE `django_admin_log` ENABLE KEYS */;
UNLOCK TABLES;

--
-- Table structure for table `django_content_type`
--

DROP TABLE IF EXISTS `django_content_type`;
/*!40101 SET @saved_cs_client     = @@character_set_client */;
/*!50503 SET character_set_client = utf8mb4 */;
CREATE TABLE `django_content_type` (
  `id` int NOT NULL AUTO_INCREMENT,
  `app_label` varchar(100) NOT NULL,
  `model` varchar(100) NOT NULL,
  PRIMARY KEY (`id`),
  UNIQUE KEY `django_content_type_app_label_model_76bd3d3b_uniq` (`app_label`,`model`)
) ENGINE=InnoDB AUTO_INCREMENT=22 DEFAULT CHARSET=utf8mb4 COLLATE=utf8mb4_0900_ai_ci;
/*!40101 SET character_set_client = @saved_cs_client */;

--
-- Dumping data for table `django_content_type`
--

LOCK TABLES `django_content_type` WRITE;
/*!40000 ALTER TABLE `django_content_type` DISABLE KEYS */;
INSERT INTO `django_content_type` VALUES (1,'admin','logentry'),(3,'auth','group'),(2,'auth','permission'),(4,'auth','user'),(5,'contenttypes','contenttype'),(8,'guest','guest'),(10,'main','reservation'),(18,'post_office','attachment'),(19,'post_office','email'),(20,'post_office','emailtemplate'),(21,'post_office','log'),(9,'room','room'),(6,'sessions','session'),(16,'simple_mail','simplemail'),(17,'simple_mail','simplemailconfig'),(11,'website','ausflugspaket'),(14,'website','email'),(15,'website','emaillog'),(12,'website','emailtemplate'),(7,'website','record'),(13,'website','subpaket');
/*!40000 ALTER TABLE `django_content_type` ENABLE KEYS */;
UNLOCK TABLES;

--
-- Table structure for table `django_migrations`
--

DROP TABLE IF EXISTS `django_migrations`;
/*!40101 SET @saved_cs_client     = @@character_set_client */;
/*!50503 SET character_set_client = utf8mb4 */;
CREATE TABLE `django_migrations` (
  `id` bigint NOT NULL AUTO_INCREMENT,
  `app` varchar(255) NOT NULL,
  `name` varchar(255) NOT NULL,
  `applied` datetime(6) NOT NULL,
  PRIMARY KEY (`id`)
) ENGINE=InnoDB AUTO_INCREMENT=78 DEFAULT CHARSET=utf8mb4 COLLATE=utf8mb4_0900_ai_ci;
/*!40101 SET character_set_client = @saved_cs_client */;

--
-- Dumping data for table `django_migrations`
--

LOCK TABLES `django_migrations` WRITE;
/*!40000 ALTER TABLE `django_migrations` DISABLE KEYS */;
INSERT INTO `django_migrations` VALUES (1,'contenttypes','0001_initial','2024-01-24 22:49:10.326829'),(2,'auth','0001_initial','2024-01-24 22:49:12.048882'),(3,'admin','0001_initial','2024-01-24 22:49:12.465016'),(4,'admin','0002_logentry_remove_auto_add','2024-01-24 22:49:12.487712'),(5,'admin','0003_logentry_add_action_flag_choices','2024-01-24 22:49:12.502032'),(6,'contenttypes','0002_remove_content_type_name','2024-01-24 22:49:12.735174'),(7,'auth','0002_alter_permission_name_max_length','2024-01-24 22:49:12.919468'),(8,'auth','0003_alter_user_email_max_length','2024-01-24 22:49:12.975196'),(9,'auth','0004_alter_user_username_opts','2024-01-24 22:49:13.006088'),(10,'auth','0005_alter_user_last_login_null','2024-01-24 22:49:13.166239'),(11,'auth','0006_require_contenttypes_0002','2024-01-24 22:49:13.178754'),(12,'auth','0007_alter_validators_add_error_messages','2024-01-24 22:49:13.202618'),(13,'auth','0008_alter_user_username_max_length','2024-01-24 22:49:13.392463'),(14,'auth','0009_alter_user_last_name_max_length','2024-01-24 22:49:13.588444'),(15,'auth','0010_alter_group_name_max_length','2024-01-24 22:49:13.637626'),(16,'auth','0011_update_proxy_permissions','2024-01-24 22:49:13.663266'),(17,'auth','0012_alter_user_first_name_max_length','2024-01-24 22:49:13.870155'),(18,'sessions','0001_initial','2024-01-24 22:49:14.003811'),(25,'website','0001_initial','2024-02-01 11:55:15.235287'),(26,'website','0002_record_organisationtype_record_schoolclass_and_more','2024-02-01 12:40:04.896958'),(27,'website','0003_alter_record_reservation','2024-02-01 12:59:37.338973'),(28,'website','0004_remove_record_id_alter_record_reservation','2024-02-01 13:20:04.802822'),(29,'website','0002_alter_record_id','2024-02-01 13:40:34.280720'),(30,'website','0003_alter_record_id','2024-02-01 13:40:34.449050'),(31,'website','0004_record_uuid_alter_record_id','2024-02-01 13:50:23.523827'),(32,'website','0005_record_traveldetail','2024-02-01 17:08:48.518153'),(33,'website','0006_record_planned_arrival_time','2024-02-01 17:13:20.196983'),(34,'website','0007_record_amount_organizer_female_and_more','2024-02-01 17:31:37.338036'),(35,'website','0008_ausflugspaket_emailtemplate_and_more','2024-02-01 18:27:38.522655'),(36,'website','0009_alter_ausflugspaket_content_and_more','2024-02-01 18:34:56.413787'),(37,'website','0010_alter_ausflugspaket_content_and_more','2024-02-01 18:36:42.322241'),(38,'website','0011_alter_record_amount_organizer_female_and_more','2024-02-01 19:43:22.756218'),(39,'website','0012_alter_record_arrival_date_alter_record_city_and_more','2024-02-01 19:44:38.420431'),(40,'website','0013_record_status','2024-02-01 21:55:08.134553'),(41,'website','0014_alter_record_response_untill','2024-02-01 23:12:28.652545'),(42,'website','0015_alter_record_arrival_date_and_more','2024-02-01 23:27:33.048164'),(43,'website','0016_alter_record_initals_alter_record_schoolclass_and_more','2024-02-02 21:37:55.881810'),(44,'website','0017_remove_record_ausflugspaket_record_ausflugspaket','2024-02-02 23:02:33.650227'),(45,'website','0018_remove_record_ausflugspaket_record_ausflugspaket','2024-02-03 15:31:06.202389'),(46,'website','0019_record_subpakete','2024-02-03 21:50:30.624418'),(47,'website','0020_rename_subpakete_record_subpaket','2024-02-03 22:31:03.437575'),(48,'website','0021_email_alter_record_subpaket','2024-02-07 12:13:26.030829'),(49,'website','0022_emaillog_remove_emailtemplate_bezeichnung_and_more','2024-02-12 17:58:09.647116'),(50,'website','0023_record_remark_client','2024-02-12 18:51:09.793968'),(51,'website','0024_alter_record_organisation','2024-02-12 19:57:34.759896'),(52,'website','0025_delete_email_delete_emaillog_delete_emailtemplate','2024-02-13 15:54:45.533393'),(53,'simple_mail','0001_initial','2024-02-13 16:05:50.808989'),(54,'simple_mail','0002_alter_simplemail_banner_alter_simplemail_id_and_more','2024-02-13 16:05:51.192778'),(55,'post_office','0001_initial','2024-02-13 19:30:04.600037'),(56,'post_office','0002_add_i18n_and_backend_alias','2024-02-13 19:30:05.014716'),(57,'post_office','0003_longer_subject','2024-02-13 19:30:05.067300'),(58,'post_office','0004_auto_20160607_0901','2024-02-13 19:30:05.131417'),(59,'post_office','0005_auto_20170515_0013','2024-02-13 19:30:05.243640'),(60,'post_office','0006_attachment_mimetype','2024-02-13 19:30:05.336334'),(61,'post_office','0007_auto_20170731_1342','2024-02-13 19:30:05.352778'),(62,'post_office','0008_attachment_headers','2024-02-13 19:30:05.416336'),(63,'post_office','0009_requeued_mode','2024-02-13 19:30:05.727839'),(64,'post_office','0010_message_id','2024-02-13 19:30:05.814527'),(65,'post_office','0011_models_help_text','2024-02-13 19:30:05.831320'),(66,'website','0026_alter_record_status','2024-02-14 16:54:38.857913'),(67,'website','0027_record_vdws_schein','2024-02-14 21:08:25.063751'),(68,'website','0028_alter_record_vdws_schein','2024-02-17 15:27:05.121949'),(69,'website','0029_record_planned_depature_time','2024-02-17 16:07:14.110996'),(70,'website','0030_rename_planned_depature_time_record_planned_departure_time','2024-02-17 16:15:29.850256'),(71,'website','0031_alter_record_organisationtype_and_more','2024-02-18 16:29:05.909813'),(72,'website','0032_alter_record_organisationtype','2024-02-18 16:34:09.604872'),(73,'website','0033_alter_record_status','2024-02-19 14:41:07.761726'),(74,'website','0034_alter_record_traveldetail','2024-02-19 15:55:18.689127'),(75,'website','0035_record_created_by','2024-02-19 21:27:37.207449'),(76,'website','0036_alter_record_amount_organizer_female_and_more','2024-02-19 21:46:50.256441'),(77,'website','0037_alter_record_amount_organizer_female_and_more','2024-02-19 22:12:42.440895');
/*!40000 ALTER TABLE `django_migrations` ENABLE KEYS */;
UNLOCK TABLES;

--
-- Table structure for table `django_session`
--

DROP TABLE IF EXISTS `django_session`;
/*!40101 SET @saved_cs_client     = @@character_set_client */;
/*!50503 SET character_set_client = utf8mb4 */;
CREATE TABLE `django_session` (
  `session_key` varchar(40) NOT NULL,
  `session_data` longtext NOT NULL,
  `expire_date` datetime(6) NOT NULL,
  PRIMARY KEY (`session_key`),
  KEY `django_session_expire_date_a5c62663` (`expire_date`)
) ENGINE=InnoDB DEFAULT CHARSET=utf8mb4 COLLATE=utf8mb4_0900_ai_ci;
/*!40101 SET character_set_client = @saved_cs_client */;

--
-- Dumping data for table `django_session`
--

LOCK TABLES `django_session` WRITE;
/*!40000 ALTER TABLE `django_session` DISABLE KEYS */;
INSERT INTO `django_session` VALUES ('1nkb8ocovq6stu7nmwc5bm644l7efegi','.eJxVjEEOwiAQRe_C2hBmFAGX7nuGZmAGqRpISrsy3l2bdKHb_977LzXSupRx7TKPE6uLsurwu0VKD6kb4DvVW9Op1WWeot4UvdOuh8byvO7u30GhXr415IwmeCs5GMt8MoBEEIPPUQRQICWykQA8GMR0NAzkzuwhIKJzrN4f7S43tA:1rSyS5:ZpP3w130ogDlTRF9yAaL-W4eiy_zJNps5GahyxQZjZ0','2024-02-08 12:03:25.492810'),('2qekuzh0sibz4kqkw17b0wvfvj66tnkx','e30:1rT9DZ:8mbsK7G7ns9IdlkuzSz9QI4VaFuT0speqXnElk_hgOQ','2024-02-08 23:33:09.252454'),('7mxjzpgl41uve575abr6tx03jh3xim8k','.eJxVjEEOwiAQRe_C2hBmFAGX7nuGZmAGqRpISrsy3l2bdKHb_977LzXSupRx7TKPE6uLsurwu0VKD6kb4DvVW9Op1WWeot4UvdOuh8byvO7u30GhXr415IwmeCs5GMt8MoBEEIPPUQRQICWykQA8GMR0NAzkzuwhIKJzrN4f7S43tA:1rcAMR:GgprQFdryMU8zUipsPewIyrPDPaJNfraogWNFuwYOkg','2024-03-04 20:35:35.172964'),('7zbdhpflpsbd2zy8haga6r9w5wukadfe','.eJxVjEEOwiAQRe_C2hBmFAGX7nuGZmAGqRpISrsy3l2bdKHb_977LzXSupRx7TKPE6uLsurwu0VKD6kb4DvVW9Op1WWeot4UvdOuh8byvO7u30GhXr415IwmeCs5GMt8MoBEEIPPUQRQICWykQA8GMR0NAzkzuwhIKJzrN4f7S43tA:1rc9jE:UJcy6k25HtUnnT_SwwZnJHe-F1VAy_tUugfJyfKqSIU','2024-03-04 19:55:04.295301'),('aeagxvxtz9aj4ewxazgug1muf9obdzjo','.eJxVjEEOwiAQRe_C2hBmFAGX7nuGZmAGqRpISrsy3l2bdKHb_977LzXSupRx7TKPE6uLsurwu0VKD6kb4DvVW9Op1WWeot4UvdOuh8byvO7u30GhXr415IwmeCs5GMt8MoBEEIPPUQRQICWykQA8GMR0NAzkzuwhIKJzrN4f7S43tA:1rc38s:KpGhV0aixD2LmTqvHBxfqfYEBU7gUI6oP_cbRu8C9jA','2024-03-04 12:53:06.207430'),('cabol6041qnocnskrkmo98yw4su8qi8m','.eJxVjEEOwiAQRe_C2hBmFAGX7nuGZmAGqRpISrsy3l2bdKHb_977LzXSupRx7TKPE6uLsurwu0VKD6kb4DvVW9Op1WWeot4UvdOuh8byvO7u30GhXr415IwmeCs5GMt8MoBEEIPPUQRQICWykQA8GMR0NAzkzuwhIKJzrN4f7S43tA:1raEyf:mAPOUQgXSM_3mqi-Mg5U7_3Rt1l9k1xDT73HdDd_Y0M','2024-02-28 13:07:05.014265'),('ghxmk3xybw839xm3ourrz1mt4kmg227a','e30:1rT9HO:TEl2nmHs5oEEcA-o6mbMeFeDyNBzdeeXoj_RwKV4Yiw','2024-02-08 23:37:06.122819'),('gviwde4dq4uuip03a7peqx8640nhzami','e30:1rT9KB:62hrRTbiZBrwmlzAtCw5Y-0kRusP3qYpF2-_V-eqaB8','2024-02-08 23:39:59.545512'),('hhs519fztiv42fvgxhx797uo33zjd88a','.eJxVjEEOwiAQRe_C2hBmFAGX7nuGZmAGqRpISrsy3l2bdKHb_977LzXSupRx7TKPE6uLsurwu0VKD6kb4DvVW9Op1WWeot4UvdOuh8byvO7u30GhXr415IwmeCs5GMt8MoBEEIPPUQRQICWykQA8GMR0NAzkzuwhIKJzrN4f7S43tA:1rc5Pl:1gixacUibHK_60jX_14HXfjQFo6-gbeLV_cpalkw4Bw','2024-03-04 15:18:41.447319'),('i0bkgs46efaxu8xpgabsafo0p4wzeave','.eJxVjEEOwiAQRe_C2hBmFAGX7nuGZmAGqRpISrsy3l2bdKHb_977LzXSupRx7TKPE6uLsurwu0VKD6kb4DvVW9Op1WWeot4UvdOuh8byvO7u30GhXr415IwmeCs5GMt8MoBEEIPPUQRQICWykQA8GMR0NAzkzuwhIKJzrN4f7S43tA:1rVhJc:XtUvnKE3UJBxyOLpQqSudCBysx00kTsTO9GskYo-wsw','2024-02-16 00:21:56.277275'),('ikijip6vkztghko4r7bm2fbir39o3s60','e30:1rVVYS:owGoCMPe8fYFe0o3PgwOybkusRi_btoXXJNRpVq2JX4','2024-02-15 11:48:28.362947'),('k4apazbeckkb7rdhav2pdfxhttha4t7z','e30:1rVVPL:iO3lj-g7VBLePt1pwqVR2mlcF9MRW2rXQoK0Q99Hv08','2024-02-15 11:39:03.297839'),('pus455tr17qlv318cg49qgd0lpc0mihn','e30:1rT9Vv:G0fzzcp1wSeiByho87KlnzeToXJpzanG4Egd8viku1s','2024-02-08 23:52:07.176617'),('rf2oeaqtoc8r5ms42ci2mlyi9e9ralc6','e30:1rT9N8:wggZbYR8BONhtDtTxv7JRNKp1y8FKW8b9jJdKdbvJw4','2024-02-08 23:43:02.071484'),('v01tebtz1ig4a3k8kgpfkxngu7u1atbk','.eJxVjEEOwiAQRe_C2hBmFAGX7nuGZmAGqRpISrsy3l2bdKHb_977LzXSupRx7TKPE6uLsurwu0VKD6kb4DvVW9Op1WWeot4UvdOuh8byvO7u30GhXr415IwmeCs5GMt8MoBEEIPPUQRQICWykQA8GMR0NAzkzuwhIKJzrN4f7S43tA:1rVVZ8:OxGWBtS24_N-pZQSUgHJ0rSSzoa5sWaop6kWNuR1Bxg','2024-02-15 11:49:10.307640'),('v2ewyc8farxfo4u2znr257nqby4see7q','.eJxVjEEOwiAQRe_C2hBmFAGX7nuGZmAGqRpISrsy3l2bdKHb_977LzXSupRx7TKPE6uLsurwu0VKD6kb4DvVW9Op1WWeot4UvdOuh8byvO7u30GhXr415IwmeCs5GMt8MoBEEIPPUQRQICWykQA8GMR0NAzkzuwhIKJzrN4f7S43tA:1rcAMm:mHWhnwsjftydCrGEJoDwhSji-Pbhx5Nzw7KY5XNf3wQ','2024-03-04 20:35:56.082440'),('vc5zrsgxieo35jckxb6993mvby4ds96m','e30:1rT9WT:EXE0lDWrojvuk5RrkbyY7Iv2Ldr6M2FqqdYIjEVgtE0','2024-02-08 23:52:41.100863');
/*!40000 ALTER TABLE `django_session` ENABLE KEYS */;
UNLOCK TABLES;

--
-- Table structure for table `post_office_attachment`
--

DROP TABLE IF EXISTS `post_office_attachment`;
/*!40101 SET @saved_cs_client     = @@character_set_client */;
/*!50503 SET character_set_client = utf8mb4 */;
CREATE TABLE `post_office_attachment` (
  `id` int NOT NULL AUTO_INCREMENT,
  `file` varchar(100) NOT NULL,
  `name` varchar(255) NOT NULL,
  `mimetype` varchar(255) NOT NULL,
  `headers` json DEFAULT NULL,
  PRIMARY KEY (`id`)
) ENGINE=InnoDB AUTO_INCREMENT=317 DEFAULT CHARSET=utf8mb4 COLLATE=utf8mb4_0900_ai_ci;
/*!40101 SET character_set_client = @saved_cs_client */;

--
-- Dumping data for table `post_office_attachment`
--

LOCK TABLES `post_office_attachment` WRITE;
/*!40000 ALTER TABLE `post_office_attachment` DISABLE KEYS */;
INSERT INTO `post_office_attachment` VALUES (1,'post_office_attachments/2024/2/18/c235f014847048758e37846fb4028e03.pdf','elternbrief','',NULL),(2,'post_office_attachments/2024/2/18/37a8c42ea4564a788da9d834edae563c.pdf','elternbrief.pdf','',NULL),(3,'post_office_attachments/2024/2/18/b830791579f64f3ca9e0d281e115dc4b.pdf','elternbrief.pdf','',NULL),(4,'post_office_attachments/2024/2/18/639c65a48ef14b2f9e393322a64fe73c.pdf','elternbrief.pdf','',NULL),(5,'post_office_attachments/2024/2/18/fd1db50c548c4ca2b38685af6e9149a3.pdf','faq.pdf','',NULL),(6,'post_office_attachments/2024/2/18/34890d8a649d4bb3a94906b7bcf9995c.pdf','hausordnung.pdf','',NULL),(7,'post_office_attachments/2024/2/18/6c9b2f3da5574ffe87ba4394323d2f54.pdf','kletterfelsenteilnahme.pdf','',NULL),(8,'post_office_attachments/2024/2/18/f16c87e97ca249ee855b0063db3b50f7.docx','teilnehmerliste.docx','',NULL),(9,'post_office_attachments/2024/2/18/94b8b4117506441ea5dc0e579513e532.pdf','elternbrief.pdf','',NULL),(10,'post_office_attachments/2024/2/18/39ac57a3d1c24e229c33c70b8e2cfa96.pdf','faq.pdf','',NULL),(11,'post_office_attachments/2024/2/18/ef74b1af84824dd796323405a731202b.pdf','hausordnung.pdf','',NULL),(12,'post_office_attachments/2024/2/18/d66fe266d8d443299da464780fbb1330.pdf','kletterfelsenteilnahme.pdf','',NULL),(13,'post_office_attachments/2024/2/18/baeaa5ce443e4d1da84632b9c5db7a46.docx','teilnehmerliste.docx','',NULL),(14,'post_office_attachments/2024/2/18/4261ee29b9c9487d8207299855bca6aa.pdf','reiseinfos1.pdf','',NULL),(15,'post_office_attachments/2024/2/18/f871ec58b89b4b74a216752d837bdbd3.pdf','elternbrief.pdf','',NULL),(16,'post_office_attachments/2024/2/18/6ba2d8e3b33545f1a57e97f7cc7bcca3.pdf','faq.pdf','',NULL),(17,'post_office_attachments/2024/2/18/cbc9d01a00784fc697806f5c1d146d80.pdf','hausordnung.pdf','',NULL),(18,'post_office_attachments/2024/2/18/eaacda96d78b4d53b82677c472795e21.pdf','kletterfelsenteilnahme.pdf','',NULL),(19,'post_office_attachments/2024/2/18/3f9c35f45d3847cd9eddcd4ca007c5a5.docx','teilnehmerliste.docx','',NULL),(20,'post_office_attachments/2024/2/18/376f39f7ab8847758f16253e2a372720.pdf','reiseinfos1.pdf','',NULL),(21,'post_office_attachments/2024/2/18/2f904e586ed24c5c8e0a9a14cd4b183c.pdf','elternbrief.pdf','',NULL),(22,'post_office_attachments/2024/2/18/66e6962ec1274776aca7ae0db925f1b8.pdf','faq.pdf','',NULL),(23,'post_office_attachments/2024/2/18/aa5c7965469a4b2793b0fe975670d8ce.pdf','hausordnung.pdf','',NULL),(24,'post_office_attachments/2024/2/18/9bb283d1221a43cf9a686c78cb51be0b.pdf','kletterfelsenteilnahme.pdf','',NULL),(25,'post_office_attachments/2024/2/18/11278ebd0da540aaa54d579ceb53f252.docx','teilnehmerliste.docx','',NULL),(26,'post_office_attachments/2024/2/18/f4b48014e1d142809e5e69666fafa94c.pdf','reiseinfos1.pdf','',NULL),(27,'post_office_attachments/2024/2/18/dce28dc2c68f4e8da7cfd7310654a3e3.pdf','elternbrief.pdf','',NULL),(28,'post_office_attachments/2024/2/18/f809cf56150c4666b45693365223479a.pdf','faq.pdf','',NULL),(29,'post_office_attachments/2024/2/18/febc8bc2d2e944dbb8f47628b8886d3b.pdf','hausordnung.pdf','',NULL),(30,'post_office_attachments/2024/2/18/d17da4e8e71d4be98f2ec79c9fe6402f.pdf','kletterfelsenteilnahme.pdf','',NULL),(31,'post_office_attachments/2024/2/18/03e9312d981447e39af71fe7bbbbeff1.docx','teilnehmerliste.docx','',NULL),(32,'post_office_attachments/2024/2/18/1a8c285beb4248a9b1509e822a1d6ec7.pdf','reiseinfos1.pdf','',NULL),(33,'post_office_attachments/2024/2/18/cc6058a887654b0ca012d7d6c9d77b45.pdf','elternbrief.pdf','',NULL),(34,'post_office_attachments/2024/2/18/d97077cf06a44794ad354c51a62bbf0e.pdf','faq.pdf','',NULL),(35,'post_office_attachments/2024/2/18/8dc7ead1eb074d0fbfcb8ac1b459fb82.pdf','hausordnung.pdf','',NULL),(36,'post_office_attachments/2024/2/18/950a29b89b044fd18fa6a8dd7d395299.pdf','kletterfelsenteilnahme.pdf','',NULL),(37,'post_office_attachments/2024/2/18/b46cfe14044b4d73865d0adc4903c835.docx','teilnehmerliste.docx','',NULL),(38,'post_office_attachments/2024/2/18/67bf9b826b884b52985554007708ea67.pdf','reiseinfos1.pdf','',NULL),(39,'post_office_attachments/2024/2/18/041b5889bb7b4d1cbd3bd76e6086f67b.pdf','elternbrief.pdf','',NULL),(40,'post_office_attachments/2024/2/18/7e443b68e2d24788b9e624dca2ebd853.pdf','faq.pdf','',NULL),(41,'post_office_attachments/2024/2/18/ebdb3a7d356e469a98000283a3dcc940.pdf','hausordnung.pdf','',NULL),(42,'post_office_attachments/2024/2/18/342e6a1c0d8449b5907f522f251ae1de.pdf','kletterfelsenteilnahme.pdf','',NULL),(43,'post_office_attachments/2024/2/18/b07ccb0451534db18e6302ce9498b417.docx','teilnehmerliste.docx','',NULL),(44,'post_office_attachments/2024/2/18/f1697ef8bd794f88b25e7e702d056e25.pdf','reiseinfos1.pdf','',NULL),(45,'post_office_attachments/2024/2/18/746d4803334f4617959550f662359f28.pdf','busplan.pdf','',NULL),(46,'post_office_attachments/2024/2/18/4f7b74c9fad6498fbe8a091bf551601b.pdf','elternbrief.pdf','',NULL),(47,'post_office_attachments/2024/2/18/c7259ee5ab694d36baec9e60d0f833e4.pdf','faq.pdf','',NULL),(48,'post_office_attachments/2024/2/18/b72fc059724e44d6913b663b30f5d736.pdf','hausordnung.pdf','',NULL),(49,'post_office_attachments/2024/2/18/9ae61cc5e3ca41538d680d2d1a32e0f2.pdf','kletterfelsenteilnahme.pdf','',NULL),(50,'post_office_attachments/2024/2/18/3694cdcc9cc04e4ebc38dc5ccf89b202.docx','teilnehmerliste.docx','',NULL),(51,'post_office_attachments/2024/2/18/75401d242c984f2684a96f9c65b60960.pdf','reiseinfos1.pdf','',NULL),(52,'post_office_attachments/2024/2/18/1eecd1066c004a4ca1b133c0ff11a608.pdf','busplan.pdf','',NULL),(53,'post_office_attachments/2024/2/18/945f343211eb4f5d8ab060bab7934b13.pdf','elternbrief.pdf','',NULL),(54,'post_office_attachments/2024/2/18/eec2c23fef0f44378fed829ef28cdffc.pdf','faq.pdf','',NULL),(55,'post_office_attachments/2024/2/18/a44e4299fbaf4716ae539b007a9a927d.pdf','hausordnung.pdf','',NULL),(56,'post_office_attachments/2024/2/18/822d0707065e45e9a86c070306b23582.pdf','kletterfelsenteilnahme.pdf','',NULL),(57,'post_office_attachments/2024/2/18/ca27020c0bde498eafcc10bb0a376fd8.docx','teilnehmerliste.docx','',NULL),(58,'post_office_attachments/2024/2/18/29e3efaabde046f0b617f721df8e618a.pdf','reiseinfos1.pdf','',NULL),(59,'post_office_attachments/2024/2/18/fcc614bb663146fda627b119386134b2.pdf','busplan.pdf','',NULL),(60,'post_office_attachments/2024/2/18/683c2186adb24037954f7de55ce6debe.pdf','elternbrief.pdf','',NULL),(61,'post_office_attachments/2024/2/18/800ebe3b92e74937b242432db29a4978.pdf','faq.pdf','',NULL),(62,'post_office_attachments/2024/2/18/9f0d6fb3e3ef48bbbb38f98f230fbb61.pdf','hausordnung.pdf','',NULL),(63,'post_office_attachments/2024/2/18/edc45e2b5382475fa564c6535b06975b.pdf','kletterfelsenteilnahme.pdf','',NULL),(64,'post_office_attachments/2024/2/18/70c9c54ecff246c790fb6b94a9d90d2a.docx','teilnehmerliste.docx','',NULL),(65,'post_office_attachments/2024/2/18/6b06ec172d0b4d92b3d834b0107dc1d3.pdf','reiseinfos1.pdf','',NULL),(66,'post_office_attachments/2024/2/18/ad8e49bacea143588348273d17486cc4.pdf','busplan.pdf','',NULL),(67,'post_office_attachments/2024/2/18/0566b098c9524be5af8692595a5ddbe9.pdf','elternbrief.pdf','',NULL),(68,'post_office_attachments/2024/2/18/104c5623d1ed451985f7019c1b65b802.pdf','faq.pdf','',NULL),(69,'post_office_attachments/2024/2/18/03d3aad529784d42b1ec363e001bab58.pdf','hausordnung.pdf','',NULL),(70,'post_office_attachments/2024/2/18/576d130aa5084cb08e41923a244cfc4e.pdf','kletterfelsenteilnahme.pdf','',NULL),(71,'post_office_attachments/2024/2/18/db2d7f99d176436fb40c2d9fef1bd37c.docx','teilnehmerliste.docx','',NULL),(72,'post_office_attachments/2024/2/18/08c2cb6ace8342c1b69c369b08f9eec3.pdf','reiseinfos1.pdf','',NULL),(73,'post_office_attachments/2024/2/18/fbf74548ae504a799d8dd50f95b83697.pdf','busplan.pdf','',NULL),(74,'post_office_attachments/2024/2/18/0a1c676822db41b99ea972b849779d85.pdf','elternbrief.pdf','',NULL),(75,'post_office_attachments/2024/2/18/b8d03ed299fa4a448a20524db8b12b04.pdf','faq.pdf','',NULL),(76,'post_office_attachments/2024/2/18/085c76819c554def9596c06b2a09845c.pdf','hausordnung.pdf','',NULL),(77,'post_office_attachments/2024/2/18/9f8920cf4b5648c5b997773defed95de.pdf','kletterfelsenteilnahme.pdf','',NULL),(78,'post_office_attachments/2024/2/18/814d50fa8b79467fb3caf3030a8dba43.docx','teilnehmerliste.docx','',NULL),(79,'post_office_attachments/2024/2/18/17443f128bb74eb0bc817071df22a5fe.pdf','reiseinfos1.pdf','',NULL),(80,'post_office_attachments/2024/2/18/926cb36601a74c21a679dc0bf8463837.pdf','busplan.pdf','',NULL),(81,'post_office_attachments/2024/2/18/d242049bf1f54f7c8a33178a16cc548e.pdf','elternbrief.pdf','',NULL),(82,'post_office_attachments/2024/2/18/0901865da9e140d0872df4d2b527b420.pdf','faq.pdf','',NULL),(83,'post_office_attachments/2024/2/18/4ecb52f675d54bbc96b00cfcf9106b6d.pdf','hausordnung.pdf','',NULL),(84,'post_office_attachments/2024/2/18/17c8edbc327c44018040b890b6ae7fc0.pdf','kletterfelsenteilnahme.pdf','',NULL),(85,'post_office_attachments/2024/2/18/7b12c3f1484d4a06a22716eef7543db7.docx','teilnehmerliste.docx','',NULL),(86,'post_office_attachments/2024/2/18/3fdae489fc39403abd4e855ca6b16d17.pdf','reiseinfos1.pdf','',NULL),(87,'post_office_attachments/2024/2/18/3ba1ba8d8fe04a15806f43afefe92401.pdf','busplan.pdf','',NULL),(88,'post_office_attachments/2024/2/18/8ffda5e87e33479ab0c2d30ce4447ec5.pdf','elternbrief.pdf','',NULL),(89,'post_office_attachments/2024/2/18/5d162443d391417cb2f54274fb5ccf7b.pdf','faq.pdf','',NULL),(90,'post_office_attachments/2024/2/18/f206e1b9902448c9ada6939a32e23cfe.pdf','hausordnung.pdf','',NULL),(91,'post_office_attachments/2024/2/18/ef6a10d581fd49c6b452b8569fd75231.pdf','kletterfelsenteilnahme.pdf','',NULL),(92,'post_office_attachments/2024/2/18/84cb41fa56ce44f99e96b7f0ba363d3d.docx','teilnehmerliste.docx','',NULL),(93,'post_office_attachments/2024/2/18/d6f0429354af4c44be9e29115ce53d55.pdf','reiseinfos1.pdf','',NULL),(94,'post_office_attachments/2024/2/18/4c7556fb73aa403f9b510fd0d316b69f.pdf','busplan.pdf','',NULL),(95,'post_office_attachments/2024/2/18/d4c972c1b4894fc18c8a73df2469ed33.pdf','elternbrief.pdf','',NULL),(96,'post_office_attachments/2024/2/18/a4ee41e6b8394dfd8e8641fdcb6b18e4.pdf','faq.pdf','',NULL),(97,'post_office_attachments/2024/2/18/1cbf17d5676b40779f4452001dd91b94.pdf','hausordnung.pdf','',NULL),(98,'post_office_attachments/2024/2/18/9f62159033fb4f22b6eb55e3e2b8f069.pdf','kletterfelsenteilnahme.pdf','',NULL),(99,'post_office_attachments/2024/2/18/51ea2f45f4624bf5a050c668b9bf67e1.docx','teilnehmerliste.docx','',NULL),(100,'post_office_attachments/2024/2/18/a5dd7ba51c914a6cbcc8b41299204f0e.pdf','reiseinfos1.pdf','',NULL),(101,'post_office_attachments/2024/2/18/54bc40a8c59c4446add1cac1fe30028c.pdf','busplan.pdf','',NULL),(102,'post_office_attachments/2024/2/18/e41e72c4178a4c4b9f1fe9d30f4b1e0d.pdf','elternbrief.pdf','',NULL),(103,'post_office_attachments/2024/2/18/23733d12128a468eaa3a595a714c9d96.pdf','faq.pdf','',NULL),(104,'post_office_attachments/2024/2/18/43b1af78314b46dca9ed200b5e96ee7e.pdf','hausordnung.pdf','',NULL),(105,'post_office_attachments/2024/2/18/2334e0a5b3eb466fbdca1348433dfb65.pdf','kletterfelsenteilnahme.pdf','',NULL),(106,'post_office_attachments/2024/2/18/5583c09e0ee0490f8fb23e008f04c872.docx','teilnehmerliste.docx','',NULL),(107,'post_office_attachments/2024/2/18/05d36aea07c64479b0eceb72618a8ca4.pdf','reiseinfos1.pdf','',NULL),(108,'post_office_attachments/2024/2/18/8597d9306f454d4696d5c776b0ba3cd3.pdf','busplan.pdf','',NULL),(109,'post_office_attachments/2024/2/18/5790aa021fd54491af5ad491b32175d2.pdf','elternbrief.pdf','',NULL),(110,'post_office_attachments/2024/2/18/40e337e6aef4402194f5a0f66b89bdb8.pdf','faq.pdf','',NULL),(111,'post_office_attachments/2024/2/18/a2571081aeef4d11aeb83cb67d2b0d54.pdf','hausordnung.pdf','',NULL),(112,'post_office_attachments/2024/2/18/260eb05415ad4ddfa27c5b127b58ac7e.pdf','kletterfelsenteilnahme.pdf','',NULL),(113,'post_office_attachments/2024/2/18/6be3ef52f65f404b9168991d42bcf874.docx','teilnehmerliste.docx','',NULL),(114,'post_office_attachments/2024/2/18/afca69e89d57459699424bcd8fe41242.pdf','reiseinfos1.pdf','',NULL),(115,'post_office_attachments/2024/2/18/58d50ec79f984f3d9852ef7f3423b3f3.pdf','busplan.pdf','',NULL),(116,'post_office_attachments/2024/2/18/600e4360e4ab45118bbb942975fb29ed.pdf','elternbrief.pdf','',NULL),(117,'post_office_attachments/2024/2/18/20030d25bb364157aae595bae7cf7709.pdf','faq.pdf','',NULL),(118,'post_office_attachments/2024/2/18/b4d0c441994546668e5c4e9d3aed1ad9.pdf','hausordnung.pdf','',NULL),(119,'post_office_attachments/2024/2/18/a19fb688b820430f83a67cb0ba7ed7e0.pdf','kletterfelsenteilnahme.pdf','',NULL),(120,'post_office_attachments/2024/2/18/cc7928ec09e8499598f2b59792a5fbc0.docx','teilnehmerliste.docx','',NULL),(121,'post_office_attachments/2024/2/18/e4cef6992ea44bccb4482d7351fc92fa.pdf','reiseinfos1.pdf','',NULL),(122,'post_office_attachments/2024/2/18/140dab87c10f4100b556bdde880ec46e.pdf','busplan.pdf','',NULL),(123,'post_office_attachments/2024/2/18/bcd8553c10f5464bba591e6608079cfd.pdf','elternbrief.pdf','',NULL),(124,'post_office_attachments/2024/2/18/e2fd7fdb36bb4021a3bc0e6fbf7179b2.pdf','faq.pdf','',NULL),(125,'post_office_attachments/2024/2/18/dce1f88f06d14fd9bd9d53fe34735d57.pdf','hausordnung.pdf','',NULL),(126,'post_office_attachments/2024/2/18/59f616684fda4e55ad63c2f3b0e68887.pdf','kletterfelsenteilnahme.pdf','',NULL),(127,'post_office_attachments/2024/2/18/6e42f8c1c4094378a9fca1f33a6b0e2d.docx','teilnehmerliste.docx','',NULL),(128,'post_office_attachments/2024/2/18/df6ac8e14ca14470a53765156a0c179f.pdf','reiseinfos1.pdf','',NULL),(129,'post_office_attachments/2024/2/18/6f95ca2b83e04695b5c82a7a773d6694.pdf','busplan.pdf','',NULL),(130,'post_office_attachments/2024/2/18/6664a6152c97433aa6565e83bfe4e709.pdf','elternbrief.pdf','',NULL),(131,'post_office_attachments/2024/2/18/14198e37bd3748d593b150c1d50ac82a.pdf','faq.pdf','',NULL),(132,'post_office_attachments/2024/2/18/1ffba6b1df6a4d8abe2909f3defd69a6.pdf','hausordnung.pdf','',NULL),(133,'post_office_attachments/2024/2/18/c6f92ab169704fea88dc07e826335271.pdf','kletterfelsenteilnahme.pdf','',NULL),(134,'post_office_attachments/2024/2/18/214dfb60c9194f0a8863bea298f0663b.docx','teilnehmerliste.docx','',NULL),(135,'post_office_attachments/2024/2/18/7f3df2177d3a4e7b8020815eae1bd8b1.pdf','reiseinfos2.pdf','',NULL),(136,'post_office_attachments/2024/2/18/80a1fd2a2e2744ab82407b116a94efaf.pdf','busplan.pdf','',NULL),(137,'post_office_attachments/2024/2/18/b412c7ef6b534f47839b12085162b4a8.pdf','elternbrief.pdf','',NULL),(138,'post_office_attachments/2024/2/18/d1111d53ed9e41059200e3d51d2cc267.pdf','faq.pdf','',NULL),(139,'post_office_attachments/2024/2/18/47dfba56281447f4a0d3c88cb6410655.pdf','hausordnung.pdf','',NULL),(140,'post_office_attachments/2024/2/18/097bb9d315394b04b48be5f7d70dd89b.pdf','kletterfelsenteilnahme.pdf','',NULL),(141,'post_office_attachments/2024/2/18/a285adad114b49719ddd5cd533908ad0.docx','teilnehmerliste.docx','',NULL),(142,'post_office_attachments/2024/2/18/f4f74a086dce439fafa096ce2e872bd0.pdf','reiseinfos2.pdf','',NULL),(143,'post_office_attachments/2024/2/18/43adb4a8234d4d8793b1d22f059c6b75.pdf','busplan.pdf','',NULL),(144,'post_office_attachments/2024/2/18/b996253cc200492f876916b0fc50ca6c.pdf','elternbrief.pdf','',NULL),(145,'post_office_attachments/2024/2/18/1a8be13811c3491abc9502b7e112812d.pdf','faq.pdf','',NULL),(146,'post_office_attachments/2024/2/18/68b25d93db78411883d50169a10592d0.pdf','hausordnung.pdf','',NULL),(147,'post_office_attachments/2024/2/18/32575f9691854436bf8280aabaa8ad51.pdf','kletterfelsenteilnahme.pdf','',NULL),(148,'post_office_attachments/2024/2/18/35afebb2fb7147dfbfb737a3467bf660.docx','teilnehmerliste.docx','',NULL),(149,'post_office_attachments/2024/2/18/ef72bd881c0a435eac8c12e9558845cf.pdf','reiseinfos1.pdf','',NULL),(150,'post_office_attachments/2024/2/18/4c0dd8be498d40919dc2c51291bb0902.pdf','elternbrief.pdf','',NULL),(151,'post_office_attachments/2024/2/18/feab0d615b1748df9b719cc21e4ea04a.pdf','faq.pdf','',NULL),(152,'post_office_attachments/2024/2/18/e2a13aaeccd341f4b070c6dd93b803bb.pdf','hausordnung.pdf','',NULL),(153,'post_office_attachments/2024/2/18/c4d2cdf2029b4c00a328f2a11da2c710.pdf','kletterfelsenteilnahme.pdf','',NULL),(154,'post_office_attachments/2024/2/18/1b9fb9eb156e43c8b73a87c114180d8c.docx','teilnehmerliste.docx','',NULL),(155,'post_office_attachments/2024/2/18/41bf1b1c1a1d42a08962236401d9683c.pdf','reiseinfos1.pdf','',NULL),(156,'post_office_attachments/2024/2/18/daf8e4269d4d4b17a6339ba9ad2f06ec.pdf','elternbrief.pdf','',NULL),(157,'post_office_attachments/2024/2/18/f0e64d80af2f47349a2850ed66f9678e.pdf','faq.pdf','',NULL),(158,'post_office_attachments/2024/2/18/217d1f8d77a1456fa279ec4d3ad4c493.pdf','hausordnung.pdf','',NULL),(159,'post_office_attachments/2024/2/18/968ef3045fe84b81a4aa95966f996980.pdf','kletterfelsenteilnahme.pdf','',NULL),(160,'post_office_attachments/2024/2/18/c83e03971c4044b8ba7b918f43a0bf38.docx','teilnehmerliste.docx','',NULL),(161,'post_office_attachments/2024/2/18/6ae9355906824a37ab3f82402fa5bf72.pdf','reiseinfos1.pdf','',NULL),(162,'post_office_attachments/2024/2/18/401bcdde8b154ca89fabdf2e8d2b4da8.pdf','elternbrief.pdf','',NULL),(163,'post_office_attachments/2024/2/18/23f687e41dd04b059f3b5ca8d2022ab9.pdf','faq.pdf','',NULL),(164,'post_office_attachments/2024/2/18/fbf5faed78ff4900bd7c9502910dc648.pdf','hausordnung.pdf','',NULL),(165,'post_office_attachments/2024/2/18/e07128f9908c43a78d71320e7e4192ed.pdf','kletterfelsenteilnahme.pdf','',NULL),(166,'post_office_attachments/2024/2/18/eb7334a28db8442eadee60b4179c26d1.docx','teilnehmerliste.docx','',NULL),(167,'post_office_attachments/2024/2/18/b1683abd61724bb8a09953196583f580.pdf','reiseinfos1.pdf','',NULL),(168,'post_office_attachments/2024/2/18/44344fd77f7643dea07502b9a61fe3f9.pdf','elternbrief.pdf','',NULL),(169,'post_office_attachments/2024/2/18/aaa91101c27547ff9aa1cbbfcaeae420.pdf','faq.pdf','',NULL),(170,'post_office_attachments/2024/2/18/52afac1427364a6bb8ad061834d8d29b.pdf','hausordnung.pdf','',NULL),(171,'post_office_attachments/2024/2/18/da82ee9e6e744c4e8ac825591ad7ef85.pdf','kletterfelsenteilnahme.pdf','',NULL),(172,'post_office_attachments/2024/2/18/a12c3efe81d44a359d59c449150ea572.docx','teilnehmerliste.docx','',NULL),(173,'post_office_attachments/2024/2/18/2c5e8c6e23e948a9a14a4d8b2889b0fc.pdf','reiseinfos1.pdf','',NULL),(174,'post_office_attachments/2024/2/18/cc239060421f4e4689f1c717d22c8708.pdf','elternbrief.pdf','',NULL),(175,'post_office_attachments/2024/2/18/ee4658d15ebd4e919859f2f9cb8cc55c.pdf','faq.pdf','',NULL),(176,'post_office_attachments/2024/2/18/275d8a0240fd4a0d8b98cbde6a6d7900.pdf','hausordnung.pdf','',NULL),(177,'post_office_attachments/2024/2/18/a52e1034c7744ff3bbc09046460d791e.pdf','kletterfelsenteilnahme.pdf','',NULL),(178,'post_office_attachments/2024/2/18/3b62f396aba44ab28b3ebf337d69baa3.docx','teilnehmerliste.docx','',NULL),(179,'post_office_attachments/2024/2/18/9d663568952a415aaa7e7d350953477e.pdf','reiseinfos1.pdf','',NULL),(180,'post_office_attachments/2024/2/18/561a249069a3496f8734a2c0cd64bb9c.pdf','elternbrief.pdf','',NULL),(181,'post_office_attachments/2024/2/18/955a9f63149d4505a67e4896adb3b264.pdf','faq.pdf','',NULL),(182,'post_office_attachments/2024/2/18/52f1d7b1ee5d4b4fa2091a43a51665b5.pdf','hausordnung.pdf','',NULL),(183,'post_office_attachments/2024/2/18/7720217a893b4582bb0d34ffb33c20d2.pdf','kletterfelsenteilnahme.pdf','',NULL),(184,'post_office_attachments/2024/2/18/69e822d395bb4789b99bb8e2561c611c.docx','teilnehmerliste.docx','',NULL),(185,'post_office_attachments/2024/2/18/9fd318f710bd4dd9b8130a3383043c79.pdf','reiseinfos1.pdf','',NULL),(186,'post_office_attachments/2024/2/18/ee63b528f8af48658fdd8672ce7c0d75.pdf','elternbrief.pdf','',NULL),(187,'post_office_attachments/2024/2/18/b58320b236d74c4fa90bb4d1bff67a8a.pdf','faq.pdf','',NULL),(188,'post_office_attachments/2024/2/18/1508ec6993a442f0933612a3abb8529d.pdf','hausordnung.pdf','',NULL),(189,'post_office_attachments/2024/2/18/0bb93874600244b5b16cb14cffda8a0e.pdf','kletterfelsenteilnahme.pdf','',NULL),(190,'post_office_attachments/2024/2/18/efd12fdbc2a442f1acde6f6f68e08530.docx','teilnehmerliste.docx','',NULL),(191,'post_office_attachments/2024/2/18/5ca0c57ccad6491e8e5f5016adabdd62.pdf','reiseinfos1.pdf','',NULL),(192,'post_office_attachments/2024/2/18/b5c9717ff43c41e4a0fc39dc6a37b157.pdf','elternbrief.pdf','',NULL),(193,'post_office_attachments/2024/2/18/dcd55a82c8674a51857f20c0cb2e4773.pdf','faq.pdf','',NULL),(194,'post_office_attachments/2024/2/18/7c33914cfea94159aa278837bf42b233.pdf','hausordnung.pdf','',NULL),(195,'post_office_attachments/2024/2/18/0e7d2d3c21844697bd58647271585e90.pdf','kletterfelsenteilnahme.pdf','',NULL),(196,'post_office_attachments/2024/2/18/18a9706db07b423ea2cbe209a4835024.docx','teilnehmerliste.docx','',NULL),(197,'post_office_attachments/2024/2/18/0a81c904851b42868779e25ad08a339f.pdf','reiseinfos1.pdf','',NULL),(198,'post_office_attachments/2024/2/18/721d9aaec3b64ffdbbe023150873db05.pdf','elternbrief.pdf','',NULL),(199,'post_office_attachments/2024/2/18/fea2b2e25a5d475ebe6500fcc0314f41.pdf','faq.pdf','',NULL),(200,'post_office_attachments/2024/2/18/ac0a97ac954a4d02947524087ce4e2f4.pdf','hausordnung.pdf','',NULL),(201,'post_office_attachments/2024/2/18/0be49cf8ea8e43a0af83987dfa7ab19c.pdf','kletterfelsenteilnahme.pdf','',NULL),(202,'post_office_attachments/2024/2/18/ffa6110932aa4743b2de853be2c29230.docx','teilnehmerliste.docx','',NULL),(203,'post_office_attachments/2024/2/18/88d705a6d86e45ddbd880d9cc3098074.pdf','reiseinfos1.pdf','',NULL),(204,'post_office_attachments/2024/2/18/84377486c0e34b13a2dc5cc8dbc2f58a.pdf','elternbrief.pdf','',NULL),(205,'post_office_attachments/2024/2/18/9906a540f9734591a8115b2794f6c2ee.pdf','faq.pdf','',NULL),(206,'post_office_attachments/2024/2/18/a89ebdb536f94f94a18bcb9d71426d30.pdf','hausordnung.pdf','',NULL),(207,'post_office_attachments/2024/2/18/350ffb0a80b8430096664f3245e7f4d2.pdf','kletterfelsenteilnahme.pdf','',NULL),(208,'post_office_attachments/2024/2/18/9eeab93a11684d2397ea74e713250121.docx','teilnehmerliste.docx','',NULL),(209,'post_office_attachments/2024/2/18/74f609d61c384426b701df83a486c7b1.pdf','reiseinfos1.pdf','',NULL),(210,'post_office_attachments/2024/2/18/f4ec238653b644aaa2753351d8489531.pdf','elternbrief.pdf','',NULL),(211,'post_office_attachments/2024/2/18/d68c6e88beea4c45884594466ce4eb8d.pdf','faq.pdf','',NULL),(212,'post_office_attachments/2024/2/18/e8e60ee2a35a49d5b74045317b5ae87c.pdf','hausordnung.pdf','',NULL),(213,'post_office_attachments/2024/2/18/a984fce00c074f049f1bd8f1be2a5d50.pdf','kletterfelsenteilnahme.pdf','',NULL),(214,'post_office_attachments/2024/2/18/a1308f25c5ee4cca81ab8deeeeaa2da5.docx','teilnehmerliste.docx','',NULL),(215,'post_office_attachments/2024/2/18/bd5e72994c8b4206a44e138cd0a11161.pdf','reiseinfos2.pdf','',NULL),(216,'post_office_attachments/2024/2/18/b2aa5dbad87b49db8463d38fce96651c.pdf','elternbrief.pdf','',NULL),(217,'post_office_attachments/2024/2/18/7109b3eacbc44c0daace2956d725db51.pdf','faq.pdf','',NULL),(218,'post_office_attachments/2024/2/18/63ac59e96240403683602e435745a9e9.pdf','hausordnung.pdf','',NULL),(219,'post_office_attachments/2024/2/18/89bcc9a2a6254c6284a397698ff54ca6.pdf','kletterfelsenteilnahme.pdf','',NULL),(220,'post_office_attachments/2024/2/18/f479dd5b8cca4c5695ead8e460aedbfc.docx','teilnehmerliste.docx','',NULL),(221,'post_office_attachments/2024/2/18/ec207c4ffbd24314bd47e4c9ae02206c.pdf','reiseinfos2.pdf','',NULL),(222,'post_office_attachments/2024/2/18/c0b9e8b0993e49acbcaa03d848d2cb7c.pdf','elternbrief.pdf','',NULL),(223,'post_office_attachments/2024/2/18/26c7b7ad8122429f894303a3f841e3d2.pdf','faq.pdf','',NULL),(224,'post_office_attachments/2024/2/18/7f59c2da255f49619a1c706cdc084f01.pdf','hausordnung.pdf','',NULL),(225,'post_office_attachments/2024/2/18/3f56f0ff51994e82baf213b191e0ab59.pdf','kletterfelsenteilnahme.pdf','',NULL),(226,'post_office_attachments/2024/2/18/a335db14b29d4ce486c8ad6c1839df69.docx','teilnehmerliste.docx','',NULL),(227,'post_office_attachments/2024/2/18/fac0c09a992440da8c50593aad1c950e.pdf','reiseinfos2.pdf','',NULL),(228,'post_office_attachments/2024/2/19/04a1c927c2964914a72b7cd8030ead32.pdf','elternbrief.pdf','',NULL),(229,'post_office_attachments/2024/2/19/012cd8865a8c491896b6378a4ee02974.pdf','faq.pdf','',NULL),(230,'post_office_attachments/2024/2/19/e3caa99669e94cf18e465c6f348fef67.pdf','hausordnung.pdf','',NULL),(231,'post_office_attachments/2024/2/19/159666c3adb24317b7341370326b6252.pdf','kletterfelsenteilnahme.pdf','',NULL),(232,'post_office_attachments/2024/2/19/4055c57f669f4839be7888cb5e570b1c.docx','teilnehmerliste.docx','',NULL),(233,'post_office_attachments/2024/2/19/ab508ac631f641728598fb61f0be13a4.pdf','reiseinfos1.pdf','',NULL),(234,'post_office_attachments/2024/2/19/b01ff7dac53c4dc4a29d5ba3990c4554.pdf','elternbrief.pdf','',NULL),(235,'post_office_attachments/2024/2/19/6d541c8cce3044d0bf29a7fa741c558e.pdf','faq.pdf','',NULL),(236,'post_office_attachments/2024/2/19/ada28e5581c74ebba5f9a7bde8bc75ff.pdf','hausordnung.pdf','',NULL),(237,'post_office_attachments/2024/2/19/d6beb343030e4726a02d530154ab686c.pdf','kletterfelsenteilnahme.pdf','',NULL),(238,'post_office_attachments/2024/2/19/15413e69a4ad4dc1a52e0a51deba8bd7.docx','teilnehmerliste.docx','',NULL),(239,'post_office_attachments/2024/2/19/9b668c65ee5e483c8f196983240b0730.pdf','reiseinfos1.pdf','',NULL),(240,'post_office_attachments/2024/2/19/9e01d78bf7c34175933c29e1d1ced76d.pdf','elternbrief.pdf','',NULL),(241,'post_office_attachments/2024/2/19/8f173dda0c8f414e9481f197794502a2.pdf','faq.pdf','',NULL),(242,'post_office_attachments/2024/2/19/c23a4d2d842345aca2000f332d775d11.pdf','hausordnung.pdf','',NULL),(243,'post_office_attachments/2024/2/19/cce7403dcd5b4145965d441dd5a48063.pdf','kletterfelsenteilnahme.pdf','',NULL),(244,'post_office_attachments/2024/2/19/f23bbce8b9fc48cf856f9f964b5ea869.docx','teilnehmerliste.docx','',NULL),(245,'post_office_attachments/2024/2/19/19a9163fef354283a4b596de2aff08f0.pdf','reiseinfos1.pdf','',NULL),(246,'post_office_attachments/2024/2/19/73c904ddcab94a36b4af701c5e8b793b.pdf','elternbrief.pdf','',NULL),(247,'post_office_attachments/2024/2/19/fb9953b4ee384751b806ba674833fccd.pdf','faq.pdf','',NULL),(248,'post_office_attachments/2024/2/19/a67ad80da4b04eb28cb1f0d963aa271f.pdf','hausordnung.pdf','',NULL),(249,'post_office_attachments/2024/2/19/207466e67a45412583d2a631177b84c5.pdf','kletterfelsenteilnahme.pdf','',NULL),(250,'post_office_attachments/2024/2/19/b98d09240dc740958ffd358528d81dde.docx','teilnehmerliste.docx','',NULL),(251,'post_office_attachments/2024/2/19/7b8d444877944b6ebefacb7ac8e700fb.pdf','reiseinfos1.pdf','',NULL),(252,'post_office_attachments/2024/2/19/717d3197074349579b648f1f6c7c1e0d.pdf','elternbrief.pdf','',NULL),(253,'post_office_attachments/2024/2/19/473cbc5de95740d0b1ac662bcd1ddda8.pdf','faq.pdf','',NULL),(254,'post_office_attachments/2024/2/19/59f7acc2c8f04f448c89589ba0342509.pdf','hausordnung.pdf','',NULL),(255,'post_office_attachments/2024/2/19/d158dc0fb1914e36a5f2e96eaf48e06d.pdf','kletterfelsenteilnahme.pdf','',NULL),(256,'post_office_attachments/2024/2/19/384a75e7cdb3438e8f394b3a3478cff4.docx','teilnehmerliste.docx','',NULL),(257,'post_office_attachments/2024/2/19/53f47063f6a442618fefeea387e24ad9.pdf','reiseinfos1.pdf','',NULL),(258,'post_office_attachments/2024/2/19/4c0f84cc7f3f46c2b84b2159c126ed94.pdf','busplan.pdf','',NULL),(259,'post_office_attachments/2024/2/19/8f3f44d66f404131a275b263600e3769.pdf','faq.pdf','',NULL),(260,'post_office_attachments/2024/2/19/871007264d4c46239da934045feb5b33.pdf','hausordnung.pdf','',NULL),(261,'post_office_attachments/2024/2/19/f93dc84c449d490f99622b731399557c.pdf','kletterfelsenteilnahme.pdf','',NULL),(262,'post_office_attachments/2024/2/19/1b91a479e566444fa4d0c94de1b59cca.docx','teilnehmerliste.docx','',NULL),(263,'post_office_attachments/2024/2/19/12f83dcf02314e14b29190c1b6ff1421.pdf','reiseinfos_uni.pdf','',NULL),(264,'post_office_attachments/2024/2/19/c8b033403b074af39067810f9b7800dd.pdf','faq.pdf','',NULL),(265,'post_office_attachments/2024/2/19/e44e212b301a43f8920418f7f4172e8c.pdf','hausordnung.pdf','',NULL),(266,'post_office_attachments/2024/2/19/67f84e7c61b7477faea0d4c4328ee758.pdf','kletterfelsenteilnahme.pdf','',NULL),(267,'post_office_attachments/2024/2/19/f2ed2022856441c7aa8c36309c67bf94.docx','teilnehmerliste.docx','',NULL),(268,'post_office_attachments/2024/2/19/c340834d70be410ba3b9c7f1f8d1d7aa.pdf','reiseinfos_uni.pdf','',NULL),(269,'post_office_attachments/2024/2/19/c3eb943060a44419ab3068f346f3168b.pdf','elternbrief.pdf','',NULL),(270,'post_office_attachments/2024/2/19/e8051126004e471cb938e97bbb04c50e.pdf','faq.pdf','',NULL),(271,'post_office_attachments/2024/2/19/32089de26eba464c80898295c87a69e0.pdf','hausordnung.pdf','',NULL),(272,'post_office_attachments/2024/2/19/d71836bfb2e845e886d2867656b66ded.pdf','kletterfelsenteilnahme.pdf','',NULL),(273,'post_office_attachments/2024/2/19/4029fbc5c38b4409b26da83ba8c6e3f6.docx','teilnehmerliste.docx','',NULL),(274,'post_office_attachments/2024/2/19/73eacb7ae83140f68864cff7be8f9630.pdf','reiseinfos1.pdf','',NULL),(275,'post_office_attachments/2024/2/19/1dc746dee7a247169e159ea88225a219.pdf','elternbrief.pdf','',NULL),(276,'post_office_attachments/2024/2/19/0c0279b9f51b475099cf5f79b10f8b5f.pdf','faq.pdf','',NULL),(277,'post_office_attachments/2024/2/19/d8a869bc122e433bb22100b2971bd0a8.pdf','hausordnung.pdf','',NULL),(278,'post_office_attachments/2024/2/19/a9b6b820b71b47de8e6b052f37cf6d0f.pdf','kletterfelsenteilnahme.pdf','',NULL),(279,'post_office_attachments/2024/2/19/2013ac5b23ae455fb3247504ba54f914.docx','teilnehmerliste.docx','',NULL),(280,'post_office_attachments/2024/2/19/098a8524938e4b0f99e74ddebe76e070.pdf','reiseinfos1.pdf','',NULL),(281,'post_office_attachments/2024/2/19/51a5547f40194aa2a423e4ef2d81e5f6.pdf','elternbrief.pdf','',NULL),(282,'post_office_attachments/2024/2/19/ef3c88b0a7e84d19b4e2b5f5b3b06a76.pdf','faq.pdf','',NULL),(283,'post_office_attachments/2024/2/19/2ec47def2a7c4a0497f769f055ba88a4.pdf','hausordnung.pdf','',NULL),(284,'post_office_attachments/2024/2/19/371eb344811541fdbb2f0b043e894152.pdf','kletterfelsenteilnahme.pdf','',NULL),(285,'post_office_attachments/2024/2/19/f30cf5e0bb45441ab8d460e2273c4a39.docx','teilnehmerliste.docx','',NULL),(286,'post_office_attachments/2024/2/19/760095ace072476d9cd9641773050c2b.pdf','reiseinfos1.pdf','',NULL),(287,'post_office_attachments/2024/2/19/5a8d4dd257c64558aeaf18c7ad9e936d.pdf','elternbrief.pdf','',NULL),(288,'post_office_attachments/2024/2/19/116e64e596744311a97ab40ea26bd3d2.pdf','faq.pdf','',NULL),(289,'post_office_attachments/2024/2/19/2271d648b5af4a2faa7a2d76618e8415.pdf','hausordnung.pdf','',NULL),(290,'post_office_attachments/2024/2/19/d31601b511bf4871a5999c6734b856e2.pdf','kletterfelsenteilnahme.pdf','',NULL),(291,'post_office_attachments/2024/2/19/2a052abc90254c53b3257a37223fd649.docx','teilnehmerliste.docx','',NULL),(292,'post_office_attachments/2024/2/19/b6123630ae0c4bfe8c23283222681b9a.pdf','reiseinfos1.pdf','',NULL),(293,'post_office_attachments/2024/2/19/cd2bd93bd5444e1ca4df2143eb8730c0.pdf','elternbrief.pdf','',NULL),(294,'post_office_attachments/2024/2/19/72f34204eed74665832d9eb6e901cb5e.pdf','faq.pdf','',NULL),(295,'post_office_attachments/2024/2/19/2c489d4bdbfd46d8a49e72e88d2878ff.pdf','hausordnung.pdf','',NULL),(296,'post_office_attachments/2024/2/19/e6aa9f06983e4004994868d2977376e5.pdf','kletterfelsenteilnahme.pdf','',NULL),(297,'post_office_attachments/2024/2/19/5057e0b067f84de39efb0bb12dcfd5b4.docx','teilnehmerliste.docx','',NULL),(298,'post_office_attachments/2024/2/19/d9c5f7d311a5410a81e4ea24db9f0e99.pdf','reiseinfos1.pdf','',NULL),(299,'post_office_attachments/2024/2/19/b75ce815ca934751bd5485871e546682.pdf','elternbrief.pdf','',NULL),(300,'post_office_attachments/2024/2/19/e57da9ac2dca4598ad676c2f78149832.pdf','faq.pdf','',NULL),(301,'post_office_attachments/2024/2/19/1f56be9e4e7f4be895fed209479fcbea.pdf','hausordnung.pdf','',NULL),(302,'post_office_attachments/2024/2/19/52dba314d5f8401584d9deae939ca8d5.pdf','kletterfelsenteilnahme.pdf','',NULL),(303,'post_office_attachments/2024/2/19/e22a10e84ca34549adebff79349f7961.docx','teilnehmerliste.docx','',NULL),(304,'post_office_attachments/2024/2/19/e9031989534d45b49e6a1529eb59f245.pdf','reiseinfos1.pdf','',NULL),(305,'post_office_attachments/2024/2/19/d5ac2ca6fdac4f25abee764b61953cfc.pdf','elternbrief.pdf','',NULL),(306,'post_office_attachments/2024/2/19/286c136f8e3641de887aa828f06d7374.pdf','faq.pdf','',NULL),(307,'post_office_attachments/2024/2/19/292801427fe04aa59eabf119e1a0071f.pdf','hausordnung.pdf','',NULL),(308,'post_office_attachments/2024/2/19/75f5c785c6454bf09f06456f54a40b0b.pdf','kletterfelsenteilnahme.pdf','',NULL),(309,'post_office_attachments/2024/2/19/ed5abb4649d948e19f24b45a324bf33f.docx','teilnehmerliste.docx','',NULL),(310,'post_office_attachments/2024/2/19/df8a0060fe6e46bd8e78d3d30a3cbb2c.pdf','reiseinfos1.pdf','',NULL),(311,'post_office_attachments/2024/2/19/99d9eff608e046b689ce6368cb4051a8.pdf','elternbrief.pdf','',NULL),(312,'post_office_attachments/2024/2/19/190a82e76d6146a3bc80ee10ab4e1ef2.pdf','faq.pdf','',NULL),(313,'post_office_attachments/2024/2/19/9d56d6283e6f43e2a432d59a0b41e58d.pdf','hausordnung.pdf','',NULL),(314,'post_office_attachments/2024/2/19/f9095871fc934138a6e8fecf2de3f43f.pdf','kletterfelsenteilnahme.pdf','',NULL),(315,'post_office_attachments/2024/2/19/bdf7738a9c4d40e3b013e60b5b88dbde.docx','teilnehmerliste.docx','',NULL),(316,'post_office_attachments/2024/2/19/8ab44a59613a4cb489eb2a16ee74a145.pdf','reiseinfos1.pdf','',NULL);
/*!40000 ALTER TABLE `post_office_attachment` ENABLE KEYS */;
UNLOCK TABLES;

--
-- Table structure for table `post_office_attachment_emails`
--

DROP TABLE IF EXISTS `post_office_attachment_emails`;
/*!40101 SET @saved_cs_client     = @@character_set_client */;
/*!50503 SET character_set_client = utf8mb4 */;
CREATE TABLE `post_office_attachment_emails` (
  `id` bigint NOT NULL AUTO_INCREMENT,
  `attachment_id` int NOT NULL,
  `email_id` int NOT NULL,
  PRIMARY KEY (`id`),
  UNIQUE KEY `post_office_attachment_e_attachment_id_email_id_8e046917_uniq` (`attachment_id`,`email_id`),
  KEY `post_office_attachme_email_id_96875fd9_fk_post_offi` (`email_id`),
  CONSTRAINT `post_office_attachme_attachment_id_6136fd9a_fk_post_offi` FOREIGN KEY (`attachment_id`) REFERENCES `post_office_attachment` (`id`),
  CONSTRAINT `post_office_attachme_email_id_96875fd9_fk_post_offi` FOREIGN KEY (`email_id`) REFERENCES `post_office_email` (`id`)
) ENGINE=InnoDB AUTO_INCREMENT=317 DEFAULT CHARSET=utf8mb4 COLLATE=utf8mb4_0900_ai_ci;
/*!40101 SET character_set_client = @saved_cs_client */;

--
-- Dumping data for table `post_office_attachment_emails`
--

LOCK TABLES `post_office_attachment_emails` WRITE;
/*!40000 ALTER TABLE `post_office_attachment_emails` DISABLE KEYS */;
INSERT INTO `post_office_attachment_emails` VALUES (1,1,1),(2,2,67),(3,3,68),(4,4,69),(5,5,69),(6,6,69),(7,7,69),(8,8,69),(9,9,70),(10,10,70),(11,11,70),(12,12,70),(13,13,70),(14,14,70),(15,15,71),(16,16,71),(17,17,71),(18,18,71),(19,19,71),(20,20,71),(21,21,72),(22,22,72),(23,23,72),(24,24,72),(25,25,72),(26,26,72),(28,27,73),(29,28,73),(30,29,73),(31,30,73),(32,31,73),(27,32,73),(33,33,74),(34,34,74),(35,35,74),(36,36,74),(37,37,74),(38,38,74),(39,39,75),(40,40,75),(41,41,75),(42,42,75),(43,43,75),(44,44,75),(45,45,75),(46,46,76),(47,47,76),(48,48,76),(49,49,76),(50,50,76),(51,51,76),(52,52,76),(53,53,77),(54,54,77),(55,55,77),(56,56,77),(57,57,77),(58,58,77),(59,59,77),(63,60,78),(64,61,78),(65,62,78),(66,63,78),(60,64,78),(61,65,78),(62,66,78),(67,67,79),(68,68,79),(69,69,79),(70,70,79),(71,71,79),(72,72,79),(73,73,79),(74,74,80),(75,75,80),(76,76,80),(77,77,80),(78,78,80),(79,79,80),(80,80,80),(81,81,81),(82,82,81),(83,83,81),(84,84,81),(85,85,81),(86,86,81),(87,87,81),(88,88,82),(89,89,82),(90,90,82),(91,91,82),(92,92,82),(93,93,82),(94,94,82),(101,95,83),(95,96,83),(96,97,83),(97,98,83),(98,99,83),(99,100,83),(100,101,83),(102,102,84),(103,103,84),(104,104,84),(105,105,84),(106,106,84),(107,107,84),(108,108,84),(109,109,85),(110,110,85),(111,111,85),(112,112,85),(113,113,85),(114,114,85),(115,115,85),(116,116,86),(117,117,86),(118,118,86),(119,119,86),(120,120,86),(121,121,86),(122,122,86),(125,123,87),(126,124,87),(127,125,87),(128,126,87),(129,127,87),(123,128,87),(124,129,87),(130,130,88),(131,131,88),(132,132,88),(133,133,88),(134,134,88),(135,135,88),(136,136,88),(137,137,89),(138,138,89),(139,139,89),(140,140,89),(141,141,89),(142,142,89),(143,143,89),(144,144,90),(145,145,90),(146,146,90),(147,147,90),(148,148,90),(149,149,90),(150,150,91),(151,151,91),(152,152,91),(153,153,91),(154,154,91),(155,155,91),(158,156,92),(159,157,92),(160,158,92),(161,159,92),(156,160,92),(157,161,92),(162,162,93),(163,163,93),(164,164,93),(165,165,93),(166,166,93),(167,167,93),(168,168,94),(169,169,94),(170,170,94),(171,171,94),(172,172,94),(173,173,94),(174,174,95),(175,175,95),(176,176,95),(177,177,95),(178,178,95),(179,179,95),(180,180,96),(181,181,96),(182,182,96),(183,183,96),(184,184,96),(185,185,96),(186,186,97),(187,187,97),(188,188,97),(189,189,97),(190,190,97),(191,191,97),(192,192,98),(193,193,98),(194,194,98),(195,195,98),(196,196,98),(197,197,98),(198,198,99),(199,199,99),(200,200,99),(201,201,99),(202,202,99),(203,203,99),(204,204,100),(205,205,100),(206,206,100),(207,207,100),(208,208,100),(209,209,100),(210,210,101),(211,211,101),(212,212,101),(213,213,101),(214,214,101),(215,215,101),(216,216,102),(217,217,102),(218,218,102),(219,219,102),(220,220,102),(221,221,102),(226,222,103),(227,223,103),(222,224,103),(223,225,103),(224,226,103),(225,227,103),(228,228,104),(229,229,104),(230,230,104),(231,231,104),(232,232,104),(233,233,104),(234,234,105),(235,235,105),(236,236,105),(237,237,105),(238,238,105),(239,239,105),(240,240,106),(241,241,106),(242,242,106),(243,243,106),(244,244,106),(245,245,106),(246,246,107),(247,247,107),(248,248,107),(249,249,107),(250,250,107),(251,251,107),(255,252,108),(256,253,108),(257,254,108),(258,255,108),(252,256,108),(253,257,108),(254,258,108),(259,259,109),(260,260,109),(261,261,109),(262,262,109),(263,263,109),(264,264,110),(265,265,110),(266,266,110),(267,267,110),(268,268,110),(269,269,111),(270,270,111),(271,271,111),(272,272,111),(273,273,111),(274,274,111),(275,275,112),(276,276,112),(277,277,112),(278,278,112),(279,279,112),(280,280,112),(281,281,113),(282,282,113),(283,283,113),(284,284,113),(285,285,113),(286,286,113),(292,287,114),(287,288,114),(288,289,114),(289,290,114),(290,291,114),(291,292,114),(293,293,115),(294,294,115),(295,295,115),(296,296,115),(297,297,115),(298,298,115),(299,299,116),(300,300,116),(301,301,116),(302,302,116),(303,303,116),(304,304,116),(305,305,117),(306,306,117),(307,307,117),(308,308,117),(309,309,117),(310,310,117),(311,311,118),(312,312,118),(313,313,118),(314,314,118),(315,315,118),(316,316,118);
/*!40000 ALTER TABLE `post_office_attachment_emails` ENABLE KEYS */;
UNLOCK TABLES;

--
-- Table structure for table `post_office_email`
--

DROP TABLE IF EXISTS `post_office_email`;
/*!40101 SET @saved_cs_client     = @@character_set_client */;
/*!50503 SET character_set_client = utf8mb4 */;
CREATE TABLE `post_office_email` (
  `id` int NOT NULL AUTO_INCREMENT,
  `from_email` varchar(254) NOT NULL,
  `to` longtext NOT NULL,
  `cc` longtext NOT NULL,
  `bcc` longtext NOT NULL,
  `subject` varchar(989) NOT NULL,
  `message` longtext NOT NULL,
  `html_message` longtext NOT NULL,
  `status` smallint unsigned DEFAULT NULL,
  `priority` smallint unsigned DEFAULT NULL,
  `created` datetime(6) NOT NULL,
  `last_updated` datetime(6) NOT NULL,
  `scheduled_time` datetime(6) DEFAULT NULL,
  `headers` json DEFAULT NULL,
  `context` json DEFAULT NULL,
  `template_id` int DEFAULT NULL,
  `backend_alias` varchar(64) NOT NULL,
  `number_of_retries` int unsigned DEFAULT NULL,
  `expires_at` datetime(6) DEFAULT NULL,
  `message_id` varchar(255) DEFAULT NULL,
  PRIMARY KEY (`id`),
  KEY `post_office_email_template_id_417da7da_fk_post_offi` (`template_id`),
  KEY `post_office_email_status_013a896c` (`status`),
  KEY `post_office_email_created_1306952f` (`created`),
  KEY `post_office_email_last_updated_0ffcec35` (`last_updated`),
  KEY `post_office_email_scheduled_time_3869ebec` (`scheduled_time`),
  CONSTRAINT `post_office_email_template_id_417da7da_fk_post_offi` FOREIGN KEY (`template_id`) REFERENCES `post_office_emailtemplate` (`id`),
  CONSTRAINT `post_office_email_chk_1` CHECK ((`status` >= 0)),
  CONSTRAINT `post_office_email_chk_2` CHECK ((`priority` >= 0)),
  CONSTRAINT `post_office_email_chk_3` CHECK ((`number_of_retries` >= 0))
) ENGINE=InnoDB AUTO_INCREMENT=119 DEFAULT CHARSET=utf8mb4 COLLATE=utf8mb4_0900_ai_ci;
/*!40101 SET character_set_client = @saved_cs_client */;

--
-- Dumping data for table `post_office_email`
--

LOCK TABLES `post_office_email` WRITE;
/*!40000 ALTER TABLE `post_office_email` DISABLE KEYS */;
INSERT INTO `post_office_email` VALUES (1,'from@example.com','recipient@example.com','','','My email','Hi there!','Hi <strong>there</strong>!',2,1,'2024-02-13 19:53:09.046925','2024-02-13 19:53:09.046980',NULL,NULL,NULL,NULL,'',NULL,NULL,NULL),(2,'from@example.com','recipient@example.com','','','My email','Hi there!','Hi <strong>there</strong>!',2,1,'2024-02-13 19:53:12.295882','2024-02-13 19:53:12.295930',NULL,NULL,NULL,NULL,'',NULL,NULL,NULL),(3,'from@example.com','recipient@example.com','','','My email','Hi there!','Hi <strong>there</strong>!',2,1,'2024-02-13 19:53:24.856410','2024-02-13 19:53:24.856489',NULL,NULL,NULL,NULL,'',NULL,NULL,NULL),(4,'from@example.com','recipient@example.com','','','My email','Hi there!','Hi <strong>there</strong>!',2,1,'2024-02-13 19:53:28.023569','2024-02-13 19:53:28.023666',NULL,NULL,NULL,NULL,'',NULL,NULL,NULL),(5,'from@example.com','recipient@example.com','','','My email','Hi there!','Hi <strong>there</strong>!',2,1,'2024-02-13 19:54:10.169952','2024-02-13 19:54:10.169996',NULL,NULL,NULL,NULL,'',NULL,NULL,NULL),(6,'carsten@navisense.de','carsten@navisense.de','','','My email','Hi there!','Hi <strong>there</strong>!',2,1,'2024-02-13 19:55:19.112307','2024-02-13 19:55:19.112340',NULL,NULL,NULL,NULL,'',NULL,NULL,NULL),(7,'carsten@navisense.de','carsten@navisense.de','','','My email','Hi there!','Hi <strong>there</strong>!',1,3,'2024-02-13 19:56:42.001587','2024-02-13 19:56:42.001647',NULL,NULL,NULL,NULL,'',NULL,NULL,NULL),(8,'carsten@navisense.de','carsten@navisense.de','','','My email','Hi there!','Hi <strong>there</strong>!',1,3,'2024-02-13 19:56:44.438755','2024-02-13 19:56:44.438792',NULL,NULL,NULL,NULL,'',NULL,NULL,NULL),(9,'test@san-pepelone.de','carsten@navisense.de','','','My email','Hi there!','Hi <strong>there</strong>!',0,3,'2024-02-13 20:04:41.568641','2024-02-13 20:04:41.568659',NULL,NULL,NULL,NULL,'',NULL,NULL,NULL),(10,'test@san-pepelone.de','carsten@navisense.de','','','Reiseinfos aus St. Pepelone','','<!DOCTYPE html>\n<html lang=\"de\">\n<head>\n    <meta charset=\"UTF-8\">\n    <meta name=\"viewport\" content=\"width=device-width, initial-scale=1.0\">\n    <title>Informationen zur bevorstehenden Reise</title>\n</head>\n<body>\n    <p>Hallo Lehrer,</p>\n\n    <p>Bald ist es wieder so weit und bei Euch steigt vielleicht bereits das \"Reisefieber\".</p>\n\n    <p>Für deine Planung und Organisation erhältst Du im Anhang:</p>\n\n    <ol>\n        <li>Die Antworten auf die häufigsten Fragen von Lehrpersonen / Gruppenbetreuungspersonen.</li>\n        <li>Vorlage Teilnehmerliste (bitte vor der Reise per E-Mail zusenden), um den schnellen Ablauf vor Ort zu organisieren.</li>\n        <li>Die aktuellen Reiseinformationen für Lehrpersonen, Schüler:innen und Eltern.</li>\n        <li>Unsere Hausordnung, die von jedem(r) Schüler:in unterschrieben am Anreisetag mitgebracht werden muss.</li>\n        <li>Elternbrief und Teilnahmebedienung Kletterfelsen (falls ihr plant, diese Sportaktivität zu nutzen).</li>\n    </ol>\n\n    <p>Für unsere Planung bitte den nachfolgenden Link bis spätestens zum  anklicken und die entsprechenden Felder ausfüllen bzw. überprüfen:</p>\n\n    <b><a href=\"8e88f42f-d089-4277-9c81-9fe847bed2e1\">Link zur Rückmeldung</a><br>\n    Login: welch@kayass<br>\n    Passwort: 7<br></b>\n\n    <p>(Falls der Link nicht anzuklicken geht, diesen kopieren und im Browser einfügen.)</p>\n\n    <p>Erst ca. 4 Tage vor Fahrtbeginn wird Christer die Belegung/Zimmerverteilung zumailen. Aus organisatorischen Gründen geht es nicht eher.</p>\n\n    <p>Bei weiteren Fragen stehe ich Dir gern zur Verfügung.</p>\n\n    <p>Herzliche Grüße aus San Pepelone</p>\n    <p>Swetlana</p>\n\n    <hr>\n\n    <p>i. A. Swetlana Abraham</p>\n    <p>Assistenz Resortmanagement</p>\n    <p>Feriendorf & Surfschule Pepelow GmbH</p>\n    <p>Mobil: 0173 385 44 85</p>\n    <p>E-Mail: swetlana@san-pepelone.de</p>\n    <p>Homepage: <a href=\"http://www.san-pepelone.de\">www.san-pepelone.de</a></p>\n\n    <p>Gesetzliche Informationen:</p>\n    <p>Feriendorf und Surfschule Pepelow GmbH * Sandweg 1 * Sitz der Gesellschaft: 18233 Pepelow * Eingetragen beim Amtsgericht Rostock, HRB 8386</p>\n    <p>Geschäftsführer: Olaf Winkelmann</p>\n</body>\n</html>',0,3,'2024-02-13 20:38:50.309763','2024-02-13 20:38:50.309778',NULL,NULL,NULL,1,'',NULL,NULL,NULL),(11,'test@san-pepelone.de','carsten@navisense.de','','','Reiseinfos aus St. Pepelone','','<!DOCTYPE html>\n<html lang=\"de\">\n<head>\n    <meta charset=\"UTF-8\">\n    <meta name=\"viewport\" content=\"width=device-width, initial-scale=1.0\">\n    <title>Informationen zur bevorstehenden Reise</title>\n</head>\n<body>\n    <p>Hallo Lehrer,</p>\n\n    <p>Bald ist es wieder so weit und bei Euch steigt vielleicht bereits das \"Reisefieber\".</p>\n\n    <p>Für deine Planung und Organisation erhältst Du im Anhang:</p>\n\n    <ol>\n        <li>Die Antworten auf die häufigsten Fragen von Lehrpersonen / Gruppenbetreuungspersonen.</li>\n        <li>Vorlage Teilnehmerliste (bitte vor der Reise per E-Mail zusenden), um den schnellen Ablauf vor Ort zu organisieren.</li>\n        <li>Die aktuellen Reiseinformationen für Lehrpersonen, Schüler:innen und Eltern.</li>\n        <li>Unsere Hausordnung, die von jedem(r) Schüler:in unterschrieben am Anreisetag mitgebracht werden muss.</li>\n        <li>Elternbrief und Teilnahmebedienung Kletterfelsen (falls ihr plant, diese Sportaktivität zu nutzen).</li>\n    </ol>\n\n    <p>Für unsere Planung bitte den nachfolgenden Link bis spätestens zum  anklicken und die entsprechenden Felder ausfüllen bzw. überprüfen:</p>\n\n    <b><a href=\"http://127.0.0.1:8000/update_record/8e88f42f-d089-4277-9c81-9fe847bed2e1\">Link zur Rückmeldung</a><br>\n    Login: welch@kayass<br>\n    Passwort: 7<br></b>\n\n    <p>(Falls der Link nicht anzuklicken geht, diesen kopieren und im Browser einfügen.)</p>\n\n    <p>Erst ca. 4 Tage vor Fahrtbeginn wird Christer die Belegung/Zimmerverteilung zumailen. Aus organisatorischen Gründen geht es nicht eher.</p>\n\n    <p>Bei weiteren Fragen stehe ich Dir gern zur Verfügung.</p>\n\n    <p>Herzliche Grüße aus San Pepelone</p>\n    <p>Swetlana</p>\n\n    <hr>\n\n    <p>i. A. Swetlana Abraham</p>\n    <p>Assistenz Resortmanagement</p>\n    <p>Feriendorf & Surfschule Pepelow GmbH</p>\n    <p>Mobil: 0173 385 44 85</p>\n    <p>E-Mail: swetlana@san-pepelone.de</p>\n    <p>Homepage: <a href=\"http://www.san-pepelone.de\">www.san-pepelone.de</a></p>\n\n    <p>Gesetzliche Informationen:</p>\n    <p>Feriendorf und Surfschule Pepelow GmbH * Sandweg 1 * Sitz der Gesellschaft: 18233 Pepelow * Eingetragen beim Amtsgericht Rostock, HRB 8386</p>\n    <p>Geschäftsführer: Olaf Winkelmann</p>\n</body>\n</html>',0,3,'2024-02-13 20:44:54.213377','2024-02-13 20:44:54.213406',NULL,NULL,NULL,1,'',NULL,NULL,NULL),(12,'test@san-pepelone.de','carsten@navisense.de','','','Reiseinfos aus St. Pepelone','','<!DOCTYPE html>\n<html lang=\"de\">\n<head>\n    <meta charset=\"UTF-8\">\n    <meta name=\"viewport\" content=\"width=device-width, initial-scale=1.0\">\n    <title>Informationen zur bevorstehenden Reise</title>\n</head>\n<body>\n    <p>Hallo Klaus,</p>\n\n    <p>Bald ist es wieder so weit und bei Euch steigt vielleicht bereits das \"Reisefieber\".</p>\n\n    <p>Für deine Planung und Organisation erhältst Du im Anhang:</p>\n\n    <ol>\n        <li>Die Antworten auf die häufigsten Fragen von Lehrpersonen / Gruppenbetreuungspersonen.</li>\n        <li>Vorlage Teilnehmerliste (bitte vor der Reise per E-Mail zusenden), um den schnellen Ablauf vor Ort zu organisieren.</li>\n        <li>Die aktuellen Reiseinformationen für Lehrpersonen, Schüler:innen und Eltern.</li>\n        <li>Unsere Hausordnung, die von jedem(r) Schüler:in unterschrieben am Anreisetag mitgebracht werden muss.</li>\n        <li>Elternbrief und Teilnahmebedienung Kletterfelsen (falls ihr plant, diese Sportaktivität zu nutzen).</li>\n    </ol>\n\n    <p>Für unsere Planung bitte den nachfolgenden Link bis spätestens zum  anklicken und die entsprechenden Felder ausfüllen bzw. überprüfen:</p>\n\n    <b><a href=\"http://127.0.0.1:8000/update_record/5e768d52-37d9-49bc-b989-0a536395c38e\">Link zur Rückmeldung</a><br>\n    Login: john@marine.media<br>\n    Passwort: 10<br></b>\n\n    <p>(Falls der Link nicht anzuklicken geht, diesen kopieren und im Browser einfügen.)</p>\n\n    <p>Erst ca. 4 Tage vor Fahrtbeginn wird Christer die Belegung/Zimmerverteilung zumailen. Aus organisatorischen Gründen geht es nicht eher.</p>\n\n    <p>Bei weiteren Fragen stehe ich Dir gern zur Verfügung.</p>\n\n    <p>Herzliche Grüße aus San Pepelone</p>\n    <p>Swetlana</p>\n\n    <hr>\n\n    <p>i. A. Swetlana Abraham</p>\n    <p>Assistenz Resortmanagement</p>\n    <p>Feriendorf & Surfschule Pepelow GmbH</p>\n    <p>Mobil: 0173 385 44 85</p>\n    <p>E-Mail: swetlana@san-pepelone.de</p>\n    <p>Homepage: <a href=\"http://www.san-pepelone.de\">www.san-pepelone.de</a></p>\n\n    <p>Gesetzliche Informationen:</p>\n    <p>Feriendorf und Surfschule Pepelow GmbH * Sandweg 1 * Sitz der Gesellschaft: 18233 Pepelow * Eingetragen beim Amtsgericht Rostock, HRB 8386</p>\n    <p>Geschäftsführer: Olaf Winkelmann</p>\n</body>\n</html>',0,3,'2024-02-13 21:02:53.355439','2024-02-13 21:02:53.355463',NULL,NULL,NULL,1,'',NULL,NULL,NULL),(13,'test@san-pepelone.de','carsten@navisense.de','','','Reiseinfos aus St. Pepelone','','<!DOCTYPE html>\n<html lang=\"de\">\n<head>\n    <meta charset=\"UTF-8\">\n    <meta name=\"viewport\" content=\"width=device-width, initial-scale=1.0\">\n    <title>Informationen zur bevorstehenden Reise</title>\n</head>\n<body>\n    <p>Hallo Klaus,</p>\n\n    <p>Bald ist es wieder so weit und bei Euch steigt vielleicht bereits das \"Reisefieber\".</p>\n\n    <p>Für deine Planung und Organisation erhältst Du im Anhang:</p>\n\n    <ol>\n        <li>Die Antworten auf die häufigsten Fragen von Lehrpersonen / Gruppenbetreuungspersonen.</li>\n        <li>Vorlage Teilnehmerliste (bitte vor der Reise per E-Mail zusenden), um den schnellen Ablauf vor Ort zu organisieren.</li>\n        <li>Die aktuellen Reiseinformationen für Lehrpersonen, Schüler:innen und Eltern.</li>\n        <li>Unsere Hausordnung, die von jedem(r) Schüler:in unterschrieben am Anreisetag mitgebracht werden muss.</li>\n        <li>Elternbrief und Teilnahmebedienung Kletterfelsen (falls ihr plant, diese Sportaktivität zu nutzen).</li>\n    </ol>\n\n    <p>Für unsere Planung bitte den nachfolgenden Link bis spätestens zum  anklicken und die entsprechenden Felder ausfüllen bzw. überprüfen:</p>\n\n    <b><a href=\"http://127.0.0.1:8000/update_record/5e768d52-37d9-49bc-b989-0a536395c38e\">Link zur Rückmeldung</a><br>\n    Login: john@marine.media<br>\n    Passwort: 10<br></b>\n\n    <p>(Falls der Link nicht anzuklicken geht, diesen kopieren und im Browser einfügen.)</p>\n\n    <p>Erst ca. 4 Tage vor Fahrtbeginn wird Christer die Belegung/Zimmerverteilung zumailen. Aus organisatorischen Gründen geht es nicht eher.</p>\n\n    <p>Bei weiteren Fragen stehe ich Dir gern zur Verfügung.</p>\n\n    <p>Herzliche Grüße aus San Pepelone</p>\n    <p>Swetlana</p>\n\n    <hr>\n\n    <p>i. A. Swetlana Abraham</p>\n    <p>Assistenz Resortmanagement</p>\n    <p>Feriendorf & Surfschule Pepelow GmbH</p>\n    <p>Mobil: 0173 385 44 85</p>\n    <p>E-Mail: swetlana@san-pepelone.de</p>\n    <p>Homepage: <a href=\"http://www.san-pepelone.de\">www.san-pepelone.de</a></p>\n\n    <p>Gesetzliche Informationen:</p>\n    <p>Feriendorf und Surfschule Pepelow GmbH * Sandweg 1 * Sitz der Gesellschaft: 18233 Pepelow * Eingetragen beim Amtsgericht Rostock, HRB 8386</p>\n    <p>Geschäftsführer: Olaf Winkelmann</p>\n</body>\n</html>',0,3,'2024-02-13 21:05:57.674258','2024-02-13 21:05:57.674285',NULL,NULL,NULL,1,'',NULL,NULL,NULL),(14,'test@san-pepelone.de','carsten@navisense.de','','','Reiseinfos aus St. Pepelone','','<!DOCTYPE html>\n<html lang=\"de\">\n<head>\n    <meta charset=\"UTF-8\">\n    <meta name=\"viewport\" content=\"width=device-width, initial-scale=1.0\">\n    <title>Informationen zur bevorstehenden Reise</title>\n</head>\n<body>\n    <p>Hallo Klaus,</p>\n\n    <p>Bald ist es wieder so weit und bei Euch steigt vielleicht bereits das \"Reisefieber\".</p>\n\n    <p>Für deine Planung und Organisation erhältst Du im Anhang:</p>\n\n    <ol>\n        <li>Die Antworten auf die häufigsten Fragen von Lehrpersonen / Gruppenbetreuungspersonen.</li>\n        <li>Vorlage Teilnehmerliste (bitte vor der Reise per E-Mail zusenden), um den schnellen Ablauf vor Ort zu organisieren.</li>\n        <li>Die aktuellen Reiseinformationen für Lehrpersonen, Schüler:innen und Eltern.</li>\n        <li>Unsere Hausordnung, die von jedem(r) Schüler:in unterschrieben am Anreisetag mitgebracht werden muss.</li>\n        <li>Elternbrief und Teilnahmebedienung Kletterfelsen (falls ihr plant, diese Sportaktivität zu nutzen).</li>\n    </ol>\n\n    <p>Für unsere Planung bitte den nachfolgenden Link bis spätestens zum  anklicken und die entsprechenden Felder ausfüllen bzw. überprüfen:</p>\n\n    <b><a href=\"http://127.0.0.1:8000/update_record/5e768d52-37d9-49bc-b989-0a536395c38e\">Link zur Rückmeldung</a><br>\n    Login: john@marine.media<br>\n    Passwort: 10<br></b>\n\n    <p>(Falls der Link nicht anzuklicken geht, diesen kopieren und im Browser einfügen.)</p>\n\n    <p>Erst ca. 4 Tage vor Fahrtbeginn wird Christer die Belegung/Zimmerverteilung zumailen. Aus organisatorischen Gründen geht es nicht eher.</p>\n\n    <p>Bei weiteren Fragen stehe ich Dir gern zur Verfügung.</p>\n\n    <p>Herzliche Grüße aus San Pepelone</p>\n    <p>Swetlana</p>\n\n    <hr>\n\n    <p>i. A. Swetlana Abraham</p>\n    <p>Assistenz Resortmanagement</p>\n    <p>Feriendorf & Surfschule Pepelow GmbH</p>\n    <p>Mobil: 0173 385 44 85</p>\n    <p>E-Mail: swetlana@san-pepelone.de</p>\n    <p>Homepage: <a href=\"http://www.san-pepelone.de\">www.san-pepelone.de</a></p>\n\n    <p>Gesetzliche Informationen:</p>\n    <p>Feriendorf und Surfschule Pepelow GmbH * Sandweg 1 * Sitz der Gesellschaft: 18233 Pepelow * Eingetragen beim Amtsgericht Rostock, HRB 8386</p>\n    <p>Geschäftsführer: Olaf Winkelmann</p>\n</body>\n</html>',0,3,'2024-02-13 21:06:01.357941','2024-02-13 21:06:01.357964',NULL,NULL,NULL,1,'',NULL,NULL,NULL),(15,'test@san-pepelone.de','carsten@navisense.de','','','Reiseinfos aus St. Pepelone','','<!DOCTYPE html>\n<html lang=\"de\">\n<head>\n    <meta charset=\"UTF-8\">\n    <meta name=\"viewport\" content=\"width=device-width, initial-scale=1.0\">\n    <title>Informationen zur bevorstehenden Reise</title>\n</head>\n<body>\n    <p>Hallo Klaus,</p>\n\n    <p>Bald ist es wieder so weit und bei Euch steigt vielleicht bereits das \"Reisefieber\".</p>\n\n    <p>Für deine Planung und Organisation erhältst Du im Anhang:</p>\n\n    <ol>\n        <li>Die Antworten auf die häufigsten Fragen von Lehrpersonen / Gruppenbetreuungspersonen.</li>\n        <li>Vorlage Teilnehmerliste (bitte vor der Reise per E-Mail zusenden), um den schnellen Ablauf vor Ort zu organisieren.</li>\n        <li>Die aktuellen Reiseinformationen für Lehrpersonen, Schüler:innen und Eltern.</li>\n        <li>Unsere Hausordnung, die von jedem(r) Schüler:in unterschrieben am Anreisetag mitgebracht werden muss.</li>\n        <li>Elternbrief und Teilnahmebedienung Kletterfelsen (falls ihr plant, diese Sportaktivität zu nutzen).</li>\n    </ol>\n\n    <p>Für unsere Planung bitte den nachfolgenden Link bis spätestens zum  anklicken und die entsprechenden Felder ausfüllen bzw. überprüfen:</p>\n\n    <b><a href=\"http://127.0.0.1:8000/update_record/5e768d52-37d9-49bc-b989-0a536395c38e\">Link zur Rückmeldung</a><br>\n    Login: john@marine.media<br>\n    Passwort: 10<br></b>\n\n    <p>(Falls der Link nicht anzuklicken geht, diesen kopieren und im Browser einfügen.)</p>\n\n    <p>Erst ca. 4 Tage vor Fahrtbeginn wird Christer die Belegung/Zimmerverteilung zumailen. Aus organisatorischen Gründen geht es nicht eher.</p>\n\n    <p>Bei weiteren Fragen stehe ich Dir gern zur Verfügung.</p>\n\n    <p>Herzliche Grüße aus San Pepelone</p>\n    <p>Swetlana</p>\n\n    <hr>\n\n    <p>i. A. Swetlana Abraham</p>\n    <p>Assistenz Resortmanagement</p>\n    <p>Feriendorf & Surfschule Pepelow GmbH</p>\n    <p>Mobil: 0173 385 44 85</p>\n    <p>E-Mail: swetlana@san-pepelone.de</p>\n    <p>Homepage: <a href=\"http://www.san-pepelone.de\">www.san-pepelone.de</a></p>\n\n    <p>Gesetzliche Informationen:</p>\n    <p>Feriendorf und Surfschule Pepelow GmbH * Sandweg 1 * Sitz der Gesellschaft: 18233 Pepelow * Eingetragen beim Amtsgericht Rostock, HRB 8386</p>\n    <p>Geschäftsführer: Olaf Winkelmann</p>\n</body>\n</html>',0,3,'2024-02-13 21:06:02.494340','2024-02-13 21:06:02.494378',NULL,NULL,NULL,1,'',NULL,NULL,NULL),(16,'test@san-pepelone.de','john@marine.media','','','Reiseinfos aus St. Pepelone','','<!DOCTYPE html>\n<html lang=\"de\">\n<head>\n    <meta charset=\"UTF-8\">\n    <meta name=\"viewport\" content=\"width=device-width, initial-scale=1.0\">\n    <title>Informationen zur bevorstehenden Reise</title>\n</head>\n<body>\n    <p>Hallo Klaus,</p>\n\n    <p>Bald ist es wieder so weit und bei Euch steigt vielleicht bereits das \"Reisefieber\".</p>\n\n    <p>Für deine Planung und Organisation erhältst Du im Anhang:</p>\n\n    <ol>\n        <li>Die Antworten auf die häufigsten Fragen von Lehrpersonen / Gruppenbetreuungspersonen.</li>\n        <li>Vorlage Teilnehmerliste (bitte vor der Reise per E-Mail zusenden), um den schnellen Ablauf vor Ort zu organisieren.</li>\n        <li>Die aktuellen Reiseinformationen für Lehrpersonen, Schüler:innen und Eltern.</li>\n        <li>Unsere Hausordnung, die von jedem(r) Schüler:in unterschrieben am Anreisetag mitgebracht werden muss.</li>\n        <li>Elternbrief und Teilnahmebedienung Kletterfelsen (falls ihr plant, diese Sportaktivität zu nutzen).</li>\n    </ol>\n\n    <p>Für unsere Planung bitte den nachfolgenden Link bis spätestens zum  anklicken und die entsprechenden Felder ausfüllen bzw. überprüfen:</p>\n\n    <b><a href=\"http://127.0.0.1:8000/update_record/5e768d52-37d9-49bc-b989-0a536395c38e\">Link zur Rückmeldung</a><br>\n    Login: john@marine.media<br>\n    Passwort: 10<br></b>\n\n    <p>(Falls der Link nicht anzuklicken geht, diesen kopieren und im Browser einfügen.)</p>\n\n    <p>Erst ca. 4 Tage vor Fahrtbeginn wird Christer die Belegung/Zimmerverteilung zumailen. Aus organisatorischen Gründen geht es nicht eher.</p>\n\n    <p>Bei weiteren Fragen stehe ich Dir gern zur Verfügung.</p>\n\n    <p>Herzliche Grüße aus San Pepelone</p>\n    <p>Swetlana</p>\n\n    <hr>\n\n    <p>i. A. Swetlana Abraham</p>\n    <p>Assistenz Resortmanagement</p>\n    <p>Feriendorf & Surfschule Pepelow GmbH</p>\n    <p>Mobil: 0173 385 44 85</p>\n    <p>E-Mail: swetlana@san-pepelone.de</p>\n    <p>Homepage: <a href=\"http://www.san-pepelone.de\">www.san-pepelone.de</a></p>\n\n    <p>Gesetzliche Informationen:</p>\n    <p>Feriendorf und Surfschule Pepelow GmbH * Sandweg 1 * Sitz der Gesellschaft: 18233 Pepelow * Eingetragen beim Amtsgericht Rostock, HRB 8386</p>\n    <p>Geschäftsführer: Olaf Winkelmann</p>\n</body>\n</html>',0,3,'2024-02-13 21:07:25.160002','2024-02-13 21:07:25.160030',NULL,NULL,NULL,1,'',NULL,NULL,NULL),(17,'test@san-pepelone.de','john@marine.media','','','Reiseinfos aus St. Pepelone','','<!DOCTYPE html>\n<html lang=\"de\">\n<head>\n    <meta charset=\"UTF-8\">\n    <meta name=\"viewport\" content=\"width=device-width, initial-scale=1.0\">\n    <title>Informationen zur bevorstehenden Reise</title>\n</head>\n<body>\n    <p>Hallo Klaus,</p>\n\n    <p>Bald ist es wieder so weit und bei Euch steigt vielleicht bereits das \"Reisefieber\".</p>\n\n    <p>Für deine Planung und Organisation erhältst Du im Anhang:</p>\n\n    <ol>\n        <li>Die Antworten auf die häufigsten Fragen von Lehrpersonen / Gruppenbetreuungspersonen.</li>\n        <li>Vorlage Teilnehmerliste (bitte vor der Reise per E-Mail zusenden), um den schnellen Ablauf vor Ort zu organisieren.</li>\n        <li>Die aktuellen Reiseinformationen für Lehrpersonen, Schüler:innen und Eltern.</li>\n        <li>Unsere Hausordnung, die von jedem(r) Schüler:in unterschrieben am Anreisetag mitgebracht werden muss.</li>\n        <li>Elternbrief und Teilnahmebedienung Kletterfelsen (falls ihr plant, diese Sportaktivität zu nutzen).</li>\n    </ol>\n\n    <p>Für unsere Planung bitte den nachfolgenden Link bis spätestens zum  anklicken und die entsprechenden Felder ausfüllen bzw. überprüfen:</p>\n\n    <b><a href=\"http://127.0.0.1:8000/update_record/5e768d52-37d9-49bc-b989-0a536395c38e\">Link zur Rückmeldung</a><br>\n    Login: john@marine.media<br>\n    Passwort: 10<br></b>\n\n    <p>(Falls der Link nicht anzuklicken geht, diesen kopieren und im Browser einfügen.)</p>\n\n    <p>Erst ca. 4 Tage vor Fahrtbeginn wird Christer die Belegung/Zimmerverteilung zumailen. Aus organisatorischen Gründen geht es nicht eher.</p>\n\n    <p>Bei weiteren Fragen stehe ich Dir gern zur Verfügung.</p>\n\n    <p>Herzliche Grüße aus San Pepelone</p>\n    <p>Swetlana</p>\n\n    <hr>\n\n    <p>i. A. Swetlana Abraham</p>\n    <p>Assistenz Resortmanagement</p>\n    <p>Feriendorf & Surfschule Pepelow GmbH</p>\n    <p>Mobil: 0173 385 44 85</p>\n    <p>E-Mail: swetlana@san-pepelone.de</p>\n    <p>Homepage: <a href=\"http://www.san-pepelone.de\">www.san-pepelone.de</a></p>\n\n    <p>Gesetzliche Informationen:</p>\n    <p>Feriendorf und Surfschule Pepelow GmbH * Sandweg 1 * Sitz der Gesellschaft: 18233 Pepelow * Eingetragen beim Amtsgericht Rostock, HRB 8386</p>\n    <p>Geschäftsführer: Olaf Winkelmann</p>\n</body>\n</html>',0,3,'2024-02-13 21:49:05.560182','2024-02-13 21:49:05.560196',NULL,NULL,NULL,1,'',NULL,NULL,NULL),(18,'test@san-pepelone.de','bullemer@maritimedatasystems.com','','','Reiseinfos aus St. Pepelone','','<!DOCTYPE html>\n<html lang=\"de\">\n<head>\n    <meta charset=\"UTF-8\">\n    <meta name=\"viewport\" content=\"width=device-width, initial-scale=1.0\">\n    <title>Informationen zur bevorstehenden Reise</title>\n</head>\n<body>\n    <p>Hallo Carsten,</p>\n\n    <p>Bald ist es wieder so weit und bei Euch steigt vielleicht bereits das \"Reisefieber\".</p>\n\n    <p>Für deine Planung und Organisation erhältst Du im Anhang:</p>\n\n    <ol>\n        <li>Die Antworten auf die häufigsten Fragen von Lehrpersonen / Gruppenbetreuungspersonen.</li>\n        <li>Vorlage Teilnehmerliste (bitte vor der Reise per E-Mail zusenden), um den schnellen Ablauf vor Ort zu organisieren.</li>\n        <li>Die aktuellen Reiseinformationen für Lehrpersonen, Schüler:innen und Eltern.</li>\n        <li>Unsere Hausordnung, die von jedem(r) Schüler:in unterschrieben am Anreisetag mitgebracht werden muss.</li>\n        <li>Elternbrief und Teilnahmebedienung Kletterfelsen (falls ihr plant, diese Sportaktivität zu nutzen).</li>\n    </ol>\n\n    <p>Für unsere Planung bitte den nachfolgenden Link bis spätestens zum  anklicken und die entsprechenden Felder ausfüllen bzw. überprüfen:</p>\n\n    <b><a href=\"http://127.0.0.1:8000/update_record/3c82b1da-2630-4706-b642-4c79a4d2b5dd\">Link zur Rückmeldung</a><br>\n    Login: bullemer@maritimedatasystems.com<br>\n    Passwort: 11<br></b>\n\n    <p>(Falls der Link nicht anzuklicken geht, diesen kopieren und im Browser einfügen.)</p>\n\n    <p>Erst ca. 4 Tage vor Fahrtbeginn wird Christer die Belegung/Zimmerverteilung zumailen. Aus organisatorischen Gründen geht es nicht eher.</p>\n\n    <p>Bei weiteren Fragen stehe ich Dir gern zur Verfügung.</p>\n\n    <p>Herzliche Grüße aus San Pepelone</p>\n    <p>Swetlana</p>\n\n    <hr>\n\n    <p>i. A. Swetlana Abraham</p>\n    <p>Assistenz Resortmanagement</p>\n    <p>Feriendorf & Surfschule Pepelow GmbH</p>\n    <p>Mobil: 0173 385 44 85</p>\n    <p>E-Mail: swetlana@san-pepelone.de</p>\n    <p>Homepage: <a href=\"http://www.san-pepelone.de\">www.san-pepelone.de</a></p>\n\n    <p>Gesetzliche Informationen:</p>\n    <p>Feriendorf und Surfschule Pepelow GmbH * Sandweg 1 * Sitz der Gesellschaft: 18233 Pepelow * Eingetragen beim Amtsgericht Rostock, HRB 8386</p>\n    <p>Geschäftsführer: Olaf Winkelmann</p>\n</body>\n</html>',0,3,'2024-02-14 19:33:26.023535','2024-02-14 19:33:26.023589',NULL,NULL,NULL,1,'',NULL,NULL,NULL),(19,'test@san-pepelone.de','bullemer@maritimedatasystems.com','','','Reiseinfos aus St. Pepelone','','<!DOCTYPE html>\n<html lang=\"de\">\n<head>\n    <meta charset=\"UTF-8\">\n    <meta name=\"viewport\" content=\"width=device-width, initial-scale=1.0\">\n    <title>Informationen zur bevorstehenden Reise</title>\n</head>\n<body>\n    <p>Hallo Carsten,</p>\n\n    <p>Bald ist es wieder so weit und bei Euch steigt vielleicht bereits das \"Reisefieber\".</p>\n\n    <p>Für deine Planung und Organisation erhältst Du im Anhang:</p>\n\n    <ol>\n        <li>Die Antworten auf die häufigsten Fragen von Lehrpersonen / Gruppenbetreuungspersonen.</li>\n        <li>Vorlage Teilnehmerliste (bitte vor der Reise per E-Mail zusenden), um den schnellen Ablauf vor Ort zu organisieren.</li>\n        <li>Die aktuellen Reiseinformationen für Lehrpersonen, Schüler:innen und Eltern.</li>\n        <li>Unsere Hausordnung, die von jedem(r) Schüler:in unterschrieben am Anreisetag mitgebracht werden muss.</li>\n        <li>Elternbrief und Teilnahmebedienung Kletterfelsen (falls ihr plant, diese Sportaktivität zu nutzen).</li>\n    </ol>\n\n    <p>Für unsere Planung bitte den nachfolgenden Link bis spätestens zum  anklicken und die entsprechenden Felder ausfüllen bzw. überprüfen:</p>\n\n    <b><a href=\"http://127.0.0.1:8000/update_record/3c82b1da-2630-4706-b642-4c79a4d2b5dd\">Link zur Rückmeldung</a><br>\n    Login: bullemer@maritimedatasystems.com<br>\n    Passwort: 11<br></b>\n\n    <p>(Falls der Link nicht anzuklicken geht, diesen kopieren und im Browser einfügen.)</p>\n\n    <p>Erst ca. 4 Tage vor Fahrtbeginn wird Christer die Belegung/Zimmerverteilung zumailen. Aus organisatorischen Gründen geht es nicht eher.</p>\n\n    <p>Bei weiteren Fragen stehe ich Dir gern zur Verfügung.</p>\n\n    <p>Herzliche Grüße aus San Pepelone</p>\n    <p>Swetlana</p>\n\n    <hr>\n\n    <p>i. A. Swetlana Abraham</p>\n    <p>Assistenz Resortmanagement</p>\n    <p>Feriendorf & Surfschule Pepelow GmbH</p>\n    <p>Mobil: 0173 385 44 85</p>\n    <p>E-Mail: swetlana@san-pepelone.de</p>\n    <p>Homepage: <a href=\"http://www.san-pepelone.de\">www.san-pepelone.de</a></p>\n\n    <p>Gesetzliche Informationen:</p>\n    <p>Feriendorf und Surfschule Pepelow GmbH * Sandweg 1 * Sitz der Gesellschaft: 18233 Pepelow * Eingetragen beim Amtsgericht Rostock, HRB 8386</p>\n    <p>Geschäftsführer: Olaf Winkelmann</p>\n</body>\n</html>',0,3,'2024-02-14 20:11:38.359101','2024-02-14 20:11:38.359147',NULL,NULL,NULL,1,'',NULL,NULL,NULL),(20,'test@san-pepelone.de','bullemer@maritimedatasystems.com','','','Reiseinfos aus St. Pepelone','','<!DOCTYPE html>\n<html lang=\"de\">\n<head>\n    <meta charset=\"UTF-8\">\n    <meta name=\"viewport\" content=\"width=device-width, initial-scale=1.0\">\n    <title>Informationen zur bevorstehenden Reise</title>\n</head>\n<body>\n    <p>Hallo Carsten,</p>\n\n    <p>Bald ist es wieder so weit und bei Euch steigt vielleicht bereits das \"Reisefieber\".</p>\n\n    <p>Für deine Planung und Organisation erhältst Du im Anhang:</p>\n\n    <ol>\n        <li>Die Antworten auf die häufigsten Fragen von Lehrpersonen / Gruppenbetreuungspersonen.</li>\n        <li>Vorlage Teilnehmerliste (bitte vor der Reise per E-Mail zusenden), um den schnellen Ablauf vor Ort zu organisieren.</li>\n        <li>Die aktuellen Reiseinformationen für Lehrpersonen, Schüler:innen und Eltern.</li>\n        <li>Unsere Hausordnung, die von jedem(r) Schüler:in unterschrieben am Anreisetag mitgebracht werden muss.</li>\n        <li>Elternbrief und Teilnahmebedienung Kletterfelsen (falls ihr plant, diese Sportaktivität zu nutzen).</li>\n    </ol>\n\n    <p>Für unsere Planung bitte den nachfolgenden Link bis spätestens zum  anklicken und die entsprechenden Felder ausfüllen bzw. überprüfen:</p>\n\n    <b><a href=\"http://127.0.0.1:8000/update_record/3c82b1da-2630-4706-b642-4c79a4d2b5dd\">Link zur Rückmeldung</a><br>\n    Login: bullemer@maritimedatasystems.com<br>\n    Passwort: 11<br></b>\n\n    <p>(Falls der Link nicht anzuklicken geht, diesen kopieren und im Browser einfügen.)</p>\n\n    <p>Erst ca. 4 Tage vor Fahrtbeginn wird Christer die Belegung/Zimmerverteilung zumailen. Aus organisatorischen Gründen geht es nicht eher.</p>\n\n    <p>Bei weiteren Fragen stehe ich Dir gern zur Verfügung.</p>\n\n    <p>Herzliche Grüße aus San Pepelone</p>\n    <p>Swetlana</p>\n\n    <hr>\n\n    <p>i. A. Swetlana Abraham</p>\n    <p>Assistenz Resortmanagement</p>\n    <p>Feriendorf & Surfschule Pepelow GmbH</p>\n    <p>Mobil: 0173 385 44 85</p>\n    <p>E-Mail: swetlana@san-pepelone.de</p>\n    <p>Homepage: <a href=\"http://www.san-pepelone.de\">www.san-pepelone.de</a></p>\n\n    <p>Gesetzliche Informationen:</p>\n    <p>Feriendorf und Surfschule Pepelow GmbH * Sandweg 1 * Sitz der Gesellschaft: 18233 Pepelow * Eingetragen beim Amtsgericht Rostock, HRB 8386</p>\n    <p>Geschäftsführer: Olaf Winkelmann</p>\n</body>\n</html>',0,3,'2024-02-14 20:11:42.859352','2024-02-14 20:11:42.859379',NULL,NULL,NULL,1,'',NULL,NULL,NULL),(21,'test@san-pepelone.de','bullemer@maritimedatasystems.com','','','Reiseinfos aus St. Pepelone','','<!DOCTYPE html>\n<html lang=\"de\">\n<head>\n    <meta charset=\"UTF-8\">\n    <meta name=\"viewport\" content=\"width=device-width, initial-scale=1.0\">\n    <title>Informationen zur bevorstehenden Reise</title>\n</head>\n<body>\n    <p>Hallo Carsten,</p>\n\n    <p>Bald ist es wieder so weit und bei Euch steigt vielleicht bereits das \"Reisefieber\".</p>\n\n    <p>Für deine Planung und Organisation erhältst Du im Anhang:</p>\n\n    <ol>\n        <li>Die Antworten auf die häufigsten Fragen von Lehrpersonen / Gruppenbetreuungspersonen.</li>\n        <li>Vorlage Teilnehmerliste (bitte vor der Reise per E-Mail zusenden), um den schnellen Ablauf vor Ort zu organisieren.</li>\n        <li>Die aktuellen Reiseinformationen für Lehrpersonen, Schüler:innen und Eltern.</li>\n        <li>Unsere Hausordnung, die von jedem(r) Schüler:in unterschrieben am Anreisetag mitgebracht werden muss.</li>\n        <li>Elternbrief und Teilnahmebedienung Kletterfelsen (falls ihr plant, diese Sportaktivität zu nutzen).</li>\n    </ol>\n\n    <p>Für unsere Planung bitte den nachfolgenden Link bis spätestens zum  anklicken und die entsprechenden Felder ausfüllen bzw. überprüfen:</p>\n\n    <b><a href=\"http://127.0.0.1:8000/update_record/3c82b1da-2630-4706-b642-4c79a4d2b5dd\">Link zur Rückmeldung</a><br>\n    Login: bullemer@maritimedatasystems.com<br>\n    Passwort: 11<br></b>\n\n    <p>(Falls der Link nicht anzuklicken geht, diesen kopieren und im Browser einfügen.)</p>\n\n    <p>Erst ca. 4 Tage vor Fahrtbeginn wird Christer die Belegung/Zimmerverteilung zumailen. Aus organisatorischen Gründen geht es nicht eher.</p>\n\n    <p>Bei weiteren Fragen stehe ich Dir gern zur Verfügung.</p>\n\n    <p>Herzliche Grüße aus San Pepelone</p>\n    <p>Swetlana</p>\n\n    <hr>\n\n    <p>i. A. Swetlana Abraham</p>\n    <p>Assistenz Resortmanagement</p>\n    <p>Feriendorf & Surfschule Pepelow GmbH</p>\n    <p>Mobil: 0173 385 44 85</p>\n    <p>E-Mail: swetlana@san-pepelone.de</p>\n    <p>Homepage: <a href=\"http://www.san-pepelone.de\">www.san-pepelone.de</a></p>\n\n    <p>Gesetzliche Informationen:</p>\n    <p>Feriendorf und Surfschule Pepelow GmbH * Sandweg 1 * Sitz der Gesellschaft: 18233 Pepelow * Eingetragen beim Amtsgericht Rostock, HRB 8386</p>\n    <p>Geschäftsführer: Olaf Winkelmann</p>\n</body>\n</html>',0,3,'2024-02-14 20:13:23.478364','2024-02-14 20:13:23.478472',NULL,NULL,NULL,1,'',NULL,NULL,NULL),(22,'test@san-pepelone.de','bullemer@maritimedatasystems.com','','','Reiseinfos aus St. Pepelone','','<!DOCTYPE html>\n<html lang=\"de\">\n<head>\n    <meta charset=\"UTF-8\">\n    <meta name=\"viewport\" content=\"width=device-width, initial-scale=1.0\">\n    <title>Informationen zur bevorstehenden Reise</title>\n</head>\n<body>\n    <p>Hallo Carsten,</p>\n\n    <p>Bald ist es wieder so weit und bei Euch steigt vielleicht bereits das \"Reisefieber\".</p>\n\n    <p>Für deine Planung und Organisation erhältst Du im Anhang:</p>\n\n    <ol>\n        <li>Die Antworten auf die häufigsten Fragen von Lehrpersonen / Gruppenbetreuungspersonen.</li>\n        <li>Vorlage Teilnehmerliste (bitte vor der Reise per E-Mail zusenden), um den schnellen Ablauf vor Ort zu organisieren.</li>\n        <li>Die aktuellen Reiseinformationen für Lehrpersonen, Schüler:innen und Eltern.</li>\n        <li>Unsere Hausordnung, die von jedem(r) Schüler:in unterschrieben am Anreisetag mitgebracht werden muss.</li>\n        <li>Elternbrief und Teilnahmebedienung Kletterfelsen (falls ihr plant, diese Sportaktivität zu nutzen).</li>\n    </ol>\n\n    <p>Für unsere Planung bitte den nachfolgenden Link bis spätestens zum  anklicken und die entsprechenden Felder ausfüllen bzw. überprüfen:</p>\n\n    <b><a href=\"http://127.0.0.1:8000/update_record/3c82b1da-2630-4706-b642-4c79a4d2b5dd\">Link zur Rückmeldung</a><br>\n    Login: bullemer@maritimedatasystems.com<br>\n    Passwort: 11<br></b>\n\n    <p>(Falls der Link nicht anzuklicken geht, diesen kopieren und im Browser einfügen.)</p>\n\n    <p>Erst ca. 4 Tage vor Fahrtbeginn wird Christer die Belegung/Zimmerverteilung zumailen. Aus organisatorischen Gründen geht es nicht eher.</p>\n\n    <p>Bei weiteren Fragen stehe ich Dir gern zur Verfügung.</p>\n\n    <p>Herzliche Grüße aus San Pepelone</p>\n    <p>Swetlana</p>\n\n    <hr>\n\n    <p>i. A. Swetlana Abraham</p>\n    <p>Assistenz Resortmanagement</p>\n    <p>Feriendorf & Surfschule Pepelow GmbH</p>\n    <p>Mobil: 0173 385 44 85</p>\n    <p>E-Mail: swetlana@san-pepelone.de</p>\n    <p>Homepage: <a href=\"http://www.san-pepelone.de\">www.san-pepelone.de</a></p>\n\n    <p>Gesetzliche Informationen:</p>\n    <p>Feriendorf und Surfschule Pepelow GmbH * Sandweg 1 * Sitz der Gesellschaft: 18233 Pepelow * Eingetragen beim Amtsgericht Rostock, HRB 8386</p>\n    <p>Geschäftsführer: Olaf Winkelmann</p>\n</body>\n</html>',0,3,'2024-02-14 20:13:25.570986','2024-02-14 20:13:25.571029',NULL,NULL,NULL,1,'',NULL,NULL,NULL),(23,'test@san-pepelone.de','bullemer@maritimedatasystems.com','','','Reiseinfos aus St. Pepelone','','<!DOCTYPE html>\n<html lang=\"de\">\n<head>\n    <meta charset=\"UTF-8\">\n    <meta name=\"viewport\" content=\"width=device-width, initial-scale=1.0\">\n    <title>Informationen zur bevorstehenden Reise</title>\n</head>\n<body>\n    <p>Hallo Carsten,</p>\n\n    <p>Bald ist es wieder so weit und bei Euch steigt vielleicht bereits das \"Reisefieber\".</p>\n\n    <p>Für deine Planung und Organisation erhältst Du im Anhang:</p>\n\n    <ol>\n        <li>Die Antworten auf die häufigsten Fragen von Lehrpersonen / Gruppenbetreuungspersonen.</li>\n        <li>Vorlage Teilnehmerliste (bitte vor der Reise per E-Mail zusenden), um den schnellen Ablauf vor Ort zu organisieren.</li>\n        <li>Die aktuellen Reiseinformationen für Lehrpersonen, Schüler:innen und Eltern.</li>\n        <li>Unsere Hausordnung, die von jedem(r) Schüler:in unterschrieben am Anreisetag mitgebracht werden muss.</li>\n        <li>Elternbrief und Teilnahmebedienung Kletterfelsen (falls ihr plant, diese Sportaktivität zu nutzen).</li>\n    </ol>\n\n    <p>Für unsere Planung bitte den nachfolgenden Link bis spätestens zum  anklicken und die entsprechenden Felder ausfüllen bzw. überprüfen:</p>\n\n    <b><a href=\"http://127.0.0.1:8000/update_record/3c82b1da-2630-4706-b642-4c79a4d2b5dd\">Link zur Rückmeldung</a><br>\n    Login: bullemer@maritimedatasystems.com<br>\n    Passwort: 11<br></b>\n\n    <p>(Falls der Link nicht anzuklicken geht, diesen kopieren und im Browser einfügen.)</p>\n\n    <p>Erst ca. 4 Tage vor Fahrtbeginn wird Christer die Belegung/Zimmerverteilung zumailen. Aus organisatorischen Gründen geht es nicht eher.</p>\n\n    <p>Bei weiteren Fragen stehe ich Dir gern zur Verfügung.</p>\n\n    <p>Herzliche Grüße aus San Pepelone</p>\n    <p>Swetlana</p>\n\n    <hr>\n\n    <p>i. A. Swetlana Abraham</p>\n    <p>Assistenz Resortmanagement</p>\n    <p>Feriendorf & Surfschule Pepelow GmbH</p>\n    <p>Mobil: 0173 385 44 85</p>\n    <p>E-Mail: swetlana@san-pepelone.de</p>\n    <p>Homepage: <a href=\"http://www.san-pepelone.de\">www.san-pepelone.de</a></p>\n\n    <p>Gesetzliche Informationen:</p>\n    <p>Feriendorf und Surfschule Pepelow GmbH * Sandweg 1 * Sitz der Gesellschaft: 18233 Pepelow * Eingetragen beim Amtsgericht Rostock, HRB 8386</p>\n    <p>Geschäftsführer: Olaf Winkelmann</p>\n</body>\n</html>',0,3,'2024-02-14 20:14:00.596291','2024-02-14 20:14:00.596337',NULL,NULL,NULL,1,'',NULL,NULL,NULL),(24,'test@san-pepelone.de','bullemer@maritimedatasystems.com','','','Reiseinfos aus St. Pepelone','','<!DOCTYPE html>\n<html lang=\"de\">\n<head>\n    <meta charset=\"UTF-8\">\n    <meta name=\"viewport\" content=\"width=device-width, initial-scale=1.0\">\n    <title>Informationen zur bevorstehenden Reise</title>\n</head>\n<body>\n    <p>Hallo Carsten,</p>\n\n    <p>Bald ist es wieder so weit und bei Euch steigt vielleicht bereits das \"Reisefieber\".</p>\n\n    <p>Für deine Planung und Organisation erhältst Du im Anhang:</p>\n\n    <ol>\n        <li>Die Antworten auf die häufigsten Fragen von Lehrpersonen / Gruppenbetreuungspersonen.</li>\n        <li>Vorlage Teilnehmerliste (bitte vor der Reise per E-Mail zusenden), um den schnellen Ablauf vor Ort zu organisieren.</li>\n        <li>Die aktuellen Reiseinformationen für Lehrpersonen, Schüler:innen und Eltern.</li>\n        <li>Unsere Hausordnung, die von jedem(r) Schüler:in unterschrieben am Anreisetag mitgebracht werden muss.</li>\n        <li>Elternbrief und Teilnahmebedienung Kletterfelsen (falls ihr plant, diese Sportaktivität zu nutzen).</li>\n    </ol>\n\n    <p>Für unsere Planung bitte den nachfolgenden Link bis spätestens zum  anklicken und die entsprechenden Felder ausfüllen bzw. überprüfen:</p>\n\n    <b><a href=\"http://127.0.0.1:8000/update_record/3c82b1da-2630-4706-b642-4c79a4d2b5dd\">Link zur Rückmeldung</a><br>\n    Login: bullemer@maritimedatasystems.com<br>\n    Passwort: 11<br></b>\n\n    <p>(Falls der Link nicht anzuklicken geht, diesen kopieren und im Browser einfügen.)</p>\n\n    <p>Erst ca. 4 Tage vor Fahrtbeginn wird Christer die Belegung/Zimmerverteilung zumailen. Aus organisatorischen Gründen geht es nicht eher.</p>\n\n    <p>Bei weiteren Fragen stehe ich Dir gern zur Verfügung.</p>\n\n    <p>Herzliche Grüße aus San Pepelone</p>\n    <p>Swetlana</p>\n\n    <hr>\n\n    <p>i. A. Swetlana Abraham</p>\n    <p>Assistenz Resortmanagement</p>\n    <p>Feriendorf & Surfschule Pepelow GmbH</p>\n    <p>Mobil: 0173 385 44 85</p>\n    <p>E-Mail: swetlana@san-pepelone.de</p>\n    <p>Homepage: <a href=\"http://www.san-pepelone.de\">www.san-pepelone.de</a></p>\n\n    <p>Gesetzliche Informationen:</p>\n    <p>Feriendorf und Surfschule Pepelow GmbH * Sandweg 1 * Sitz der Gesellschaft: 18233 Pepelow * Eingetragen beim Amtsgericht Rostock, HRB 8386</p>\n    <p>Geschäftsführer: Olaf Winkelmann</p>\n</body>\n</html>',0,3,'2024-02-14 20:14:03.276390','2024-02-14 20:14:03.276442',NULL,NULL,NULL,1,'',NULL,NULL,NULL),(25,'test@san-pepelone.de','bullemer@maritimedatasystems.com','','','Reiseinfos aus St. Pepelone','','<!DOCTYPE html>\n<html lang=\"de\">\n<head>\n    <meta charset=\"UTF-8\">\n    <meta name=\"viewport\" content=\"width=device-width, initial-scale=1.0\">\n    <title>Informationen zur bevorstehenden Reise</title>\n</head>\n<body>\n    <p>Hallo Carsten,</p>\n\n    <p>Bald ist es wieder so weit und bei Euch steigt vielleicht bereits das \"Reisefieber\".</p>\n\n    <p>Für deine Planung und Organisation erhältst Du im Anhang:</p>\n\n    <ol>\n        <li>Die Antworten auf die häufigsten Fragen von Lehrpersonen / Gruppenbetreuungspersonen.</li>\n        <li>Vorlage Teilnehmerliste (bitte vor der Reise per E-Mail zusenden), um den schnellen Ablauf vor Ort zu organisieren.</li>\n        <li>Die aktuellen Reiseinformationen für Lehrpersonen, Schüler:innen und Eltern.</li>\n        <li>Unsere Hausordnung, die von jedem(r) Schüler:in unterschrieben am Anreisetag mitgebracht werden muss.</li>\n        <li>Elternbrief und Teilnahmebedienung Kletterfelsen (falls ihr plant, diese Sportaktivität zu nutzen).</li>\n    </ol>\n\n    <p>Für unsere Planung bitte den nachfolgenden Link bis spätestens zum  anklicken und die entsprechenden Felder ausfüllen bzw. überprüfen:</p>\n\n    <b><a href=\"http://127.0.0.1:8000/update_record/3c82b1da-2630-4706-b642-4c79a4d2b5dd\">Link zur Rückmeldung</a><br>\n    Login: bullemer@maritimedatasystems.com<br>\n    Passwort: 11<br></b>\n\n    <p>(Falls der Link nicht anzuklicken geht, diesen kopieren und im Browser einfügen.)</p>\n\n    <p>Erst ca. 4 Tage vor Fahrtbeginn wird Christer die Belegung/Zimmerverteilung zumailen. Aus organisatorischen Gründen geht es nicht eher.</p>\n\n    <p>Bei weiteren Fragen stehe ich Dir gern zur Verfügung.</p>\n\n    <p>Herzliche Grüße aus San Pepelone</p>\n    <p>Swetlana</p>\n\n    <hr>\n\n    <p>i. A. Swetlana Abraham</p>\n    <p>Assistenz Resortmanagement</p>\n    <p>Feriendorf & Surfschule Pepelow GmbH</p>\n    <p>Mobil: 0173 385 44 85</p>\n    <p>E-Mail: swetlana@san-pepelone.de</p>\n    <p>Homepage: <a href=\"http://www.san-pepelone.de\">www.san-pepelone.de</a></p>\n\n    <p>Gesetzliche Informationen:</p>\n    <p>Feriendorf und Surfschule Pepelow GmbH * Sandweg 1 * Sitz der Gesellschaft: 18233 Pepelow * Eingetragen beim Amtsgericht Rostock, HRB 8386</p>\n    <p>Geschäftsführer: Olaf Winkelmann</p>\n</body>\n</html>',0,3,'2024-02-14 20:17:58.947686','2024-02-14 20:17:58.947730',NULL,NULL,NULL,1,'',NULL,NULL,NULL),(26,'test@san-pepelone.de','bullemer@maritimedatasystems.com','','','Reiseinfos aus St. Pepelone','','<!DOCTYPE html>\n<html lang=\"de\">\n<head>\n    <meta charset=\"UTF-8\">\n    <meta name=\"viewport\" content=\"width=device-width, initial-scale=1.0\">\n    <title>Informationen zur bevorstehenden Reise</title>\n</head>\n<body>\n    <p>Hallo Carsten,</p>\n\n    <p>Bald ist es wieder so weit und bei Euch steigt vielleicht bereits das \"Reisefieber\".</p>\n\n    <p>Für deine Planung und Organisation erhältst Du im Anhang:</p>\n\n    <ol>\n        <li>Die Antworten auf die häufigsten Fragen von Lehrpersonen / Gruppenbetreuungspersonen.</li>\n        <li>Vorlage Teilnehmerliste (bitte vor der Reise per E-Mail zusenden), um den schnellen Ablauf vor Ort zu organisieren.</li>\n        <li>Die aktuellen Reiseinformationen für Lehrpersonen, Schüler:innen und Eltern.</li>\n        <li>Unsere Hausordnung, die von jedem(r) Schüler:in unterschrieben am Anreisetag mitgebracht werden muss.</li>\n        <li>Elternbrief und Teilnahmebedienung Kletterfelsen (falls ihr plant, diese Sportaktivität zu nutzen).</li>\n    </ol>\n\n    <p>Für unsere Planung bitte den nachfolgenden Link bis spätestens zum  anklicken und die entsprechenden Felder ausfüllen bzw. überprüfen:</p>\n\n    <b><a href=\"http://127.0.0.1:8000/update_record/3c82b1da-2630-4706-b642-4c79a4d2b5dd\">Link zur Rückmeldung</a><br>\n    Login: bullemer@maritimedatasystems.com<br>\n    Passwort: 11<br></b>\n\n    <p>(Falls der Link nicht anzuklicken geht, diesen kopieren und im Browser einfügen.)</p>\n\n    <p>Erst ca. 4 Tage vor Fahrtbeginn wird Christer die Belegung/Zimmerverteilung zumailen. Aus organisatorischen Gründen geht es nicht eher.</p>\n\n    <p>Bei weiteren Fragen stehe ich Dir gern zur Verfügung.</p>\n\n    <p>Herzliche Grüße aus San Pepelone</p>\n    <p>Swetlana</p>\n\n    <hr>\n\n    <p>i. A. Swetlana Abraham</p>\n    <p>Assistenz Resortmanagement</p>\n    <p>Feriendorf & Surfschule Pepelow GmbH</p>\n    <p>Mobil: 0173 385 44 85</p>\n    <p>E-Mail: swetlana@san-pepelone.de</p>\n    <p>Homepage: <a href=\"http://www.san-pepelone.de\">www.san-pepelone.de</a></p>\n\n    <p>Gesetzliche Informationen:</p>\n    <p>Feriendorf und Surfschule Pepelow GmbH * Sandweg 1 * Sitz der Gesellschaft: 18233 Pepelow * Eingetragen beim Amtsgericht Rostock, HRB 8386</p>\n    <p>Geschäftsführer: Olaf Winkelmann</p>\n</body>\n</html>',0,3,'2024-02-14 20:18:21.423584','2024-02-14 20:18:21.423698',NULL,NULL,NULL,1,'',NULL,NULL,NULL),(27,'test@san-pepelone.de','bullemer@maritimedatasystems.com','','','Reiseinfos aus St. Pepelone','','<!DOCTYPE html>\n<html lang=\"de\">\n<head>\n    <meta charset=\"UTF-8\">\n    <meta name=\"viewport\" content=\"width=device-width, initial-scale=1.0\">\n    <title>Informationen zur bevorstehenden Reise</title>\n</head>\n<body>\n    <p>Hallo Carsten,</p>\n\n    <p>Bald ist es wieder so weit und bei Euch steigt vielleicht bereits das \"Reisefieber\".</p>\n\n    <p>Für deine Planung und Organisation erhältst Du im Anhang:</p>\n\n    <ol>\n        <li>Die Antworten auf die häufigsten Fragen von Lehrpersonen / Gruppenbetreuungspersonen.</li>\n        <li>Vorlage Teilnehmerliste (bitte vor der Reise per E-Mail zusenden), um den schnellen Ablauf vor Ort zu organisieren.</li>\n        <li>Die aktuellen Reiseinformationen für Lehrpersonen, Schüler:innen und Eltern.</li>\n        <li>Unsere Hausordnung, die von jedem(r) Schüler:in unterschrieben am Anreisetag mitgebracht werden muss.</li>\n        <li>Elternbrief und Teilnahmebedienung Kletterfelsen (falls ihr plant, diese Sportaktivität zu nutzen).</li>\n    </ol>\n\n    <p>Für unsere Planung bitte den nachfolgenden Link bis spätestens zum  anklicken und die entsprechenden Felder ausfüllen bzw. überprüfen:</p>\n\n    <b><a href=\"http://127.0.0.1:8000/update_record/3c82b1da-2630-4706-b642-4c79a4d2b5dd\">Link zur Rückmeldung</a><br>\n    Login: bullemer@maritimedatasystems.com<br>\n    Passwort: 11<br></b>\n\n    <p>(Falls der Link nicht anzuklicken geht, diesen kopieren und im Browser einfügen.)</p>\n\n    <p>Erst ca. 4 Tage vor Fahrtbeginn wird Christer die Belegung/Zimmerverteilung zumailen. Aus organisatorischen Gründen geht es nicht eher.</p>\n\n    <p>Bei weiteren Fragen stehe ich Dir gern zur Verfügung.</p>\n\n    <p>Herzliche Grüße aus San Pepelone</p>\n    <p>Swetlana</p>\n\n    <hr>\n\n    <p>i. A. Swetlana Abraham</p>\n    <p>Assistenz Resortmanagement</p>\n    <p>Feriendorf & Surfschule Pepelow GmbH</p>\n    <p>Mobil: 0173 385 44 85</p>\n    <p>E-Mail: swetlana@san-pepelone.de</p>\n    <p>Homepage: <a href=\"http://www.san-pepelone.de\">www.san-pepelone.de</a></p>\n\n    <p>Gesetzliche Informationen:</p>\n    <p>Feriendorf und Surfschule Pepelow GmbH * Sandweg 1 * Sitz der Gesellschaft: 18233 Pepelow * Eingetragen beim Amtsgericht Rostock, HRB 8386</p>\n    <p>Geschäftsführer: Olaf Winkelmann</p>\n</body>\n</html>',0,3,'2024-02-14 20:18:28.696060','2024-02-14 20:18:28.696108',NULL,NULL,NULL,1,'',NULL,NULL,NULL),(28,'test@san-pepelone.de','bullemer@maritimedatasystems.com','','','Reiseinfos aus St. Pepelone','','<!DOCTYPE html>\n<html lang=\"de\">\n<head>\n    <meta charset=\"UTF-8\">\n    <meta name=\"viewport\" content=\"width=device-width, initial-scale=1.0\">\n    <title>Informationen zur bevorstehenden Reise</title>\n</head>\n<body>\n    <p>Hallo Carsten,</p>\n\n    <p>Bald ist es wieder so weit und bei Euch steigt vielleicht bereits das \"Reisefieber\".</p>\n\n    <p>Für deine Planung und Organisation erhältst Du im Anhang:</p>\n\n    <ol>\n        <li>Die Antworten auf die häufigsten Fragen von Lehrpersonen / Gruppenbetreuungspersonen.</li>\n        <li>Vorlage Teilnehmerliste (bitte vor der Reise per E-Mail zusenden), um den schnellen Ablauf vor Ort zu organisieren.</li>\n        <li>Die aktuellen Reiseinformationen für Lehrpersonen, Schüler:innen und Eltern.</li>\n        <li>Unsere Hausordnung, die von jedem(r) Schüler:in unterschrieben am Anreisetag mitgebracht werden muss.</li>\n        <li>Elternbrief und Teilnahmebedienung Kletterfelsen (falls ihr plant, diese Sportaktivität zu nutzen).</li>\n    </ol>\n\n    <p>Für unsere Planung bitte den nachfolgenden Link bis spätestens zum  anklicken und die entsprechenden Felder ausfüllen bzw. überprüfen:</p>\n\n    <b><a href=\"http://127.0.0.1:8000/update_record/3c82b1da-2630-4706-b642-4c79a4d2b5dd\">Link zur Rückmeldung</a><br>\n    Login: bullemer@maritimedatasystems.com<br>\n    Passwort: 11<br></b>\n\n    <p>(Falls der Link nicht anzuklicken geht, diesen kopieren und im Browser einfügen.)</p>\n\n    <p>Erst ca. 4 Tage vor Fahrtbeginn wird Christer die Belegung/Zimmerverteilung zumailen. Aus organisatorischen Gründen geht es nicht eher.</p>\n\n    <p>Bei weiteren Fragen stehe ich Dir gern zur Verfügung.</p>\n\n    <p>Herzliche Grüße aus San Pepelone</p>\n    <p>Swetlana</p>\n\n    <hr>\n\n    <p>i. A. Swetlana Abraham</p>\n    <p>Assistenz Resortmanagement</p>\n    <p>Feriendorf & Surfschule Pepelow GmbH</p>\n    <p>Mobil: 0173 385 44 85</p>\n    <p>E-Mail: swetlana@san-pepelone.de</p>\n    <p>Homepage: <a href=\"http://www.san-pepelone.de\">www.san-pepelone.de</a></p>\n\n    <p>Gesetzliche Informationen:</p>\n    <p>Feriendorf und Surfschule Pepelow GmbH * Sandweg 1 * Sitz der Gesellschaft: 18233 Pepelow * Eingetragen beim Amtsgericht Rostock, HRB 8386</p>\n    <p>Geschäftsführer: Olaf Winkelmann</p>\n</body>\n</html>',0,3,'2024-02-14 20:18:31.360520','2024-02-14 20:18:31.360643',NULL,NULL,NULL,1,'',NULL,NULL,NULL),(29,'test@san-pepelone.de','bullemer@maritimedatasystems.com','','','Reiseinfos aus St. Pepelone','','<!DOCTYPE html>\n<html lang=\"de\">\n<head>\n    <meta charset=\"UTF-8\">\n    <meta name=\"viewport\" content=\"width=device-width, initial-scale=1.0\">\n    <title>Informationen zur bevorstehenden Reise</title>\n</head>\n<body>\n    <p>Hallo Carsten,</p>\n\n    <p>Bald ist es wieder so weit und bei Euch steigt vielleicht bereits das \"Reisefieber\".</p>\n\n    <p>Für deine Planung und Organisation erhältst Du im Anhang:</p>\n\n    <ol>\n        <li>Die Antworten auf die häufigsten Fragen von Lehrpersonen / Gruppenbetreuungspersonen.</li>\n        <li>Vorlage Teilnehmerliste (bitte vor der Reise per E-Mail zusenden), um den schnellen Ablauf vor Ort zu organisieren.</li>\n        <li>Die aktuellen Reiseinformationen für Lehrpersonen, Schüler:innen und Eltern.</li>\n        <li>Unsere Hausordnung, die von jedem(r) Schüler:in unterschrieben am Anreisetag mitgebracht werden muss.</li>\n        <li>Elternbrief und Teilnahmebedienung Kletterfelsen (falls ihr plant, diese Sportaktivität zu nutzen).</li>\n    </ol>\n\n    <p>Für unsere Planung bitte den nachfolgenden Link bis spätestens zum  anklicken und die entsprechenden Felder ausfüllen bzw. überprüfen:</p>\n\n    <b><a href=\"http://127.0.0.1:8000/update_record/3c82b1da-2630-4706-b642-4c79a4d2b5dd\">Link zur Rückmeldung</a><br>\n    Login: bullemer@maritimedatasystems.com<br>\n    Passwort: 11<br></b>\n\n    <p>(Falls der Link nicht anzuklicken geht, diesen kopieren und im Browser einfügen.)</p>\n\n    <p>Erst ca. 4 Tage vor Fahrtbeginn wird Christer die Belegung/Zimmerverteilung zumailen. Aus organisatorischen Gründen geht es nicht eher.</p>\n\n    <p>Bei weiteren Fragen stehe ich Dir gern zur Verfügung.</p>\n\n    <p>Herzliche Grüße aus San Pepelone</p>\n    <p>Swetlana</p>\n\n    <hr>\n\n    <p>i. A. Swetlana Abraham</p>\n    <p>Assistenz Resortmanagement</p>\n    <p>Feriendorf & Surfschule Pepelow GmbH</p>\n    <p>Mobil: 0173 385 44 85</p>\n    <p>E-Mail: swetlana@san-pepelone.de</p>\n    <p>Homepage: <a href=\"http://www.san-pepelone.de\">www.san-pepelone.de</a></p>\n\n    <p>Gesetzliche Informationen:</p>\n    <p>Feriendorf und Surfschule Pepelow GmbH * Sandweg 1 * Sitz der Gesellschaft: 18233 Pepelow * Eingetragen beim Amtsgericht Rostock, HRB 8386</p>\n    <p>Geschäftsführer: Olaf Winkelmann</p>\n</body>\n</html>',0,3,'2024-02-14 20:18:47.986794','2024-02-14 20:18:47.986833',NULL,NULL,NULL,1,'',NULL,NULL,NULL),(30,'test@san-pepelone.de','john@marine.media','','','Reiseinfos aus St. Pepelone','','<!DOCTYPE html>\n<html lang=\"de\">\n<head>\n    <meta charset=\"UTF-8\">\n    <meta name=\"viewport\" content=\"width=device-width, initial-scale=1.0\">\n    <title>Informationen zur bevorstehenden Reise</title>\n</head>\n<body>\n    <p>Hallo Tompeter,</p>\n\n    <p>Bald ist es wieder so weit und bei Euch steigt vielleicht bereits das \"Reisefieber\".</p>\n\n    <p>Für deine Planung und Organisation erhältst Du im Anhang:</p>\n\n    <ol>\n        <li>Die Antworten auf die häufigsten Fragen von Lehrpersonen / Gruppenbetreuungspersonen.</li>\n        <li>Vorlage Teilnehmerliste (bitte vor der Reise per E-Mail zusenden), um den schnellen Ablauf vor Ort zu organisieren.</li>\n        <li>Die aktuellen Reiseinformationen für Lehrpersonen, Schüler:innen und Eltern.</li>\n        <li>Unsere Hausordnung, die von jedem(r) Schüler:in unterschrieben am Anreisetag mitgebracht werden muss.</li>\n        <li>Elternbrief und Teilnahmebedienung Kletterfelsen (falls ihr plant, diese Sportaktivität zu nutzen).</li>\n    </ol>\n\n    <p>Für unsere Planung bitte den nachfolgenden Link bis spätestens zum  anklicken und die entsprechenden Felder ausfüllen bzw. überprüfen:</p>\n\n    <b><a href=\"http://127.0.0.1:8000/update_record/78923e8a-7cce-4e67-b90c-9abb47001e4d\">Link zur Rückmeldung</a><br>\n    Login: john@marine.media<br>\n    Passwort: 15<br></b>\n\n    <p>(Falls der Link nicht anzuklicken geht, diesen kopieren und im Browser einfügen.)</p>\n\n    <p>Erst ca. 4 Tage vor Fahrtbeginn wird Christer die Belegung/Zimmerverteilung zumailen. Aus organisatorischen Gründen geht es nicht eher.</p>\n\n    <p>Bei weiteren Fragen stehe ich Dir gern zur Verfügung.</p>\n\n    <p>Herzliche Grüße aus San Pepelone</p>\n    <p>Swetlana</p>\n\n    <hr>\n\n    <p>i. A. Swetlana Abraham</p>\n    <p>Assistenz Resortmanagement</p>\n    <p>Feriendorf & Surfschule Pepelow GmbH</p>\n    <p>Mobil: 0173 385 44 85</p>\n    <p>E-Mail: swetlana@san-pepelone.de</p>\n    <p>Homepage: <a href=\"http://www.san-pepelone.de\">www.san-pepelone.de</a></p>\n\n    <p>Gesetzliche Informationen:</p>\n    <p>Feriendorf und Surfschule Pepelow GmbH * Sandweg 1 * Sitz der Gesellschaft: 18233 Pepelow * Eingetragen beim Amtsgericht Rostock, HRB 8386</p>\n    <p>Geschäftsführer: Olaf Winkelmann</p>\n</body>\n</html>',0,3,'2024-02-14 20:58:34.359433','2024-02-14 20:58:34.359456',NULL,NULL,NULL,1,'',NULL,NULL,NULL),(31,'test@san-pepelone.de','john@marine.media','','','Reiseinfos aus St. Pepelone','','<!DOCTYPE html>\n<html lang=\"de\">\n<head>\n    <meta charset=\"UTF-8\">\n    <meta name=\"viewport\" content=\"width=device-width, initial-scale=1.0\">\n    <title>Informationen zur bevorstehenden Reise</title>\n</head>\n<body>\n    <p>Hallo Nadine,</p>\n\n    <p>Bald ist es wieder so weit und bei Euch steigt vielleicht bereits das \"Reisefieber\".</p>\n\n    <p>Für deine Planung und Organisation erhältst Du im Anhang:</p>\n\n    <ol>\n        <li>Die Antworten auf die häufigsten Fragen von Lehrpersonen / Gruppenbetreuungspersonen.</li>\n        <li>Vorlage Teilnehmerliste (bitte vor der Reise per E-Mail zusenden), um den schnellen Ablauf vor Ort zu organisieren.</li>\n        <li>Die aktuellen Reiseinformationen für Lehrpersonen, Schüler:innen und Eltern.</li>\n        <li>Unsere Hausordnung, die von jedem(r) Schüler:in unterschrieben am Anreisetag mitgebracht werden muss.</li>\n        <li>Elternbrief und Teilnahmebedienung Kletterfelsen (falls ihr plant, diese Sportaktivität zu nutzen).</li>\n    </ol>\n\n    <p>Für unsere Planung bitte den nachfolgenden Link bis spätestens zum  anklicken und die entsprechenden Felder ausfüllen bzw. überprüfen:</p>\n\n    <b><a href=\"http://127.0.0.1:8000/update_record/acb47326-cebe-4764-9a18-e15cb662c523\">Link zur Rückmeldung</a><br>\n    Login: john@marine.media<br>\n    Passwort: 16<br></b>\n\n    <p>(Falls der Link nicht anzuklicken geht, diesen kopieren und im Browser einfügen.)</p>\n\n    <p>Erst ca. 4 Tage vor Fahrtbeginn wird Christer die Belegung/Zimmerverteilung zumailen. Aus organisatorischen Gründen geht es nicht eher.</p>\n\n    <p>Bei weiteren Fragen stehe ich Dir gern zur Verfügung.</p>\n\n    <p>Herzliche Grüße aus San Pepelone</p>\n    <p>Swetlana</p>\n\n    <hr>\n\n    <p>i. A. Swetlana Abraham</p>\n    <p>Assistenz Resortmanagement</p>\n    <p>Feriendorf & Surfschule Pepelow GmbH</p>\n    <p>Mobil: 0173 385 44 85</p>\n    <p>E-Mail: swetlana@san-pepelone.de</p>\n    <p>Homepage: <a href=\"http://www.san-pepelone.de\">www.san-pepelone.de</a></p>\n\n    <p>Gesetzliche Informationen:</p>\n    <p>Feriendorf und Surfschule Pepelow GmbH * Sandweg 1 * Sitz der Gesellschaft: 18233 Pepelow * Eingetragen beim Amtsgericht Rostock, HRB 8386</p>\n    <p>Geschäftsführer: Olaf Winkelmann</p>\n</body>\n</html>',0,3,'2024-02-14 21:12:29.955959','2024-02-14 21:12:29.956027',NULL,NULL,NULL,1,'',NULL,NULL,NULL),(32,'test@san-pepelone.de','john@marine.media','','','Reiseinfos aus St. Pepelone','','<!DOCTYPE html>\n<html lang=\"de\">\n<head>\n    <meta charset=\"UTF-8\">\n    <meta name=\"viewport\" content=\"width=device-width, initial-scale=1.0\">\n    <title>Informationen zur bevorstehenden Reise</title>\n</head>\n<body>\n    <p>Hallo Anne,</p>\n\n    <p>Bald ist es wieder so weit und bei Euch steigt vielleicht bereits das \"Reisefieber\".</p>\n\n    <p>Für deine Planung und Organisation erhältst Du im Anhang:</p>\n\n    <ol>\n        <li>Die Antworten auf die häufigsten Fragen von Lehrpersonen / Gruppenbetreuungspersonen.</li>\n        <li>Vorlage Teilnehmerliste (bitte vor der Reise per E-Mail zusenden), um den schnellen Ablauf vor Ort zu organisieren.</li>\n        <li>Die aktuellen Reiseinformationen für Lehrpersonen, Schüler:innen und Eltern.</li>\n        <li>Unsere Hausordnung, die von jedem(r) Schüler:in unterschrieben am Anreisetag mitgebracht werden muss.</li>\n        <li>Elternbrief und Teilnahmebedienung Kletterfelsen (falls ihr plant, diese Sportaktivität zu nutzen).</li>\n    </ol>\n\n    <p>Für unsere Planung bitte den nachfolgenden Link bis spätestens zum  anklicken und die entsprechenden Felder ausfüllen bzw. überprüfen:</p>\n\n    <b><a href=\"http://127.0.0.1:8000/update_record/e7a29f59-6ab3-454d-a019-efcd1725a5d6\">Link zur Rückmeldung</a><br>\n    Login: john@marine.media<br>\n    Passwort: 19<br></b>\n\n    <p>(Falls der Link nicht anzuklicken geht, diesen kopieren und im Browser einfügen.)</p>\n\n    <p>Erst ca. 4 Tage vor Fahrtbeginn wird Christer die Belegung/Zimmerverteilung zumailen. Aus organisatorischen Gründen geht es nicht eher.</p>\n\n    <p>Bei weiteren Fragen stehe ich Dir gern zur Verfügung.</p>\n\n    <p>Herzliche Grüße aus San Pepelone</p>\n    <p>Swetlana</p>\n\n    <hr>\n\n    <p>i. A. Swetlana Abraham</p>\n    <p>Assistenz Resortmanagement</p>\n    <p>Feriendorf & Surfschule Pepelow GmbH</p>\n    <p>Mobil: 0173 385 44 85</p>\n    <p>E-Mail: swetlana@san-pepelone.de</p>\n    <p>Homepage: <a href=\"http://www.san-pepelone.de\">www.san-pepelone.de</a></p>\n\n    <p>Gesetzliche Informationen:</p>\n    <p>Feriendorf und Surfschule Pepelow GmbH * Sandweg 1 * Sitz der Gesellschaft: 18233 Pepelow * Eingetragen beim Amtsgericht Rostock, HRB 8386</p>\n    <p>Geschäftsführer: Olaf Winkelmann</p>\n</body>\n</html>',0,3,'2024-02-15 20:41:50.415969','2024-02-15 20:41:50.416008',NULL,NULL,NULL,1,'',NULL,NULL,NULL),(33,'test@san-pepelone.de','john@marine.media','','','Reiseinfos aus St. Pepelone','','<!DOCTYPE html>\n<html lang=\"de\">\n<head>\n    <meta charset=\"UTF-8\">\n    <meta name=\"viewport\" content=\"width=device-width, initial-scale=1.0\">\n    <title>Informationen zur bevorstehenden Reise</title>\n</head>\n<body>\n    <p>Hallo Anne,</p>\n\n    <p>Bald ist es wieder so weit und bei Euch steigt vielleicht bereits das \"Reisefieber\".</p>\n\n    <p>Für deine Planung und Organisation erhältst Du im Anhang:</p>\n\n    <ol>\n        <li>Die Antworten auf die häufigsten Fragen von Lehrpersonen / Gruppenbetreuungspersonen.</li>\n        <li>Vorlage Teilnehmerliste (bitte vor der Reise per E-Mail zusenden), um den schnellen Ablauf vor Ort zu organisieren.</li>\n        <li>Die aktuellen Reiseinformationen für Lehrpersonen, Schüler:innen und Eltern.</li>\n        <li>Unsere Hausordnung, die von jedem(r) Schüler:in unterschrieben am Anreisetag mitgebracht werden muss.</li>\n        <li>Elternbrief und Teilnahmebedienung Kletterfelsen (falls ihr plant, diese Sportaktivität zu nutzen).</li>\n    </ol>\n\n    <p>Für unsere Planung bitte den nachfolgenden Link bis spätestens zum  anklicken und die entsprechenden Felder ausfüllen bzw. überprüfen:</p>\n\n    <b><a href=\"http://127.0.0.1:8000/update_record/e7a29f59-6ab3-454d-a019-efcd1725a5d6\">Link zur Rückmeldung</a><br>\n    Login: john@marine.media<br>\n    Passwort: 19<br></b>\n\n    <p>(Falls der Link nicht anzuklicken geht, diesen kopieren und im Browser einfügen.)</p>\n\n    <p>Erst ca. 4 Tage vor Fahrtbeginn wird Christer die Belegung/Zimmerverteilung zumailen. Aus organisatorischen Gründen geht es nicht eher.</p>\n\n    <p>Bei weiteren Fragen stehe ich Dir gern zur Verfügung.</p>\n\n    <p>Herzliche Grüße aus San Pepelone</p>\n    <p>Swetlana</p>\n\n    <hr>\n\n    <p>i. A. Swetlana Abraham</p>\n    <p>Assistenz Resortmanagement</p>\n    <p>Feriendorf & Surfschule Pepelow GmbH</p>\n    <p>Mobil: 0173 385 44 85</p>\n    <p>E-Mail: swetlana@san-pepelone.de</p>\n    <p>Homepage: <a href=\"http://www.san-pepelone.de\">www.san-pepelone.de</a></p>\n\n    <p>Gesetzliche Informationen:</p>\n    <p>Feriendorf und Surfschule Pepelow GmbH * Sandweg 1 * Sitz der Gesellschaft: 18233 Pepelow * Eingetragen beim Amtsgericht Rostock, HRB 8386</p>\n    <p>Geschäftsführer: Olaf Winkelmann</p>\n</body>\n</html>',0,3,'2024-02-15 22:20:35.411861','2024-02-15 22:20:35.411901',NULL,NULL,NULL,1,'',NULL,NULL,NULL),(34,'test@san-pepelone.de','john@marine.media','','','Reiseinfos aus St. Pepelone','','<!DOCTYPE html>\n<html lang=\"de\">\n<head>\n    <meta charset=\"UTF-8\">\n    <meta name=\"viewport\" content=\"width=device-width, initial-scale=1.0\">\n    <title>Informationen zur bevorstehenden Reise</title>\n</head>\n<body>\n    <p>Hallo Anne,</p>\n\n    <p>Bald ist es wieder so weit und bei Euch steigt vielleicht bereits das \"Reisefieber\".</p>\n\n    <p>Für deine Planung und Organisation erhältst Du im Anhang:</p>\n\n    <ol>\n        <li>Die Antworten auf die häufigsten Fragen von Lehrpersonen / Gruppenbetreuungspersonen.</li>\n        <li>Vorlage Teilnehmerliste (bitte vor der Reise per E-Mail zusenden), um den schnellen Ablauf vor Ort zu organisieren.</li>\n        <li>Die aktuellen Reiseinformationen für Lehrpersonen, Schüler:innen und Eltern.</li>\n        <li>Unsere Hausordnung, die von jedem(r) Schüler:in unterschrieben am Anreisetag mitgebracht werden muss.</li>\n        <li>Elternbrief und Teilnahmebedienung Kletterfelsen (falls ihr plant, diese Sportaktivität zu nutzen).</li>\n    </ol>\n\n    <p>Für unsere Planung bitte den nachfolgenden Link bis spätestens zum  anklicken und die entsprechenden Felder ausfüllen bzw. überprüfen:</p>\n\n    <b><a href=\"http://127.0.0.1:8000/update_record/e7a29f59-6ab3-454d-a019-efcd1725a5d6\">Link zur Rückmeldung</a><br>\n    Login: john@marine.media<br>\n    Passwort: 19<br></b>\n\n    <p>(Falls der Link nicht anzuklicken geht, diesen kopieren und im Browser einfügen.)</p>\n\n    <p>Erst ca. 4 Tage vor Fahrtbeginn wird Christer die Belegung/Zimmerverteilung zumailen. Aus organisatorischen Gründen geht es nicht eher.</p>\n\n    <p>Bei weiteren Fragen stehe ich Dir gern zur Verfügung.</p>\n\n    <p>Herzliche Grüße aus San Pepelone</p>\n    <p>Swetlana</p>\n\n    <hr>\n\n    <p>i. A. Swetlana Abraham</p>\n    <p>Assistenz Resortmanagement</p>\n    <p>Feriendorf & Surfschule Pepelow GmbH</p>\n    <p>Mobil: 0173 385 44 85</p>\n    <p>E-Mail: swetlana@san-pepelone.de</p>\n    <p>Homepage: <a href=\"http://www.san-pepelone.de\">www.san-pepelone.de</a></p>\n\n    <p>Gesetzliche Informationen:</p>\n    <p>Feriendorf und Surfschule Pepelow GmbH * Sandweg 1 * Sitz der Gesellschaft: 18233 Pepelow * Eingetragen beim Amtsgericht Rostock, HRB 8386</p>\n    <p>Geschäftsführer: Olaf Winkelmann</p>\n</body>\n</html>',0,3,'2024-02-15 22:20:50.112236','2024-02-15 22:20:50.112276',NULL,NULL,NULL,1,'',NULL,NULL,NULL),(35,'test@san-pepelone.de','john@marine.media','','','Reiseinfos aus St. Pepelone','','<!DOCTYPE html>\n<html lang=\"de\">\n<head>\n    <meta charset=\"UTF-8\">\n    <meta name=\"viewport\" content=\"width=device-width, initial-scale=1.0\">\n    <title>Informationen zur bevorstehenden Reise</title>\n</head>\n<body>\n    <p>Hallo Anne,</p>\n\n    <p>Bald ist es wieder so weit und bei Euch steigt vielleicht bereits das \"Reisefieber\".</p>\n\n    <p>Für deine Planung und Organisation erhältst Du im Anhang:</p>\n\n    <ol>\n        <li>Die Antworten auf die häufigsten Fragen von Lehrpersonen / Gruppenbetreuungspersonen.</li>\n        <li>Vorlage Teilnehmerliste (bitte vor der Reise per E-Mail zusenden), um den schnellen Ablauf vor Ort zu organisieren.</li>\n        <li>Die aktuellen Reiseinformationen für Lehrpersonen, Schüler:innen und Eltern.</li>\n        <li>Unsere Hausordnung, die von jedem(r) Schüler:in unterschrieben am Anreisetag mitgebracht werden muss.</li>\n        <li>Elternbrief und Teilnahmebedienung Kletterfelsen (falls ihr plant, diese Sportaktivität zu nutzen).</li>\n    </ol>\n\n    <p>Für unsere Planung bitte den nachfolgenden Link bis spätestens zum  anklicken und die entsprechenden Felder ausfüllen bzw. überprüfen:</p>\n\n    <b><a href=\"http://127.0.0.1:8000/update_record/e7a29f59-6ab3-454d-a019-efcd1725a5d6\">Link zur Rückmeldung</a><br>\n    Login: john@marine.media<br>\n    Passwort: 19<br></b>\n\n    <p>(Falls der Link nicht anzuklicken geht, diesen kopieren und im Browser einfügen.)</p>\n\n    <p>Erst ca. 4 Tage vor Fahrtbeginn wird Christer die Belegung/Zimmerverteilung zumailen. Aus organisatorischen Gründen geht es nicht eher.</p>\n\n    <p>Bei weiteren Fragen stehe ich Dir gern zur Verfügung.</p>\n\n    <p>Herzliche Grüße aus San Pepelone</p>\n    <p>Swetlana</p>\n\n    <hr>\n\n    <p>i. A. Swetlana Abraham</p>\n    <p>Assistenz Resortmanagement</p>\n    <p>Feriendorf & Surfschule Pepelow GmbH</p>\n    <p>Mobil: 0173 385 44 85</p>\n    <p>E-Mail: swetlana@san-pepelone.de</p>\n    <p>Homepage: <a href=\"http://www.san-pepelone.de\">www.san-pepelone.de</a></p>\n\n    <p>Gesetzliche Informationen:</p>\n    <p>Feriendorf und Surfschule Pepelow GmbH * Sandweg 1 * Sitz der Gesellschaft: 18233 Pepelow * Eingetragen beim Amtsgericht Rostock, HRB 8386</p>\n    <p>Geschäftsführer: Olaf Winkelmann</p>\n</body>\n</html>',0,3,'2024-02-15 22:24:07.943999','2024-02-15 22:24:07.944040',NULL,NULL,NULL,1,'',NULL,NULL,NULL),(36,'test@san-pepelone.de','john@marine.media','','','Reiseinfos aus St. Pepelone','','<!DOCTYPE html>\n<html lang=\"de\">\n<head>\n    <meta charset=\"UTF-8\">\n    <meta name=\"viewport\" content=\"width=device-width, initial-scale=1.0\">\n    <title>Informationen zur bevorstehenden Reise</title>\n</head>\n<body>\n    <p>Hallo Anne,</p>\n\n    <p>Bald ist es wieder so weit und bei Euch steigt vielleicht bereits das \"Reisefieber\".</p>\n\n    <p>Für deine Planung und Organisation erhältst Du im Anhang:</p>\n\n    <ol>\n        <li>Die Antworten auf die häufigsten Fragen von Lehrpersonen / Gruppenbetreuungspersonen.</li>\n        <li>Vorlage Teilnehmerliste (bitte vor der Reise per E-Mail zusenden), um den schnellen Ablauf vor Ort zu organisieren.</li>\n        <li>Die aktuellen Reiseinformationen für Lehrpersonen, Schüler:innen und Eltern.</li>\n        <li>Unsere Hausordnung, die von jedem(r) Schüler:in unterschrieben am Anreisetag mitgebracht werden muss.</li>\n        <li>Elternbrief und Teilnahmebedienung Kletterfelsen (falls ihr plant, diese Sportaktivität zu nutzen).</li>\n    </ol>\n\n    <p>Für unsere Planung bitte den nachfolgenden Link bis spätestens zum  anklicken und die entsprechenden Felder ausfüllen bzw. überprüfen:</p>\n\n    <b><a href=\"http://127.0.0.1:8000/update_record/e7a29f59-6ab3-454d-a019-efcd1725a5d6\">Link zur Rückmeldung</a><br>\n    Login: john@marine.media<br>\n    Passwort: 19<br></b>\n\n    <p>(Falls der Link nicht anzuklicken geht, diesen kopieren und im Browser einfügen.)</p>\n\n    <p>Erst ca. 4 Tage vor Fahrtbeginn wird Christer die Belegung/Zimmerverteilung zumailen. Aus organisatorischen Gründen geht es nicht eher.</p>\n\n    <p>Bei weiteren Fragen stehe ich Dir gern zur Verfügung.</p>\n\n    <p>Herzliche Grüße aus San Pepelone</p>\n    <p>Swetlana</p>\n\n    <hr>\n\n    <p>i. A. Swetlana Abraham</p>\n    <p>Assistenz Resortmanagement</p>\n    <p>Feriendorf & Surfschule Pepelow GmbH</p>\n    <p>Mobil: 0173 385 44 85</p>\n    <p>E-Mail: swetlana@san-pepelone.de</p>\n    <p>Homepage: <a href=\"http://www.san-pepelone.de\">www.san-pepelone.de</a></p>\n\n    <p>Gesetzliche Informationen:</p>\n    <p>Feriendorf und Surfschule Pepelow GmbH * Sandweg 1 * Sitz der Gesellschaft: 18233 Pepelow * Eingetragen beim Amtsgericht Rostock, HRB 8386</p>\n    <p>Geschäftsführer: Olaf Winkelmann</p>\n</body>\n</html>',0,3,'2024-02-15 22:27:44.497756','2024-02-15 22:27:44.497818',NULL,NULL,NULL,1,'',NULL,NULL,NULL),(37,'test@san-pepelone.de','john@marine.media','','','Reiseinfos aus St. Pepelone','','<!DOCTYPE html>\n<html lang=\"de\">\n<head>\n    <meta charset=\"UTF-8\">\n    <meta name=\"viewport\" content=\"width=device-width, initial-scale=1.0\">\n    <title>Informationen zur bevorstehenden Reise</title>\n</head>\n<body>\n    <p>Hallo Anne,</p>\n\n    <p>Bald ist es wieder so weit und bei Euch steigt vielleicht bereits das \"Reisefieber\".</p>\n\n    <p>Für deine Planung und Organisation erhältst Du im Anhang:</p>\n\n    <ol>\n        <li>Die Antworten auf die häufigsten Fragen von Lehrpersonen / Gruppenbetreuungspersonen.</li>\n        <li>Vorlage Teilnehmerliste (bitte vor der Reise per E-Mail zusenden), um den schnellen Ablauf vor Ort zu organisieren.</li>\n        <li>Die aktuellen Reiseinformationen für Lehrpersonen, Schüler:innen und Eltern.</li>\n        <li>Unsere Hausordnung, die von jedem(r) Schüler:in unterschrieben am Anreisetag mitgebracht werden muss.</li>\n        <li>Elternbrief und Teilnahmebedienung Kletterfelsen (falls ihr plant, diese Sportaktivität zu nutzen).</li>\n    </ol>\n\n    <p>Für unsere Planung bitte den nachfolgenden Link bis spätestens zum  anklicken und die entsprechenden Felder ausfüllen bzw. überprüfen:</p>\n\n    <b><a href=\"http://127.0.0.1:8000/update_record/e7a29f59-6ab3-454d-a019-efcd1725a5d6\">Link zur Rückmeldung</a><br>\n    Login: john@marine.media<br>\n    Passwort: 19<br></b>\n\n    <p>(Falls der Link nicht anzuklicken geht, diesen kopieren und im Browser einfügen.)</p>\n\n    <p>Erst ca. 4 Tage vor Fahrtbeginn wird Christer die Belegung/Zimmerverteilung zumailen. Aus organisatorischen Gründen geht es nicht eher.</p>\n\n    <p>Bei weiteren Fragen stehe ich Dir gern zur Verfügung.</p>\n\n    <p>Herzliche Grüße aus San Pepelone</p>\n    <p>Swetlana</p>\n\n    <hr>\n\n    <p>i. A. Swetlana Abraham</p>\n    <p>Assistenz Resortmanagement</p>\n    <p>Feriendorf & Surfschule Pepelow GmbH</p>\n    <p>Mobil: 0173 385 44 85</p>\n    <p>E-Mail: swetlana@san-pepelone.de</p>\n    <p>Homepage: <a href=\"http://www.san-pepelone.de\">www.san-pepelone.de</a></p>\n\n    <p>Gesetzliche Informationen:</p>\n    <p>Feriendorf und Surfschule Pepelow GmbH * Sandweg 1 * Sitz der Gesellschaft: 18233 Pepelow * Eingetragen beim Amtsgericht Rostock, HRB 8386</p>\n    <p>Geschäftsführer: Olaf Winkelmann</p>\n</body>\n</html>',0,3,'2024-02-15 22:28:27.221687','2024-02-15 22:28:27.221760',NULL,NULL,NULL,1,'',NULL,NULL,NULL),(38,'test@san-pepelone.de','john@marine.media','','','Reiseinfos aus St. Pepelone','','<!DOCTYPE html>\n<html lang=\"de\">\n<head>\n    <meta charset=\"UTF-8\">\n    <meta name=\"viewport\" content=\"width=device-width, initial-scale=1.0\">\n    <title>Informationen zur bevorstehenden Reise</title>\n</head>\n<body>\n    <p>Hallo Anne,</p>\n\n    <p>Bald ist es wieder so weit und bei Euch steigt vielleicht bereits das \"Reisefieber\".</p>\n\n    <p>Für deine Planung und Organisation erhältst Du im Anhang:</p>\n\n    <ol>\n        <li>Die Antworten auf die häufigsten Fragen von Lehrpersonen / Gruppenbetreuungspersonen.</li>\n        <li>Vorlage Teilnehmerliste (bitte vor der Reise per E-Mail zusenden), um den schnellen Ablauf vor Ort zu organisieren.</li>\n        <li>Die aktuellen Reiseinformationen für Lehrpersonen, Schüler:innen und Eltern.</li>\n        <li>Unsere Hausordnung, die von jedem(r) Schüler:in unterschrieben am Anreisetag mitgebracht werden muss.</li>\n        <li>Elternbrief und Teilnahmebedienung Kletterfelsen (falls ihr plant, diese Sportaktivität zu nutzen).</li>\n    </ol>\n\n    <p>Für unsere Planung bitte den nachfolgenden Link bis spätestens zum  anklicken und die entsprechenden Felder ausfüllen bzw. überprüfen:</p>\n\n    <b><a href=\"http://127.0.0.1:8000/update_record/e7a29f59-6ab3-454d-a019-efcd1725a5d6\">Link zur Rückmeldung</a><br>\n    Login: john@marine.media<br>\n    Passwort: 19<br></b>\n\n    <p>(Falls der Link nicht anzuklicken geht, diesen kopieren und im Browser einfügen.)</p>\n\n    <p>Erst ca. 4 Tage vor Fahrtbeginn wird Christer die Belegung/Zimmerverteilung zumailen. Aus organisatorischen Gründen geht es nicht eher.</p>\n\n    <p>Bei weiteren Fragen stehe ich Dir gern zur Verfügung.</p>\n\n    <p>Herzliche Grüße aus San Pepelone</p>\n    <p>Swetlana</p>\n\n    <hr>\n\n    <p>i. A. Swetlana Abraham</p>\n    <p>Assistenz Resortmanagement</p>\n    <p>Feriendorf & Surfschule Pepelow GmbH</p>\n    <p>Mobil: 0173 385 44 85</p>\n    <p>E-Mail: swetlana@san-pepelone.de</p>\n    <p>Homepage: <a href=\"http://www.san-pepelone.de\">www.san-pepelone.de</a></p>\n\n    <p>Gesetzliche Informationen:</p>\n    <p>Feriendorf und Surfschule Pepelow GmbH * Sandweg 1 * Sitz der Gesellschaft: 18233 Pepelow * Eingetragen beim Amtsgericht Rostock, HRB 8386</p>\n    <p>Geschäftsführer: Olaf Winkelmann</p>\n</body>\n</html>',0,3,'2024-02-15 22:29:08.440882','2024-02-15 22:29:08.440923',NULL,NULL,NULL,1,'',NULL,NULL,NULL),(39,'test@san-pepelone.de','john@marine.media','','','Reiseinfos aus St. Pepelone','','<!DOCTYPE html>\n<html lang=\"de\">\n<head>\n    <meta charset=\"UTF-8\">\n    <meta name=\"viewport\" content=\"width=device-width, initial-scale=1.0\">\n    <title>Informationen zur bevorstehenden Reise</title>\n</head>\n<body>\n    <p>Hallo Anne,</p>\n\n    <p>Bald ist es wieder so weit und bei Euch steigt vielleicht bereits das \"Reisefieber\".</p>\n\n    <p>Für deine Planung und Organisation erhältst Du im Anhang:</p>\n\n    <ol>\n        <li>Die Antworten auf die häufigsten Fragen von Lehrpersonen / Gruppenbetreuungspersonen.</li>\n        <li>Vorlage Teilnehmerliste (bitte vor der Reise per E-Mail zusenden), um den schnellen Ablauf vor Ort zu organisieren.</li>\n        <li>Die aktuellen Reiseinformationen für Lehrpersonen, Schüler:innen und Eltern.</li>\n        <li>Unsere Hausordnung, die von jedem(r) Schüler:in unterschrieben am Anreisetag mitgebracht werden muss.</li>\n        <li>Elternbrief und Teilnahmebedienung Kletterfelsen (falls ihr plant, diese Sportaktivität zu nutzen).</li>\n    </ol>\n\n    <p>Für unsere Planung bitte den nachfolgenden Link bis spätestens zum  anklicken und die entsprechenden Felder ausfüllen bzw. überprüfen:</p>\n\n    <b><a href=\"http://127.0.0.1:8000/update_record/e7a29f59-6ab3-454d-a019-efcd1725a5d6\">Link zur Rückmeldung</a><br>\n    Login: john@marine.media<br>\n    Passwort: 19<br></b>\n\n    <p>(Falls der Link nicht anzuklicken geht, diesen kopieren und im Browser einfügen.)</p>\n\n    <p>Erst ca. 4 Tage vor Fahrtbeginn wird Christer die Belegung/Zimmerverteilung zumailen. Aus organisatorischen Gründen geht es nicht eher.</p>\n\n    <p>Bei weiteren Fragen stehe ich Dir gern zur Verfügung.</p>\n\n    <p>Herzliche Grüße aus San Pepelone</p>\n    <p>Swetlana</p>\n\n    <hr>\n\n    <p>i. A. Swetlana Abraham</p>\n    <p>Assistenz Resortmanagement</p>\n    <p>Feriendorf & Surfschule Pepelow GmbH</p>\n    <p>Mobil: 0173 385 44 85</p>\n    <p>E-Mail: swetlana@san-pepelone.de</p>\n    <p>Homepage: <a href=\"http://www.san-pepelone.de\">www.san-pepelone.de</a></p>\n\n    <p>Gesetzliche Informationen:</p>\n    <p>Feriendorf und Surfschule Pepelow GmbH * Sandweg 1 * Sitz der Gesellschaft: 18233 Pepelow * Eingetragen beim Amtsgericht Rostock, HRB 8386</p>\n    <p>Geschäftsführer: Olaf Winkelmann</p>\n</body>\n</html>',0,3,'2024-02-15 22:30:23.097053','2024-02-15 22:30:23.097093',NULL,NULL,NULL,1,'',NULL,NULL,NULL),(40,'test@san-pepelone.de','john@marine.media','','','Reiseinfos aus St. Pepelone','','<!DOCTYPE html>\n<html lang=\"de\">\n<head>\n    <meta charset=\"UTF-8\">\n    <meta name=\"viewport\" content=\"width=device-width, initial-scale=1.0\">\n    <title>Informationen zur bevorstehenden Reise</title>\n</head>\n<body>\n    <p>Hallo Anne,</p>\n\n    <p>Bald ist es wieder so weit und bei Euch steigt vielleicht bereits das \"Reisefieber\".</p>\n\n    <p>Für deine Planung und Organisation erhältst Du im Anhang:</p>\n\n    <ol>\n        <li>Die Antworten auf die häufigsten Fragen von Lehrpersonen / Gruppenbetreuungspersonen.</li>\n        <li>Vorlage Teilnehmerliste (bitte vor der Reise per E-Mail zusenden), um den schnellen Ablauf vor Ort zu organisieren.</li>\n        <li>Die aktuellen Reiseinformationen für Lehrpersonen, Schüler:innen und Eltern.</li>\n        <li>Unsere Hausordnung, die von jedem(r) Schüler:in unterschrieben am Anreisetag mitgebracht werden muss.</li>\n        <li>Elternbrief und Teilnahmebedienung Kletterfelsen (falls ihr plant, diese Sportaktivität zu nutzen).</li>\n    </ol>\n\n    <p>Für unsere Planung bitte den nachfolgenden Link bis spätestens zum  anklicken und die entsprechenden Felder ausfüllen bzw. überprüfen:</p>\n\n    <b><a href=\"http://127.0.0.1:8000/update_record/e7a29f59-6ab3-454d-a019-efcd1725a5d6\">Link zur Rückmeldung</a><br>\n    Login: john@marine.media<br>\n    Passwort: 19<br></b>\n\n    <p>(Falls der Link nicht anzuklicken geht, diesen kopieren und im Browser einfügen.)</p>\n\n    <p>Erst ca. 4 Tage vor Fahrtbeginn wird Christer die Belegung/Zimmerverteilung zumailen. Aus organisatorischen Gründen geht es nicht eher.</p>\n\n    <p>Bei weiteren Fragen stehe ich Dir gern zur Verfügung.</p>\n\n    <p>Herzliche Grüße aus San Pepelone</p>\n    <p>Swetlana</p>\n\n    <hr>\n\n    <p>i. A. Swetlana Abraham</p>\n    <p>Assistenz Resortmanagement</p>\n    <p>Feriendorf & Surfschule Pepelow GmbH</p>\n    <p>Mobil: 0173 385 44 85</p>\n    <p>E-Mail: swetlana@san-pepelone.de</p>\n    <p>Homepage: <a href=\"http://www.san-pepelone.de\">www.san-pepelone.de</a></p>\n\n    <p>Gesetzliche Informationen:</p>\n    <p>Feriendorf und Surfschule Pepelow GmbH * Sandweg 1 * Sitz der Gesellschaft: 18233 Pepelow * Eingetragen beim Amtsgericht Rostock, HRB 8386</p>\n    <p>Geschäftsführer: Olaf Winkelmann</p>\n</body>\n</html>',0,3,'2024-02-15 22:31:00.304828','2024-02-15 22:31:00.304865',NULL,NULL,NULL,1,'',NULL,NULL,NULL),(41,'test@san-pepelone.de','john@marine.media','','','Reiseinfos aus St. Pepelone','','<!DOCTYPE html>\n<html lang=\"de\">\n<head>\n    <meta charset=\"UTF-8\">\n    <meta name=\"viewport\" content=\"width=device-width, initial-scale=1.0\">\n    <title>Informationen zur bevorstehenden Reise</title>\n</head>\n<body>\n    <p>Hallo Anne,</p>\n\n    <p>Bald ist es wieder so weit und bei Euch steigt vielleicht bereits das \"Reisefieber\".</p>\n\n    <p>Für deine Planung und Organisation erhältst Du im Anhang:</p>\n\n    <ol>\n        <li>Die Antworten auf die häufigsten Fragen von Lehrpersonen / Gruppenbetreuungspersonen.</li>\n        <li>Vorlage Teilnehmerliste (bitte vor der Reise per E-Mail zusenden), um den schnellen Ablauf vor Ort zu organisieren.</li>\n        <li>Die aktuellen Reiseinformationen für Lehrpersonen, Schüler:innen und Eltern.</li>\n        <li>Unsere Hausordnung, die von jedem(r) Schüler:in unterschrieben am Anreisetag mitgebracht werden muss.</li>\n        <li>Elternbrief und Teilnahmebedienung Kletterfelsen (falls ihr plant, diese Sportaktivität zu nutzen).</li>\n    </ol>\n\n    <p>Für unsere Planung bitte den nachfolgenden Link bis spätestens zum  anklicken und die entsprechenden Felder ausfüllen bzw. überprüfen:</p>\n\n    <b><a href=\"http://127.0.0.1:8000/update_record/e7a29f59-6ab3-454d-a019-efcd1725a5d6\">Link zur Rückmeldung</a><br>\n    Login: john@marine.media<br>\n    Passwort: 19<br></b>\n\n    <p>(Falls der Link nicht anzuklicken geht, diesen kopieren und im Browser einfügen.)</p>\n\n    <p>Erst ca. 4 Tage vor Fahrtbeginn wird Christer die Belegung/Zimmerverteilung zumailen. Aus organisatorischen Gründen geht es nicht eher.</p>\n\n    <p>Bei weiteren Fragen stehe ich Dir gern zur Verfügung.</p>\n\n    <p>Herzliche Grüße aus San Pepelone</p>\n    <p>Swetlana</p>\n\n    <hr>\n\n    <p>i. A. Swetlana Abraham</p>\n    <p>Assistenz Resortmanagement</p>\n    <p>Feriendorf & Surfschule Pepelow GmbH</p>\n    <p>Mobil: 0173 385 44 85</p>\n    <p>E-Mail: swetlana@san-pepelone.de</p>\n    <p>Homepage: <a href=\"http://www.san-pepelone.de\">www.san-pepelone.de</a></p>\n\n    <p>Gesetzliche Informationen:</p>\n    <p>Feriendorf und Surfschule Pepelow GmbH * Sandweg 1 * Sitz der Gesellschaft: 18233 Pepelow * Eingetragen beim Amtsgericht Rostock, HRB 8386</p>\n    <p>Geschäftsführer: Olaf Winkelmann</p>\n</body>\n</html>',0,3,'2024-02-15 22:31:50.426044','2024-02-15 22:31:50.426078',NULL,NULL,NULL,1,'',NULL,NULL,NULL),(42,'test@san-pepelone.de','john@marine.media','','','Reiseinfos aus St. Pepelone','','<!DOCTYPE html>\n<html lang=\"de\">\n<head>\n    <meta charset=\"UTF-8\">\n    <meta name=\"viewport\" content=\"width=device-width, initial-scale=1.0\">\n    <title>Informationen zur bevorstehenden Reise</title>\n</head>\n<body>\n    <p>Hallo Anne,</p>\n\n    <p>Bald ist es wieder so weit und bei Euch steigt vielleicht bereits das \"Reisefieber\".</p>\n\n    <p>Für deine Planung und Organisation erhältst Du im Anhang:</p>\n\n    <ol>\n        <li>Die Antworten auf die häufigsten Fragen von Lehrpersonen / Gruppenbetreuungspersonen.</li>\n        <li>Vorlage Teilnehmerliste (bitte vor der Reise per E-Mail zusenden), um den schnellen Ablauf vor Ort zu organisieren.</li>\n        <li>Die aktuellen Reiseinformationen für Lehrpersonen, Schüler:innen und Eltern.</li>\n        <li>Unsere Hausordnung, die von jedem(r) Schüler:in unterschrieben am Anreisetag mitgebracht werden muss.</li>\n        <li>Elternbrief und Teilnahmebedienung Kletterfelsen (falls ihr plant, diese Sportaktivität zu nutzen).</li>\n    </ol>\n\n    <p>Für unsere Planung bitte den nachfolgenden Link bis spätestens zum  anklicken und die entsprechenden Felder ausfüllen bzw. überprüfen:</p>\n\n    <b><a href=\"http://127.0.0.1:8000/update_record/e7a29f59-6ab3-454d-a019-efcd1725a5d6\">Link zur Rückmeldung</a><br>\n    Login: john@marine.media<br>\n    Passwort: 19<br></b>\n\n    <p>(Falls der Link nicht anzuklicken geht, diesen kopieren und im Browser einfügen.)</p>\n\n    <p>Erst ca. 4 Tage vor Fahrtbeginn wird Christer die Belegung/Zimmerverteilung zumailen. Aus organisatorischen Gründen geht es nicht eher.</p>\n\n    <p>Bei weiteren Fragen stehe ich Dir gern zur Verfügung.</p>\n\n    <p>Herzliche Grüße aus San Pepelone</p>\n    <p>Swetlana</p>\n\n    <hr>\n\n    <p>i. A. Swetlana Abraham</p>\n    <p>Assistenz Resortmanagement</p>\n    <p>Feriendorf & Surfschule Pepelow GmbH</p>\n    <p>Mobil: 0173 385 44 85</p>\n    <p>E-Mail: swetlana@san-pepelone.de</p>\n    <p>Homepage: <a href=\"http://www.san-pepelone.de\">www.san-pepelone.de</a></p>\n\n    <p>Gesetzliche Informationen:</p>\n    <p>Feriendorf und Surfschule Pepelow GmbH * Sandweg 1 * Sitz der Gesellschaft: 18233 Pepelow * Eingetragen beim Amtsgericht Rostock, HRB 8386</p>\n    <p>Geschäftsführer: Olaf Winkelmann</p>\n</body>\n</html>',0,3,'2024-02-15 22:31:54.637578','2024-02-15 22:31:54.637615',NULL,NULL,NULL,1,'',NULL,NULL,NULL),(43,'test@san-pepelone.de','john@marine.media','','','Reiseinfos aus St. Pepelone','','<!DOCTYPE html>\n<html lang=\"de\">\n<head>\n    <meta charset=\"UTF-8\">\n    <meta name=\"viewport\" content=\"width=device-width, initial-scale=1.0\">\n    <title>Informationen zur bevorstehenden Reise</title>\n</head>\n<body>\n    <p>Hallo Anne,</p>\n\n    <p>Bald ist es wieder so weit und bei Euch steigt vielleicht bereits das \"Reisefieber\".</p>\n\n    <p>Für deine Planung und Organisation erhältst Du im Anhang:</p>\n\n    <ol>\n        <li>Die Antworten auf die häufigsten Fragen von Lehrpersonen / Gruppenbetreuungspersonen.</li>\n        <li>Vorlage Teilnehmerliste (bitte vor der Reise per E-Mail zusenden), um den schnellen Ablauf vor Ort zu organisieren.</li>\n        <li>Die aktuellen Reiseinformationen für Lehrpersonen, Schüler:innen und Eltern.</li>\n        <li>Unsere Hausordnung, die von jedem(r) Schüler:in unterschrieben am Anreisetag mitgebracht werden muss.</li>\n        <li>Elternbrief und Teilnahmebedienung Kletterfelsen (falls ihr plant, diese Sportaktivität zu nutzen).</li>\n    </ol>\n\n    <p>Für unsere Planung bitte den nachfolgenden Link bis spätestens zum  anklicken und die entsprechenden Felder ausfüllen bzw. überprüfen:</p>\n\n    <b><a href=\"http://127.0.0.1:8000/update_record/e7a29f59-6ab3-454d-a019-efcd1725a5d6\">Link zur Rückmeldung</a><br>\n    Login: john@marine.media<br>\n    Passwort: 19<br></b>\n\n    <p>(Falls der Link nicht anzuklicken geht, diesen kopieren und im Browser einfügen.)</p>\n\n    <p>Erst ca. 4 Tage vor Fahrtbeginn wird Christer die Belegung/Zimmerverteilung zumailen. Aus organisatorischen Gründen geht es nicht eher.</p>\n\n    <p>Bei weiteren Fragen stehe ich Dir gern zur Verfügung.</p>\n\n    <p>Herzliche Grüße aus San Pepelone</p>\n    <p>Swetlana</p>\n\n    <hr>\n\n    <p>i. A. Swetlana Abraham</p>\n    <p>Assistenz Resortmanagement</p>\n    <p>Feriendorf & Surfschule Pepelow GmbH</p>\n    <p>Mobil: 0173 385 44 85</p>\n    <p>E-Mail: swetlana@san-pepelone.de</p>\n    <p>Homepage: <a href=\"http://www.san-pepelone.de\">www.san-pepelone.de</a></p>\n\n    <p>Gesetzliche Informationen:</p>\n    <p>Feriendorf und Surfschule Pepelow GmbH * Sandweg 1 * Sitz der Gesellschaft: 18233 Pepelow * Eingetragen beim Amtsgericht Rostock, HRB 8386</p>\n    <p>Geschäftsführer: Olaf Winkelmann</p>\n</body>\n</html>',0,3,'2024-02-15 22:32:11.221429','2024-02-15 22:32:11.221464',NULL,NULL,NULL,1,'',NULL,NULL,NULL),(44,'test@san-pepelone.de','john@marine.media','','','Reiseinfos aus St. Pepelone','','<!DOCTYPE html>\n<html lang=\"de\">\n<head>\n    <meta charset=\"UTF-8\">\n    <meta name=\"viewport\" content=\"width=device-width, initial-scale=1.0\">\n    <title>Informationen zur bevorstehenden Reise</title>\n</head>\n<body>\n    <p>Hallo Anne,</p>\n\n    <p>Bald ist es wieder so weit und bei Euch steigt vielleicht bereits das \"Reisefieber\".</p>\n\n    <p>Für deine Planung und Organisation erhältst Du im Anhang:</p>\n\n    <ol>\n        <li>Die Antworten auf die häufigsten Fragen von Lehrpersonen / Gruppenbetreuungspersonen.</li>\n        <li>Vorlage Teilnehmerliste (bitte vor der Reise per E-Mail zusenden), um den schnellen Ablauf vor Ort zu organisieren.</li>\n        <li>Die aktuellen Reiseinformationen für Lehrpersonen, Schüler:innen und Eltern.</li>\n        <li>Unsere Hausordnung, die von jedem(r) Schüler:in unterschrieben am Anreisetag mitgebracht werden muss.</li>\n        <li>Elternbrief und Teilnahmebedienung Kletterfelsen (falls ihr plant, diese Sportaktivität zu nutzen).</li>\n    </ol>\n\n    <p>Für unsere Planung bitte den nachfolgenden Link bis spätestens zum  anklicken und die entsprechenden Felder ausfüllen bzw. überprüfen:</p>\n\n    <b><a href=\"http://127.0.0.1:8000/update_record/e7a29f59-6ab3-454d-a019-efcd1725a5d6\">Link zur Rückmeldung</a><br>\n    Login: john@marine.media<br>\n    Passwort: 19<br></b>\n\n    <p>(Falls der Link nicht anzuklicken geht, diesen kopieren und im Browser einfügen.)</p>\n\n    <p>Erst ca. 4 Tage vor Fahrtbeginn wird Christer die Belegung/Zimmerverteilung zumailen. Aus organisatorischen Gründen geht es nicht eher.</p>\n\n    <p>Bei weiteren Fragen stehe ich Dir gern zur Verfügung.</p>\n\n    <p>Herzliche Grüße aus San Pepelone</p>\n    <p>Swetlana</p>\n\n    <hr>\n\n    <p>i. A. Swetlana Abraham</p>\n    <p>Assistenz Resortmanagement</p>\n    <p>Feriendorf & Surfschule Pepelow GmbH</p>\n    <p>Mobil: 0173 385 44 85</p>\n    <p>E-Mail: swetlana@san-pepelone.de</p>\n    <p>Homepage: <a href=\"http://www.san-pepelone.de\">www.san-pepelone.de</a></p>\n\n    <p>Gesetzliche Informationen:</p>\n    <p>Feriendorf und Surfschule Pepelow GmbH * Sandweg 1 * Sitz der Gesellschaft: 18233 Pepelow * Eingetragen beim Amtsgericht Rostock, HRB 8386</p>\n    <p>Geschäftsführer: Olaf Winkelmann</p>\n</body>\n</html>',0,3,'2024-02-15 22:34:02.124507','2024-02-15 22:34:02.124537',NULL,NULL,NULL,1,'',NULL,NULL,NULL),(45,'test@san-pepelone.de','john@marine.media','','','Reiseinfos aus St. Pepelone','','<!DOCTYPE html>\n<html lang=\"de\">\n<head>\n    <meta charset=\"UTF-8\">\n    <meta name=\"viewport\" content=\"width=device-width, initial-scale=1.0\">\n    <title>Informationen zur bevorstehenden Reise</title>\n</head>\n<body>\n    <p>Hallo Anne,</p>\n\n    <p>Bald ist es wieder so weit und bei Euch steigt vielleicht bereits das \"Reisefieber\".</p>\n\n    <p>Für deine Planung und Organisation erhältst Du im Anhang:</p>\n\n    <ol>\n        <li>Die Antworten auf die häufigsten Fragen von Lehrpersonen / Gruppenbetreuungspersonen.</li>\n        <li>Vorlage Teilnehmerliste (bitte vor der Reise per E-Mail zusenden), um den schnellen Ablauf vor Ort zu organisieren.</li>\n        <li>Die aktuellen Reiseinformationen für Lehrpersonen, Schüler:innen und Eltern.</li>\n        <li>Unsere Hausordnung, die von jedem(r) Schüler:in unterschrieben am Anreisetag mitgebracht werden muss.</li>\n        <li>Elternbrief und Teilnahmebedienung Kletterfelsen (falls ihr plant, diese Sportaktivität zu nutzen).</li>\n    </ol>\n\n    <p>Für unsere Planung bitte den nachfolgenden Link bis spätestens zum  anklicken und die entsprechenden Felder ausfüllen bzw. überprüfen:</p>\n\n    <b><a href=\"http://127.0.0.1:8000/update_record/e7a29f59-6ab3-454d-a019-efcd1725a5d6\">Link zur Rückmeldung</a><br>\n    Login: john@marine.media<br>\n    Passwort: 19<br></b>\n\n    <p>(Falls der Link nicht anzuklicken geht, diesen kopieren und im Browser einfügen.)</p>\n\n    <p>Erst ca. 4 Tage vor Fahrtbeginn wird Christer die Belegung/Zimmerverteilung zumailen. Aus organisatorischen Gründen geht es nicht eher.</p>\n\n    <p>Bei weiteren Fragen stehe ich Dir gern zur Verfügung.</p>\n\n    <p>Herzliche Grüße aus San Pepelone</p>\n    <p>Swetlana</p>\n\n    <hr>\n\n    <p>i. A. Swetlana Abraham</p>\n    <p>Assistenz Resortmanagement</p>\n    <p>Feriendorf & Surfschule Pepelow GmbH</p>\n    <p>Mobil: 0173 385 44 85</p>\n    <p>E-Mail: swetlana@san-pepelone.de</p>\n    <p>Homepage: <a href=\"http://www.san-pepelone.de\">www.san-pepelone.de</a></p>\n\n    <p>Gesetzliche Informationen:</p>\n    <p>Feriendorf und Surfschule Pepelow GmbH * Sandweg 1 * Sitz der Gesellschaft: 18233 Pepelow * Eingetragen beim Amtsgericht Rostock, HRB 8386</p>\n    <p>Geschäftsführer: Olaf Winkelmann</p>\n</body>\n</html>',0,3,'2024-02-15 22:34:57.982522','2024-02-15 22:34:57.982559',NULL,NULL,NULL,1,'',NULL,NULL,NULL),(46,'test@san-pepelone.de','john@marine.media','','','Reiseinfos aus St. Pepelone','','<!DOCTYPE html>\n<html lang=\"de\">\n<head>\n    <meta charset=\"UTF-8\">\n    <meta name=\"viewport\" content=\"width=device-width, initial-scale=1.0\">\n    <title>Informationen zur bevorstehenden Reise</title>\n</head>\n<body>\n    <p>Hallo Anne,</p>\n\n    <p>Bald ist es wieder so weit und bei Euch steigt vielleicht bereits das \"Reisefieber\".</p>\n\n    <p>Für deine Planung und Organisation erhältst Du im Anhang:</p>\n\n    <ol>\n        <li>Die Antworten auf die häufigsten Fragen von Lehrpersonen / Gruppenbetreuungspersonen.</li>\n        <li>Vorlage Teilnehmerliste (bitte vor der Reise per E-Mail zusenden), um den schnellen Ablauf vor Ort zu organisieren.</li>\n        <li>Die aktuellen Reiseinformationen für Lehrpersonen, Schüler:innen und Eltern.</li>\n        <li>Unsere Hausordnung, die von jedem(r) Schüler:in unterschrieben am Anreisetag mitgebracht werden muss.</li>\n        <li>Elternbrief und Teilnahmebedienung Kletterfelsen (falls ihr plant, diese Sportaktivität zu nutzen).</li>\n    </ol>\n\n    <p>Für unsere Planung bitte den nachfolgenden Link bis spätestens zum  anklicken und die entsprechenden Felder ausfüllen bzw. überprüfen:</p>\n\n    <b><a href=\"http://127.0.0.1:8000/update_record/e7a29f59-6ab3-454d-a019-efcd1725a5d6\">Link zur Rückmeldung</a><br>\n    Login: john@marine.media<br>\n    Passwort: 19<br></b>\n\n    <p>(Falls der Link nicht anzuklicken geht, diesen kopieren und im Browser einfügen.)</p>\n\n    <p>Erst ca. 4 Tage vor Fahrtbeginn wird Christer die Belegung/Zimmerverteilung zumailen. Aus organisatorischen Gründen geht es nicht eher.</p>\n\n    <p>Bei weiteren Fragen stehe ich Dir gern zur Verfügung.</p>\n\n    <p>Herzliche Grüße aus San Pepelone</p>\n    <p>Swetlana</p>\n\n    <hr>\n\n    <p>i. A. Swetlana Abraham</p>\n    <p>Assistenz Resortmanagement</p>\n    <p>Feriendorf & Surfschule Pepelow GmbH</p>\n    <p>Mobil: 0173 385 44 85</p>\n    <p>E-Mail: swetlana@san-pepelone.de</p>\n    <p>Homepage: <a href=\"http://www.san-pepelone.de\">www.san-pepelone.de</a></p>\n\n    <p>Gesetzliche Informationen:</p>\n    <p>Feriendorf und Surfschule Pepelow GmbH * Sandweg 1 * Sitz der Gesellschaft: 18233 Pepelow * Eingetragen beim Amtsgericht Rostock, HRB 8386</p>\n    <p>Geschäftsführer: Olaf Winkelmann</p>\n</body>\n</html>',0,3,'2024-02-15 22:35:24.698516','2024-02-15 22:35:24.698590',NULL,NULL,NULL,1,'',NULL,NULL,NULL),(47,'test@san-pepelone.de','john@marine.media','','','Reiseinfos aus St. Pepelone','','<!DOCTYPE html>\n<html lang=\"de\">\n<head>\n    <meta charset=\"UTF-8\">\n    <meta name=\"viewport\" content=\"width=device-width, initial-scale=1.0\">\n    <title>Informationen zur bevorstehenden Reise</title>\n</head>\n<body>\n    <p>Hallo Anne,</p>\n\n    <p>Bald ist es wieder so weit und bei Euch steigt vielleicht bereits das \"Reisefieber\".</p>\n\n    <p>Für deine Planung und Organisation erhältst Du im Anhang:</p>\n\n    <ol>\n        <li>Die Antworten auf die häufigsten Fragen von Lehrpersonen / Gruppenbetreuungspersonen.</li>\n        <li>Vorlage Teilnehmerliste (bitte vor der Reise per E-Mail zusenden), um den schnellen Ablauf vor Ort zu organisieren.</li>\n        <li>Die aktuellen Reiseinformationen für Lehrpersonen, Schüler:innen und Eltern.</li>\n        <li>Unsere Hausordnung, die von jedem(r) Schüler:in unterschrieben am Anreisetag mitgebracht werden muss.</li>\n        <li>Elternbrief und Teilnahmebedienung Kletterfelsen (falls ihr plant, diese Sportaktivität zu nutzen).</li>\n    </ol>\n\n    <p>Für unsere Planung bitte den nachfolgenden Link bis spätestens zum  anklicken und die entsprechenden Felder ausfüllen bzw. überprüfen:</p>\n\n    <b><a href=\"http://127.0.0.1:8000/update_record/e7a29f59-6ab3-454d-a019-efcd1725a5d6\">Link zur Rückmeldung</a><br>\n    Login: john@marine.media<br>\n    Passwort: 19<br></b>\n\n    <p>(Falls der Link nicht anzuklicken geht, diesen kopieren und im Browser einfügen.)</p>\n\n    <p>Erst ca. 4 Tage vor Fahrtbeginn wird Christer die Belegung/Zimmerverteilung zumailen. Aus organisatorischen Gründen geht es nicht eher.</p>\n\n    <p>Bei weiteren Fragen stehe ich Dir gern zur Verfügung.</p>\n\n    <p>Herzliche Grüße aus San Pepelone</p>\n    <p>Swetlana</p>\n\n    <hr>\n\n    <p>i. A. Swetlana Abraham</p>\n    <p>Assistenz Resortmanagement</p>\n    <p>Feriendorf & Surfschule Pepelow GmbH</p>\n    <p>Mobil: 0173 385 44 85</p>\n    <p>E-Mail: swetlana@san-pepelone.de</p>\n    <p>Homepage: <a href=\"http://www.san-pepelone.de\">www.san-pepelone.de</a></p>\n\n    <p>Gesetzliche Informationen:</p>\n    <p>Feriendorf und Surfschule Pepelow GmbH * Sandweg 1 * Sitz der Gesellschaft: 18233 Pepelow * Eingetragen beim Amtsgericht Rostock, HRB 8386</p>\n    <p>Geschäftsführer: Olaf Winkelmann</p>\n</body>\n</html>',0,3,'2024-02-15 22:35:36.078378','2024-02-15 22:35:36.078407',NULL,NULL,NULL,1,'',NULL,NULL,NULL),(48,'test@san-pepelone.de','john@marine.media','','','Reiseinfos aus St. Pepelone','','<!DOCTYPE html>\n<html lang=\"de\">\n<head>\n    <meta charset=\"UTF-8\">\n    <meta name=\"viewport\" content=\"width=device-width, initial-scale=1.0\">\n    <title>Informationen zur bevorstehenden Reise</title>\n</head>\n<body>\n    <p>Hallo Anne,</p>\n\n    <p>Bald ist es wieder so weit und bei Euch steigt vielleicht bereits das \"Reisefieber\".</p>\n\n    <p>Für deine Planung und Organisation erhältst Du im Anhang:</p>\n\n    <ol>\n        <li>Die Antworten auf die häufigsten Fragen von Lehrpersonen / Gruppenbetreuungspersonen.</li>\n        <li>Vorlage Teilnehmerliste (bitte vor der Reise per E-Mail zusenden), um den schnellen Ablauf vor Ort zu organisieren.</li>\n        <li>Die aktuellen Reiseinformationen für Lehrpersonen, Schüler:innen und Eltern.</li>\n        <li>Unsere Hausordnung, die von jedem(r) Schüler:in unterschrieben am Anreisetag mitgebracht werden muss.</li>\n        <li>Elternbrief und Teilnahmebedienung Kletterfelsen (falls ihr plant, diese Sportaktivität zu nutzen).</li>\n    </ol>\n\n    <p>Für unsere Planung bitte den nachfolgenden Link bis spätestens zum  anklicken und die entsprechenden Felder ausfüllen bzw. überprüfen:</p>\n\n    <b><a href=\"http://127.0.0.1:8000/update_record/e7a29f59-6ab3-454d-a019-efcd1725a5d6\">Link zur Rückmeldung</a><br>\n    Login: john@marine.media<br>\n    Passwort: 19<br></b>\n\n    <p>(Falls der Link nicht anzuklicken geht, diesen kopieren und im Browser einfügen.)</p>\n\n    <p>Erst ca. 4 Tage vor Fahrtbeginn wird Christer die Belegung/Zimmerverteilung zumailen. Aus organisatorischen Gründen geht es nicht eher.</p>\n\n    <p>Bei weiteren Fragen stehe ich Dir gern zur Verfügung.</p>\n\n    <p>Herzliche Grüße aus San Pepelone</p>\n    <p>Swetlana</p>\n\n    <hr>\n\n    <p>i. A. Swetlana Abraham</p>\n    <p>Assistenz Resortmanagement</p>\n    <p>Feriendorf & Surfschule Pepelow GmbH</p>\n    <p>Mobil: 0173 385 44 85</p>\n    <p>E-Mail: swetlana@san-pepelone.de</p>\n    <p>Homepage: <a href=\"http://www.san-pepelone.de\">www.san-pepelone.de</a></p>\n\n    <p>Gesetzliche Informationen:</p>\n    <p>Feriendorf und Surfschule Pepelow GmbH * Sandweg 1 * Sitz der Gesellschaft: 18233 Pepelow * Eingetragen beim Amtsgericht Rostock, HRB 8386</p>\n    <p>Geschäftsführer: Olaf Winkelmann</p>\n</body>\n</html>',0,3,'2024-02-15 22:36:03.729952','2024-02-15 22:36:03.729984',NULL,NULL,NULL,1,'',NULL,NULL,NULL),(49,'test@san-pepelone.de','john@marine.media','','','Reiseinfos aus St. Pepelone','','<!DOCTYPE html>\n<html lang=\"de\">\n<head>\n    <meta charset=\"UTF-8\">\n    <meta name=\"viewport\" content=\"width=device-width, initial-scale=1.0\">\n    <title>Informationen zur bevorstehenden Reise</title>\n</head>\n<body>\n    <p>Hallo Anne,</p>\n\n    <p>Bald ist es wieder so weit und bei Euch steigt vielleicht bereits das \"Reisefieber\".</p>\n\n    <p>Für deine Planung und Organisation erhältst Du im Anhang:</p>\n\n    <ol>\n        <li>Die Antworten auf die häufigsten Fragen von Lehrpersonen / Gruppenbetreuungspersonen.</li>\n        <li>Vorlage Teilnehmerliste (bitte vor der Reise per E-Mail zusenden), um den schnellen Ablauf vor Ort zu organisieren.</li>\n        <li>Die aktuellen Reiseinformationen für Lehrpersonen, Schüler:innen und Eltern.</li>\n        <li>Unsere Hausordnung, die von jedem(r) Schüler:in unterschrieben am Anreisetag mitgebracht werden muss.</li>\n        <li>Elternbrief und Teilnahmebedienung Kletterfelsen (falls ihr plant, diese Sportaktivität zu nutzen).</li>\n    </ol>\n\n    <p>Für unsere Planung bitte den nachfolgenden Link bis spätestens zum  anklicken und die entsprechenden Felder ausfüllen bzw. überprüfen:</p>\n\n    <b><a href=\"http://127.0.0.1:8000/update_record/e7a29f59-6ab3-454d-a019-efcd1725a5d6\">Link zur Rückmeldung</a><br>\n    Login: john@marine.media<br>\n    Passwort: 19<br></b>\n\n    <p>(Falls der Link nicht anzuklicken geht, diesen kopieren und im Browser einfügen.)</p>\n\n    <p>Erst ca. 4 Tage vor Fahrtbeginn wird Christer die Belegung/Zimmerverteilung zumailen. Aus organisatorischen Gründen geht es nicht eher.</p>\n\n    <p>Bei weiteren Fragen stehe ich Dir gern zur Verfügung.</p>\n\n    <p>Herzliche Grüße aus San Pepelone</p>\n    <p>Swetlana</p>\n\n    <hr>\n\n    <p>i. A. Swetlana Abraham</p>\n    <p>Assistenz Resortmanagement</p>\n    <p>Feriendorf & Surfschule Pepelow GmbH</p>\n    <p>Mobil: 0173 385 44 85</p>\n    <p>E-Mail: swetlana@san-pepelone.de</p>\n    <p>Homepage: <a href=\"http://www.san-pepelone.de\">www.san-pepelone.de</a></p>\n\n    <p>Gesetzliche Informationen:</p>\n    <p>Feriendorf und Surfschule Pepelow GmbH * Sandweg 1 * Sitz der Gesellschaft: 18233 Pepelow * Eingetragen beim Amtsgericht Rostock, HRB 8386</p>\n    <p>Geschäftsführer: Olaf Winkelmann</p>\n</body>\n</html>',0,3,'2024-02-15 22:36:40.211578','2024-02-15 22:36:40.211633',NULL,NULL,NULL,1,'',NULL,NULL,NULL),(50,'test@san-pepelone.de','john@marine.media','','','Reiseinfos aus St. Pepelone','','<!DOCTYPE html>\n<html lang=\"de\">\n<head>\n    <meta charset=\"UTF-8\">\n    <meta name=\"viewport\" content=\"width=device-width, initial-scale=1.0\">\n    <title>Informationen zur bevorstehenden Reise</title>\n</head>\n<body>\n    <p>Hallo Anne,</p>\n\n    <p>Bald ist es wieder so weit und bei Euch steigt vielleicht bereits das \"Reisefieber\".</p>\n\n    <p>Für deine Planung und Organisation erhältst Du im Anhang:</p>\n\n    <ol>\n        <li>Die Antworten auf die häufigsten Fragen von Lehrpersonen / Gruppenbetreuungspersonen.</li>\n        <li>Vorlage Teilnehmerliste (bitte vor der Reise per E-Mail zusenden), um den schnellen Ablauf vor Ort zu organisieren.</li>\n        <li>Die aktuellen Reiseinformationen für Lehrpersonen, Schüler:innen und Eltern.</li>\n        <li>Unsere Hausordnung, die von jedem(r) Schüler:in unterschrieben am Anreisetag mitgebracht werden muss.</li>\n        <li>Elternbrief und Teilnahmebedienung Kletterfelsen (falls ihr plant, diese Sportaktivität zu nutzen).</li>\n    </ol>\n\n    <p>Für unsere Planung bitte den nachfolgenden Link bis spätestens zum  anklicken und die entsprechenden Felder ausfüllen bzw. überprüfen:</p>\n\n    <b><a href=\"http://127.0.0.1:8000/update_record/e7a29f59-6ab3-454d-a019-efcd1725a5d6\">Link zur Rückmeldung</a><br>\n    Login: john@marine.media<br>\n    Passwort: 19<br></b>\n\n    <p>(Falls der Link nicht anzuklicken geht, diesen kopieren und im Browser einfügen.)</p>\n\n    <p>Erst ca. 4 Tage vor Fahrtbeginn wird Christer die Belegung/Zimmerverteilung zumailen. Aus organisatorischen Gründen geht es nicht eher.</p>\n\n    <p>Bei weiteren Fragen stehe ich Dir gern zur Verfügung.</p>\n\n    <p>Herzliche Grüße aus San Pepelone</p>\n    <p>Swetlana</p>\n\n    <hr>\n\n    <p>i. A. Swetlana Abraham</p>\n    <p>Assistenz Resortmanagement</p>\n    <p>Feriendorf & Surfschule Pepelow GmbH</p>\n    <p>Mobil: 0173 385 44 85</p>\n    <p>E-Mail: swetlana@san-pepelone.de</p>\n    <p>Homepage: <a href=\"http://www.san-pepelone.de\">www.san-pepelone.de</a></p>\n\n    <p>Gesetzliche Informationen:</p>\n    <p>Feriendorf und Surfschule Pepelow GmbH * Sandweg 1 * Sitz der Gesellschaft: 18233 Pepelow * Eingetragen beim Amtsgericht Rostock, HRB 8386</p>\n    <p>Geschäftsführer: Olaf Winkelmann</p>\n</body>\n</html>',0,3,'2024-02-15 22:37:44.749334','2024-02-15 22:37:44.749369',NULL,NULL,NULL,1,'',NULL,NULL,NULL),(51,'test@san-pepelone.de','john@marine.media','','','Reiseinfos aus St. Pepelone','','<!DOCTYPE html>\n<html lang=\"de\">\n<head>\n    <meta charset=\"UTF-8\">\n    <meta name=\"viewport\" content=\"width=device-width, initial-scale=1.0\">\n    <title>Informationen zur bevorstehenden Reise</title>\n</head>\n<body>\n    <p>Hallo Anne,</p>\n\n    <p>Bald ist es wieder so weit und bei Euch steigt vielleicht bereits das \"Reisefieber\".</p>\n\n    <p>Für deine Planung und Organisation erhältst Du im Anhang:</p>\n\n    <ol>\n        <li>Die Antworten auf die häufigsten Fragen von Lehrpersonen / Gruppenbetreuungspersonen.</li>\n        <li>Vorlage Teilnehmerliste (bitte vor der Reise per E-Mail zusenden), um den schnellen Ablauf vor Ort zu organisieren.</li>\n        <li>Die aktuellen Reiseinformationen für Lehrpersonen, Schüler:innen und Eltern.</li>\n        <li>Unsere Hausordnung, die von jedem(r) Schüler:in unterschrieben am Anreisetag mitgebracht werden muss.</li>\n        <li>Elternbrief und Teilnahmebedienung Kletterfelsen (falls ihr plant, diese Sportaktivität zu nutzen).</li>\n    </ol>\n\n    <p>Für unsere Planung bitte den nachfolgenden Link bis spätestens zum  anklicken und die entsprechenden Felder ausfüllen bzw. überprüfen:</p>\n\n    <b><a href=\"http://127.0.0.1:8000/update_record/e7a29f59-6ab3-454d-a019-efcd1725a5d6\">Link zur Rückmeldung</a><br>\n    Login: john@marine.media<br>\n    Passwort: 19<br></b>\n\n    <p>(Falls der Link nicht anzuklicken geht, diesen kopieren und im Browser einfügen.)</p>\n\n    <p>Erst ca. 4 Tage vor Fahrtbeginn wird Christer die Belegung/Zimmerverteilung zumailen. Aus organisatorischen Gründen geht es nicht eher.</p>\n\n    <p>Bei weiteren Fragen stehe ich Dir gern zur Verfügung.</p>\n\n    <p>Herzliche Grüße aus San Pepelone</p>\n    <p>Swetlana</p>\n\n    <hr>\n\n    <p>i. A. Swetlana Abraham</p>\n    <p>Assistenz Resortmanagement</p>\n    <p>Feriendorf & Surfschule Pepelow GmbH</p>\n    <p>Mobil: 0173 385 44 85</p>\n    <p>E-Mail: swetlana@san-pepelone.de</p>\n    <p>Homepage: <a href=\"http://www.san-pepelone.de\">www.san-pepelone.de</a></p>\n\n    <p>Gesetzliche Informationen:</p>\n    <p>Feriendorf und Surfschule Pepelow GmbH * Sandweg 1 * Sitz der Gesellschaft: 18233 Pepelow * Eingetragen beim Amtsgericht Rostock, HRB 8386</p>\n    <p>Geschäftsführer: Olaf Winkelmann</p>\n</body>\n</html>',0,3,'2024-02-15 22:38:24.566583','2024-02-15 22:38:24.566594',NULL,NULL,NULL,1,'',NULL,NULL,NULL),(52,'test@san-pepelone.de','john@marine.media','','','Reiseinfos aus St. Pepelone','','<!DOCTYPE html>\n<html lang=\"de\">\n<head>\n    <meta charset=\"UTF-8\">\n    <meta name=\"viewport\" content=\"width=device-width, initial-scale=1.0\">\n    <title>Informationen zur bevorstehenden Reise</title>\n</head>\n<body>\n    <p>Hallo Anne,</p>\n\n    <p>Bald ist es wieder so weit und bei Euch steigt vielleicht bereits das \"Reisefieber\".</p>\n\n    <p>Für deine Planung und Organisation erhältst Du im Anhang:</p>\n\n    <ol>\n        <li>Die Antworten auf die häufigsten Fragen von Lehrpersonen / Gruppenbetreuungspersonen.</li>\n        <li>Vorlage Teilnehmerliste (bitte vor der Reise per E-Mail zusenden), um den schnellen Ablauf vor Ort zu organisieren.</li>\n        <li>Die aktuellen Reiseinformationen für Lehrpersonen, Schüler:innen und Eltern.</li>\n        <li>Unsere Hausordnung, die von jedem(r) Schüler:in unterschrieben am Anreisetag mitgebracht werden muss.</li>\n        <li>Elternbrief und Teilnahmebedienung Kletterfelsen (falls ihr plant, diese Sportaktivität zu nutzen).</li>\n    </ol>\n\n    <p>Für unsere Planung bitte den nachfolgenden Link bis spätestens zum  anklicken und die entsprechenden Felder ausfüllen bzw. überprüfen:</p>\n\n    <b><a href=\"http://127.0.0.1:8000/update_record/e7a29f59-6ab3-454d-a019-efcd1725a5d6\">Link zur Rückmeldung</a><br>\n    Login: john@marine.media<br>\n    Passwort: 19<br></b>\n\n    <p>(Falls der Link nicht anzuklicken geht, diesen kopieren und im Browser einfügen.)</p>\n\n    <p>Erst ca. 4 Tage vor Fahrtbeginn wird Christer die Belegung/Zimmerverteilung zumailen. Aus organisatorischen Gründen geht es nicht eher.</p>\n\n    <p>Bei weiteren Fragen stehe ich Dir gern zur Verfügung.</p>\n\n    <p>Herzliche Grüße aus San Pepelone</p>\n    <p>Swetlana</p>\n\n    <hr>\n\n    <p>i. A. Swetlana Abraham</p>\n    <p>Assistenz Resortmanagement</p>\n    <p>Feriendorf & Surfschule Pepelow GmbH</p>\n    <p>Mobil: 0173 385 44 85</p>\n    <p>E-Mail: swetlana@san-pepelone.de</p>\n    <p>Homepage: <a href=\"http://www.san-pepelone.de\">www.san-pepelone.de</a></p>\n\n    <p>Gesetzliche Informationen:</p>\n    <p>Feriendorf und Surfschule Pepelow GmbH * Sandweg 1 * Sitz der Gesellschaft: 18233 Pepelow * Eingetragen beim Amtsgericht Rostock, HRB 8386</p>\n    <p>Geschäftsführer: Olaf Winkelmann</p>\n</body>\n</html>',0,3,'2024-02-15 22:38:55.517971','2024-02-15 22:38:55.518006',NULL,NULL,NULL,1,'',NULL,NULL,NULL),(53,'test@san-pepelone.de','john@marine.media','','','Reiseinfos aus St. Pepelone','','<!DOCTYPE html>\n<html lang=\"de\">\n<head>\n    <meta charset=\"UTF-8\">\n    <meta name=\"viewport\" content=\"width=device-width, initial-scale=1.0\">\n    <title>Informationen zur bevorstehenden Reise</title>\n</head>\n<body>\n    <p>Hallo Anne,</p>\n\n    <p>Bald ist es wieder so weit und bei Euch steigt vielleicht bereits das \"Reisefieber\".</p>\n\n    <p>Für deine Planung und Organisation erhältst Du im Anhang:</p>\n\n    <ol>\n        <li>Die Antworten auf die häufigsten Fragen von Lehrpersonen / Gruppenbetreuungspersonen.</li>\n        <li>Vorlage Teilnehmerliste (bitte vor der Reise per E-Mail zusenden), um den schnellen Ablauf vor Ort zu organisieren.</li>\n        <li>Die aktuellen Reiseinformationen für Lehrpersonen, Schüler:innen und Eltern.</li>\n        <li>Unsere Hausordnung, die von jedem(r) Schüler:in unterschrieben am Anreisetag mitgebracht werden muss.</li>\n        <li>Elternbrief und Teilnahmebedienung Kletterfelsen (falls ihr plant, diese Sportaktivität zu nutzen).</li>\n    </ol>\n\n    <p>Für unsere Planung bitte den nachfolgenden Link bis spätestens zum  anklicken und die entsprechenden Felder ausfüllen bzw. überprüfen:</p>\n\n    <b><a href=\"http://127.0.0.1:8000/update_record/e7a29f59-6ab3-454d-a019-efcd1725a5d6\">Link zur Rückmeldung</a><br>\n    Login: john@marine.media<br>\n    Passwort: 19<br></b>\n\n    <p>(Falls der Link nicht anzuklicken geht, diesen kopieren und im Browser einfügen.)</p>\n\n    <p>Erst ca. 4 Tage vor Fahrtbeginn wird Christer die Belegung/Zimmerverteilung zumailen. Aus organisatorischen Gründen geht es nicht eher.</p>\n\n    <p>Bei weiteren Fragen stehe ich Dir gern zur Verfügung.</p>\n\n    <p>Herzliche Grüße aus San Pepelone</p>\n    <p>Swetlana</p>\n\n    <hr>\n\n    <p>i. A. Swetlana Abraham</p>\n    <p>Assistenz Resortmanagement</p>\n    <p>Feriendorf & Surfschule Pepelow GmbH</p>\n    <p>Mobil: 0173 385 44 85</p>\n    <p>E-Mail: swetlana@san-pepelone.de</p>\n    <p>Homepage: <a href=\"http://www.san-pepelone.de\">www.san-pepelone.de</a></p>\n\n    <p>Gesetzliche Informationen:</p>\n    <p>Feriendorf und Surfschule Pepelow GmbH * Sandweg 1 * Sitz der Gesellschaft: 18233 Pepelow * Eingetragen beim Amtsgericht Rostock, HRB 8386</p>\n    <p>Geschäftsführer: Olaf Winkelmann</p>\n</body>\n</html>',0,3,'2024-02-15 22:39:32.885276','2024-02-15 22:39:32.885290',NULL,NULL,NULL,1,'',NULL,NULL,NULL),(54,'test@san-pepelone.de','john@marine.media','','','Reiseinfos aus St. Pepelone','','<!DOCTYPE html>\n<html lang=\"de\">\n<head>\n    <meta charset=\"UTF-8\">\n    <meta name=\"viewport\" content=\"width=device-width, initial-scale=1.0\">\n    <title>Informationen zur bevorstehenden Reise</title>\n</head>\n<body>\n    <p>Hallo Anne,</p>\n\n    <p>Bald ist es wieder so weit und bei Euch steigt vielleicht bereits das \"Reisefieber\".</p>\n\n    <p>Für deine Planung und Organisation erhältst Du im Anhang:</p>\n\n    <ol>\n        <li>Die Antworten auf die häufigsten Fragen von Lehrpersonen / Gruppenbetreuungspersonen.</li>\n        <li>Vorlage Teilnehmerliste (bitte vor der Reise per E-Mail zusenden), um den schnellen Ablauf vor Ort zu organisieren.</li>\n        <li>Die aktuellen Reiseinformationen für Lehrpersonen, Schüler:innen und Eltern.</li>\n        <li>Unsere Hausordnung, die von jedem(r) Schüler:in unterschrieben am Anreisetag mitgebracht werden muss.</li>\n        <li>Elternbrief und Teilnahmebedienung Kletterfelsen (falls ihr plant, diese Sportaktivität zu nutzen).</li>\n    </ol>\n\n    <p>Für unsere Planung bitte den nachfolgenden Link bis spätestens zum  anklicken und die entsprechenden Felder ausfüllen bzw. überprüfen:</p>\n\n    <b><a href=\"http://127.0.0.1:8000/update_record/e7a29f59-6ab3-454d-a019-efcd1725a5d6\">Link zur Rückmeldung</a><br>\n    Login: john@marine.media<br>\n    Passwort: 19<br></b>\n\n    <p>(Falls der Link nicht anzuklicken geht, diesen kopieren und im Browser einfügen.)</p>\n\n    <p>Erst ca. 4 Tage vor Fahrtbeginn wird Christer die Belegung/Zimmerverteilung zumailen. Aus organisatorischen Gründen geht es nicht eher.</p>\n\n    <p>Bei weiteren Fragen stehe ich Dir gern zur Verfügung.</p>\n\n    <p>Herzliche Grüße aus San Pepelone</p>\n    <p>Swetlana</p>\n\n    <hr>\n\n    <p>i. A. Swetlana Abraham</p>\n    <p>Assistenz Resortmanagement</p>\n    <p>Feriendorf & Surfschule Pepelow GmbH</p>\n    <p>Mobil: 0173 385 44 85</p>\n    <p>E-Mail: swetlana@san-pepelone.de</p>\n    <p>Homepage: <a href=\"http://www.san-pepelone.de\">www.san-pepelone.de</a></p>\n\n    <p>Gesetzliche Informationen:</p>\n    <p>Feriendorf und Surfschule Pepelow GmbH * Sandweg 1 * Sitz der Gesellschaft: 18233 Pepelow * Eingetragen beim Amtsgericht Rostock, HRB 8386</p>\n    <p>Geschäftsführer: Olaf Winkelmann</p>\n</body>\n</html>',0,3,'2024-02-15 22:40:11.090556','2024-02-15 22:40:11.090596',NULL,NULL,NULL,1,'',NULL,NULL,NULL),(55,'test@san-pepelone.de','john@marine.media','','','Reiseinfos aus St. Pepelone','','<!DOCTYPE html>\n<html lang=\"de\">\n<head>\n    <meta charset=\"UTF-8\">\n    <meta name=\"viewport\" content=\"width=device-width, initial-scale=1.0\">\n    <title>Informationen zur bevorstehenden Reise</title>\n</head>\n<body>\n    <p>Hallo Anne,</p>\n\n    <p>Bald ist es wieder so weit und bei Euch steigt vielleicht bereits das \"Reisefieber\".</p>\n\n    <p>Für deine Planung und Organisation erhältst Du im Anhang:</p>\n\n    <ol>\n        <li>Die Antworten auf die häufigsten Fragen von Lehrpersonen / Gruppenbetreuungspersonen.</li>\n        <li>Vorlage Teilnehmerliste (bitte vor der Reise per E-Mail zusenden), um den schnellen Ablauf vor Ort zu organisieren.</li>\n        <li>Die aktuellen Reiseinformationen für Lehrpersonen, Schüler:innen und Eltern.</li>\n        <li>Unsere Hausordnung, die von jedem(r) Schüler:in unterschrieben am Anreisetag mitgebracht werden muss.</li>\n        <li>Elternbrief und Teilnahmebedienung Kletterfelsen (falls ihr plant, diese Sportaktivität zu nutzen).</li>\n    </ol>\n\n    <p>Für unsere Planung bitte den nachfolgenden Link bis spätestens zum  anklicken und die entsprechenden Felder ausfüllen bzw. überprüfen:</p>\n\n    <b><a href=\"http://127.0.0.1:8000/update_record/e7a29f59-6ab3-454d-a019-efcd1725a5d6\">Link zur Rückmeldung</a><br>\n    Login: john@marine.media<br>\n    Passwort: 19<br></b>\n\n    <p>(Falls der Link nicht anzuklicken geht, diesen kopieren und im Browser einfügen.)</p>\n\n    <p>Erst ca. 4 Tage vor Fahrtbeginn wird Christer die Belegung/Zimmerverteilung zumailen. Aus organisatorischen Gründen geht es nicht eher.</p>\n\n    <p>Bei weiteren Fragen stehe ich Dir gern zur Verfügung.</p>\n\n    <p>Herzliche Grüße aus San Pepelone</p>\n    <p>Swetlana</p>\n\n    <hr>\n\n    <p>i. A. Swetlana Abraham</p>\n    <p>Assistenz Resortmanagement</p>\n    <p>Feriendorf & Surfschule Pepelow GmbH</p>\n    <p>Mobil: 0173 385 44 85</p>\n    <p>E-Mail: swetlana@san-pepelone.de</p>\n    <p>Homepage: <a href=\"http://www.san-pepelone.de\">www.san-pepelone.de</a></p>\n\n    <p>Gesetzliche Informationen:</p>\n    <p>Feriendorf und Surfschule Pepelow GmbH * Sandweg 1 * Sitz der Gesellschaft: 18233 Pepelow * Eingetragen beim Amtsgericht Rostock, HRB 8386</p>\n    <p>Geschäftsführer: Olaf Winkelmann</p>\n</body>\n</html>',0,3,'2024-02-15 22:42:08.577334','2024-02-15 22:42:08.577382',NULL,NULL,NULL,1,'',NULL,NULL,NULL),(56,'test@san-pepelone.de','john@marine.media','','','Reiseinfos aus St. Pepelone','','<!DOCTYPE html>\n<html lang=\"de\">\n<head>\n    <meta charset=\"UTF-8\">\n    <meta name=\"viewport\" content=\"width=device-width, initial-scale=1.0\">\n    <title>Informationen zur bevorstehenden Reise</title>\n</head>\n<body>\n    <p>Hallo Anne,</p>\n\n    <p>Bald ist es wieder so weit und bei Euch steigt vielleicht bereits das \"Reisefieber\".</p>\n\n    <p>Für deine Planung und Organisation erhältst Du im Anhang:</p>\n\n    <ol>\n        <li>Die Antworten auf die häufigsten Fragen von Lehrpersonen / Gruppenbetreuungspersonen.</li>\n        <li>Vorlage Teilnehmerliste (bitte vor der Reise per E-Mail zusenden), um den schnellen Ablauf vor Ort zu organisieren.</li>\n        <li>Die aktuellen Reiseinformationen für Lehrpersonen, Schüler:innen und Eltern.</li>\n        <li>Unsere Hausordnung, die von jedem(r) Schüler:in unterschrieben am Anreisetag mitgebracht werden muss.</li>\n        <li>Elternbrief und Teilnahmebedienung Kletterfelsen (falls ihr plant, diese Sportaktivität zu nutzen).</li>\n    </ol>\n\n    <p>Für unsere Planung bitte den nachfolgenden Link bis spätestens zum  anklicken und die entsprechenden Felder ausfüllen bzw. überprüfen:</p>\n\n    <b><a href=\"http://127.0.0.1:8000/update_record/e7a29f59-6ab3-454d-a019-efcd1725a5d6\">Link zur Rückmeldung</a><br>\n    Login: john@marine.media<br>\n    Passwort: 19<br></b>\n\n    <p>(Falls der Link nicht anzuklicken geht, diesen kopieren und im Browser einfügen.)</p>\n\n    <p>Erst ca. 4 Tage vor Fahrtbeginn wird Christer die Belegung/Zimmerverteilung zumailen. Aus organisatorischen Gründen geht es nicht eher.</p>\n\n    <p>Bei weiteren Fragen stehe ich Dir gern zur Verfügung.</p>\n\n    <p>Herzliche Grüße aus San Pepelone</p>\n    <p>Swetlana</p>\n\n    <hr>\n\n    <p>i. A. Swetlana Abraham</p>\n    <p>Assistenz Resortmanagement</p>\n    <p>Feriendorf & Surfschule Pepelow GmbH</p>\n    <p>Mobil: 0173 385 44 85</p>\n    <p>E-Mail: swetlana@san-pepelone.de</p>\n    <p>Homepage: <a href=\"http://www.san-pepelone.de\">www.san-pepelone.de</a></p>\n\n    <p>Gesetzliche Informationen:</p>\n    <p>Feriendorf und Surfschule Pepelow GmbH * Sandweg 1 * Sitz der Gesellschaft: 18233 Pepelow * Eingetragen beim Amtsgericht Rostock, HRB 8386</p>\n    <p>Geschäftsführer: Olaf Winkelmann</p>\n</body>\n</html>',0,3,'2024-02-15 22:42:32.522035','2024-02-15 22:42:32.522072',NULL,NULL,NULL,1,'',NULL,NULL,NULL),(57,'test@san-pepelone.de','john@marine.media','','','Reiseinfos aus St. Pepelone','','<!DOCTYPE html>\n<html lang=\"de\">\n<head>\n    <meta charset=\"UTF-8\">\n    <meta name=\"viewport\" content=\"width=device-width, initial-scale=1.0\">\n    <title>Informationen zur bevorstehenden Reise</title>\n</head>\n<body>\n    <p>Hallo Anne,</p>\n\n    <p>Bald ist es wieder so weit und bei Euch steigt vielleicht bereits das \"Reisefieber\".</p>\n\n    <p>Für deine Planung und Organisation erhältst Du im Anhang:</p>\n\n    <ol>\n        <li>Die Antworten auf die häufigsten Fragen von Lehrpersonen / Gruppenbetreuungspersonen.</li>\n        <li>Vorlage Teilnehmerliste (bitte vor der Reise per E-Mail zusenden), um den schnellen Ablauf vor Ort zu organisieren.</li>\n        <li>Die aktuellen Reiseinformationen für Lehrpersonen, Schüler:innen und Eltern.</li>\n        <li>Unsere Hausordnung, die von jedem(r) Schüler:in unterschrieben am Anreisetag mitgebracht werden muss.</li>\n        <li>Elternbrief und Teilnahmebedienung Kletterfelsen (falls ihr plant, diese Sportaktivität zu nutzen).</li>\n    </ol>\n\n    <p>Für unsere Planung bitte den nachfolgenden Link bis spätestens zum  anklicken und die entsprechenden Felder ausfüllen bzw. überprüfen:</p>\n\n    <b><a href=\"http://127.0.0.1:8000/update_record/e7a29f59-6ab3-454d-a019-efcd1725a5d6\">Link zur Rückmeldung</a><br>\n    Login: john@marine.media<br>\n    Passwort: 19<br></b>\n\n    <p>(Falls der Link nicht anzuklicken geht, diesen kopieren und im Browser einfügen.)</p>\n\n    <p>Erst ca. 4 Tage vor Fahrtbeginn wird Christer die Belegung/Zimmerverteilung zumailen. Aus organisatorischen Gründen geht es nicht eher.</p>\n\n    <p>Bei weiteren Fragen stehe ich Dir gern zur Verfügung.</p>\n\n    <p>Herzliche Grüße aus San Pepelone</p>\n    <p>Swetlana</p>\n\n    <hr>\n\n    <p>i. A. Swetlana Abraham</p>\n    <p>Assistenz Resortmanagement</p>\n    <p>Feriendorf & Surfschule Pepelow GmbH</p>\n    <p>Mobil: 0173 385 44 85</p>\n    <p>E-Mail: swetlana@san-pepelone.de</p>\n    <p>Homepage: <a href=\"http://www.san-pepelone.de\">www.san-pepelone.de</a></p>\n\n    <p>Gesetzliche Informationen:</p>\n    <p>Feriendorf und Surfschule Pepelow GmbH * Sandweg 1 * Sitz der Gesellschaft: 18233 Pepelow * Eingetragen beim Amtsgericht Rostock, HRB 8386</p>\n    <p>Geschäftsführer: Olaf Winkelmann</p>\n</body>\n</html>',0,3,'2024-02-15 22:42:55.746506','2024-02-15 22:42:55.746548',NULL,NULL,NULL,1,'',NULL,NULL,NULL),(58,'test@san-pepelone.de','john@marine.media','','','Reiseinfos aus St. Pepelone','','<!DOCTYPE html>\n<html lang=\"de\">\n<head>\n    <meta charset=\"UTF-8\">\n    <meta name=\"viewport\" content=\"width=device-width, initial-scale=1.0\">\n    <title>Informationen zur bevorstehenden Reise</title>\n</head>\n<body>\n    <p>Hallo Anne,</p>\n\n    <p>Bald ist es wieder so weit und bei Euch steigt vielleicht bereits das \"Reisefieber\".</p>\n\n    <p>Für deine Planung und Organisation erhältst Du im Anhang:</p>\n\n    <ol>\n        <li>Die Antworten auf die häufigsten Fragen von Lehrpersonen / Gruppenbetreuungspersonen.</li>\n        <li>Vorlage Teilnehmerliste (bitte vor der Reise per E-Mail zusenden), um den schnellen Ablauf vor Ort zu organisieren.</li>\n        <li>Die aktuellen Reiseinformationen für Lehrpersonen, Schüler:innen und Eltern.</li>\n        <li>Unsere Hausordnung, die von jedem(r) Schüler:in unterschrieben am Anreisetag mitgebracht werden muss.</li>\n        <li>Elternbrief und Teilnahmebedienung Kletterfelsen (falls ihr plant, diese Sportaktivität zu nutzen).</li>\n    </ol>\n\n    <p>Für unsere Planung bitte den nachfolgenden Link bis spätestens zum  anklicken und die entsprechenden Felder ausfüllen bzw. überprüfen:</p>\n\n    <b><a href=\"http://127.0.0.1:8000/update_record/e7a29f59-6ab3-454d-a019-efcd1725a5d6\">Link zur Rückmeldung</a><br>\n    Login: john@marine.media<br>\n    Passwort: 19<br></b>\n\n    <p>(Falls der Link nicht anzuklicken geht, diesen kopieren und im Browser einfügen.)</p>\n\n    <p>Erst ca. 4 Tage vor Fahrtbeginn wird Christer die Belegung/Zimmerverteilung zumailen. Aus organisatorischen Gründen geht es nicht eher.</p>\n\n    <p>Bei weiteren Fragen stehe ich Dir gern zur Verfügung.</p>\n\n    <p>Herzliche Grüße aus San Pepelone</p>\n    <p>Swetlana</p>\n\n    <hr>\n\n    <p>i. A. Swetlana Abraham</p>\n    <p>Assistenz Resortmanagement</p>\n    <p>Feriendorf & Surfschule Pepelow GmbH</p>\n    <p>Mobil: 0173 385 44 85</p>\n    <p>E-Mail: swetlana@san-pepelone.de</p>\n    <p>Homepage: <a href=\"http://www.san-pepelone.de\">www.san-pepelone.de</a></p>\n\n    <p>Gesetzliche Informationen:</p>\n    <p>Feriendorf und Surfschule Pepelow GmbH * Sandweg 1 * Sitz der Gesellschaft: 18233 Pepelow * Eingetragen beim Amtsgericht Rostock, HRB 8386</p>\n    <p>Geschäftsführer: Olaf Winkelmann</p>\n</body>\n</html>',0,3,'2024-02-16 08:30:19.391028','2024-02-16 08:30:19.391056',NULL,NULL,NULL,1,'',NULL,NULL,NULL),(59,'test@san-pepelone.de','john@marine.media','','','Reiseinfos aus St. Pepelone','','<!DOCTYPE html>\n<html lang=\"de\">\n<head>\n    <meta charset=\"UTF-8\">\n    <meta name=\"viewport\" content=\"width=device-width, initial-scale=1.0\">\n    <title>Informationen zur bevorstehenden Reise</title>\n</head>\n<body>\n    <p>Hallo Anne,</p>\n\n    <p>Bald ist es wieder so weit und bei Euch steigt vielleicht bereits das \"Reisefieber\".</p>\n\n    <p>Für deine Planung und Organisation erhältst Du im Anhang:</p>\n\n    <ol>\n        <li>Die Antworten auf die häufigsten Fragen von Lehrpersonen / Gruppenbetreuungspersonen.</li>\n        <li>Vorlage Teilnehmerliste (bitte vor der Reise per E-Mail zusenden), um den schnellen Ablauf vor Ort zu organisieren.</li>\n        <li>Die aktuellen Reiseinformationen für Lehrpersonen, Schüler:innen und Eltern.</li>\n        <li>Unsere Hausordnung, die von jedem(r) Schüler:in unterschrieben am Anreisetag mitgebracht werden muss.</li>\n        <li>Elternbrief und Teilnahmebedienung Kletterfelsen (falls ihr plant, diese Sportaktivität zu nutzen).</li>\n    </ol>\n\n    <p>Für unsere Planung bitte den nachfolgenden Link bis spätestens zum  anklicken und die entsprechenden Felder ausfüllen bzw. überprüfen:</p>\n\n    <b><a href=\"http://127.0.0.1:8000/update_record/e7a29f59-6ab3-454d-a019-efcd1725a5d6\">Link zur Rückmeldung</a><br>\n    Login: john@marine.media<br>\n    Passwort: 19<br></b>\n\n    <p>(Falls der Link nicht anzuklicken geht, diesen kopieren und im Browser einfügen.)</p>\n\n    <p>Erst ca. 4 Tage vor Fahrtbeginn wird Christer die Belegung/Zimmerverteilung zumailen. Aus organisatorischen Gründen geht es nicht eher.</p>\n\n    <p>Bei weiteren Fragen stehe ich Dir gern zur Verfügung.</p>\n\n    <p>Herzliche Grüße aus San Pepelone</p>\n    <p>Swetlana</p>\n\n    <hr>\n\n    <p>i. A. Swetlana Abraham</p>\n    <p>Assistenz Resortmanagement</p>\n    <p>Feriendorf & Surfschule Pepelow GmbH</p>\n    <p>Mobil: 0173 385 44 85</p>\n    <p>E-Mail: swetlana@san-pepelone.de</p>\n    <p>Homepage: <a href=\"http://www.san-pepelone.de\">www.san-pepelone.de</a></p>\n\n    <p>Gesetzliche Informationen:</p>\n    <p>Feriendorf und Surfschule Pepelow GmbH * Sandweg 1 * Sitz der Gesellschaft: 18233 Pepelow * Eingetragen beim Amtsgericht Rostock, HRB 8386</p>\n    <p>Geschäftsführer: Olaf Winkelmann</p>\n</body>\n</html>',0,3,'2024-02-16 08:30:28.797286','2024-02-16 08:30:28.797342',NULL,NULL,NULL,1,'',NULL,NULL,NULL),(60,'test@san-pepelone.de','john@marine.media','','','Reiseinfos aus St. Pepelone','','<!DOCTYPE html>\n<html lang=\"de\">\n<head>\n    <meta charset=\"UTF-8\">\n    <meta name=\"viewport\" content=\"width=device-width, initial-scale=1.0\">\n    <title>Informationen zur bevorstehenden Reise</title>\n</head>\n<body>\n    <p>Hallo Anne,</p>\n\n    <p>Bald ist es wieder so weit und bei Euch steigt vielleicht bereits das \"Reisefieber\".</p>\n\n    <p>Für deine Planung und Organisation erhältst Du im Anhang:</p>\n\n    <ol>\n        <li>Die Antworten auf die häufigsten Fragen von Lehrpersonen / Gruppenbetreuungspersonen.</li>\n        <li>Vorlage Teilnehmerliste (bitte vor der Reise per E-Mail zusenden), um den schnellen Ablauf vor Ort zu organisieren.</li>\n        <li>Die aktuellen Reiseinformationen für Lehrpersonen, Schüler:innen und Eltern.</li>\n        <li>Unsere Hausordnung, die von jedem(r) Schüler:in unterschrieben am Anreisetag mitgebracht werden muss.</li>\n        <li>Elternbrief und Teilnahmebedienung Kletterfelsen (falls ihr plant, diese Sportaktivität zu nutzen).</li>\n    </ol>\n\n    <p>Für unsere Planung bitte den nachfolgenden Link bis spätestens zum  anklicken und die entsprechenden Felder ausfüllen bzw. überprüfen:</p>\n\n    <b><a href=\"http://127.0.0.1:8000/update_record/e7a29f59-6ab3-454d-a019-efcd1725a5d6\">Link zur Rückmeldung</a><br>\n    Login: john@marine.media<br>\n    Passwort: 19<br></b>\n\n    <p>(Falls der Link nicht anzuklicken geht, diesen kopieren und im Browser einfügen.)</p>\n\n    <p>Erst ca. 4 Tage vor Fahrtbeginn wird Christer die Belegung/Zimmerverteilung zumailen. Aus organisatorischen Gründen geht es nicht eher.</p>\n\n    <p>Bei weiteren Fragen stehe ich Dir gern zur Verfügung.</p>\n\n    <p>Herzliche Grüße aus San Pepelone</p>\n    <p>Swetlana</p>\n\n    <hr>\n\n    <p>i. A. Swetlana Abraham</p>\n    <p>Assistenz Resortmanagement</p>\n    <p>Feriendorf & Surfschule Pepelow GmbH</p>\n    <p>Mobil: 0173 385 44 85</p>\n    <p>E-Mail: swetlana@san-pepelone.de</p>\n    <p>Homepage: <a href=\"http://www.san-pepelone.de\">www.san-pepelone.de</a></p>\n\n    <p>Gesetzliche Informationen:</p>\n    <p>Feriendorf und Surfschule Pepelow GmbH * Sandweg 1 * Sitz der Gesellschaft: 18233 Pepelow * Eingetragen beim Amtsgericht Rostock, HRB 8386</p>\n    <p>Geschäftsführer: Olaf Winkelmann</p>\n</body>\n</html>',0,3,'2024-02-16 08:34:43.990388','2024-02-16 08:34:43.990517',NULL,NULL,NULL,1,'',NULL,NULL,NULL),(61,'test@san-pepelone.de','john@marine.media','','','Reiseinfos aus St. Pepelone','','<!DOCTYPE html>\n<html lang=\"de\">\n<head>\n    <meta charset=\"UTF-8\">\n    <meta name=\"viewport\" content=\"width=device-width, initial-scale=1.0\">\n    <title>Informationen zur bevorstehenden Reise</title>\n</head>\n<body>\n    <p>Hallo Anne,</p>\n\n    <p>Bald ist es wieder so weit und bei Euch steigt vielleicht bereits das \"Reisefieber\".</p>\n\n    <p>Für deine Planung und Organisation erhältst Du im Anhang:</p>\n\n    <ol>\n        <li>Die Antworten auf die häufigsten Fragen von Lehrpersonen / Gruppenbetreuungspersonen.</li>\n        <li>Vorlage Teilnehmerliste (bitte vor der Reise per E-Mail zusenden), um den schnellen Ablauf vor Ort zu organisieren.</li>\n        <li>Die aktuellen Reiseinformationen für Lehrpersonen, Schüler:innen und Eltern.</li>\n        <li>Unsere Hausordnung, die von jedem(r) Schüler:in unterschrieben am Anreisetag mitgebracht werden muss.</li>\n        <li>Elternbrief und Teilnahmebedienung Kletterfelsen (falls ihr plant, diese Sportaktivität zu nutzen).</li>\n    </ol>\n\n    <p>Für unsere Planung bitte den nachfolgenden Link bis spätestens zum  anklicken und die entsprechenden Felder ausfüllen bzw. überprüfen:</p>\n\n    <b><a href=\"http://127.0.0.1:8000/update_record/e7a29f59-6ab3-454d-a019-efcd1725a5d6\">Link zur Rückmeldung</a><br>\n    Login: john@marine.media<br>\n    Passwort: 19<br></b>\n\n    <p>(Falls der Link nicht anzuklicken geht, diesen kopieren und im Browser einfügen.)</p>\n\n    <p>Erst ca. 4 Tage vor Fahrtbeginn wird Christer die Belegung/Zimmerverteilung zumailen. Aus organisatorischen Gründen geht es nicht eher.</p>\n\n    <p>Bei weiteren Fragen stehe ich Dir gern zur Verfügung.</p>\n\n    <p>Herzliche Grüße aus San Pepelone</p>\n    <p>Swetlana</p>\n\n    <hr>\n\n    <p>i. A. Swetlana Abraham</p>\n    <p>Assistenz Resortmanagement</p>\n    <p>Feriendorf & Surfschule Pepelow GmbH</p>\n    <p>Mobil: 0173 385 44 85</p>\n    <p>E-Mail: swetlana@san-pepelone.de</p>\n    <p>Homepage: <a href=\"http://www.san-pepelone.de\">www.san-pepelone.de</a></p>\n\n    <p>Gesetzliche Informationen:</p>\n    <p>Feriendorf und Surfschule Pepelow GmbH * Sandweg 1 * Sitz der Gesellschaft: 18233 Pepelow * Eingetragen beim Amtsgericht Rostock, HRB 8386</p>\n    <p>Geschäftsführer: Olaf Winkelmann</p>\n</body>\n</html>',0,3,'2024-02-16 08:59:54.522917','2024-02-16 08:59:54.522957',NULL,NULL,NULL,1,'',NULL,NULL,NULL),(62,'test@san-pepelone.de','john@marine.media','','','Reiseinfos aus St. Pepelone','','<!DOCTYPE html>\n<html lang=\"de\">\n<head>\n    <meta charset=\"UTF-8\">\n    <meta name=\"viewport\" content=\"width=device-width, initial-scale=1.0\">\n    <title>Informationen zur bevorstehenden Reise</title>\n</head>\n<body>\n    <p>Hallo Anne,</p>\n\n    <p>Bald ist es wieder so weit und bei Euch steigt vielleicht bereits das \"Reisefieber\".</p>\n\n    <p>Für deine Planung und Organisation erhältst Du im Anhang:</p>\n\n    <ol>\n        <li>Die Antworten auf die häufigsten Fragen von Lehrpersonen / Gruppenbetreuungspersonen.</li>\n        <li>Vorlage Teilnehmerliste (bitte vor der Reise per E-Mail zusenden), um den schnellen Ablauf vor Ort zu organisieren.</li>\n        <li>Die aktuellen Reiseinformationen für Lehrpersonen, Schüler:innen und Eltern.</li>\n        <li>Unsere Hausordnung, die von jedem(r) Schüler:in unterschrieben am Anreisetag mitgebracht werden muss.</li>\n        <li>Elternbrief und Teilnahmebedienung Kletterfelsen (falls ihr plant, diese Sportaktivität zu nutzen).</li>\n    </ol>\n\n    <p>Für unsere Planung bitte den nachfolgenden Link bis spätestens zum  anklicken und die entsprechenden Felder ausfüllen bzw. überprüfen:</p>\n\n    <b><a href=\"http://127.0.0.1:8000/update_record/e7a29f59-6ab3-454d-a019-efcd1725a5d6\">Link zur Rückmeldung</a><br>\n    Login: john@marine.media<br>\n    Passwort: 19<br></b>\n\n    <p>(Falls der Link nicht anzuklicken geht, diesen kopieren und im Browser einfügen.)</p>\n\n    <p>Erst ca. 4 Tage vor Fahrtbeginn wird Christer die Belegung/Zimmerverteilung zumailen. Aus organisatorischen Gründen geht es nicht eher.</p>\n\n    <p>Bei weiteren Fragen stehe ich Dir gern zur Verfügung.</p>\n\n    <p>Herzliche Grüße aus San Pepelone</p>\n    <p>Swetlana</p>\n\n    <hr>\n\n    <p>i. A. Swetlana Abraham</p>\n    <p>Assistenz Resortmanagement</p>\n    <p>Feriendorf & Surfschule Pepelow GmbH</p>\n    <p>Mobil: 0173 385 44 85</p>\n    <p>E-Mail: swetlana@san-pepelone.de</p>\n    <p>Homepage: <a href=\"http://www.san-pepelone.de\">www.san-pepelone.de</a></p>\n\n    <p>Gesetzliche Informationen:</p>\n    <p>Feriendorf und Surfschule Pepelow GmbH * Sandweg 1 * Sitz der Gesellschaft: 18233 Pepelow * Eingetragen beim Amtsgericht Rostock, HRB 8386</p>\n    <p>Geschäftsführer: Olaf Winkelmann</p>\n</body>\n</html>',0,3,'2024-02-16 09:08:03.689852','2024-02-16 09:08:03.689886',NULL,NULL,NULL,1,'',NULL,NULL,NULL),(63,'test@san-pepelone.de','john@marine.media','','','Reiseinfos aus St. Pepelone','','<!DOCTYPE html>\n<html lang=\"de\">\n<head>\n    <meta charset=\"UTF-8\">\n    <meta name=\"viewport\" content=\"width=device-width, initial-scale=1.0\">\n    <title>Informationen zur bevorstehenden Reise</title>\n</head>\n<body>\n    <p>Hallo Anne,</p>\n\n    <p>Bald ist es wieder so weit und bei Euch steigt vielleicht bereits das \"Reisefieber\".</p>\n\n    <p>Für deine Planung und Organisation erhältst Du im Anhang:</p>\n\n    <ol>\n        <li>Die Antworten auf die häufigsten Fragen von Lehrpersonen / Gruppenbetreuungspersonen.</li>\n        <li>Vorlage Teilnehmerliste (bitte vor der Reise per E-Mail zusenden), um den schnellen Ablauf vor Ort zu organisieren.</li>\n        <li>Die aktuellen Reiseinformationen für Lehrpersonen, Schüler:innen und Eltern.</li>\n        <li>Unsere Hausordnung, die von jedem(r) Schüler:in unterschrieben am Anreisetag mitgebracht werden muss.</li>\n        <li>Elternbrief und Teilnahmebedienung Kletterfelsen (falls ihr plant, diese Sportaktivität zu nutzen).</li>\n    </ol>\n\n    <p>Für unsere Planung bitte den nachfolgenden Link bis spätestens zum  anklicken und die entsprechenden Felder ausfüllen bzw. überprüfen:</p>\n\n    <b><a href=\"http://127.0.0.1:8000/update_record/e7a29f59-6ab3-454d-a019-efcd1725a5d6\">Link zur Rückmeldung</a><br>\n    Login: john@marine.media<br>\n    Passwort: 19<br></b>\n\n    <p>(Falls der Link nicht anzuklicken geht, diesen kopieren und im Browser einfügen.)</p>\n\n    <p>Erst ca. 4 Tage vor Fahrtbeginn wird Christer die Belegung/Zimmerverteilung zumailen. Aus organisatorischen Gründen geht es nicht eher.</p>\n\n    <p>Bei weiteren Fragen stehe ich Dir gern zur Verfügung.</p>\n\n    <p>Herzliche Grüße aus San Pepelone</p>\n    <p>Swetlana</p>\n\n    <hr>\n\n    <p>i. A. Swetlana Abraham</p>\n    <p>Assistenz Resortmanagement</p>\n    <p>Feriendorf & Surfschule Pepelow GmbH</p>\n    <p>Mobil: 0173 385 44 85</p>\n    <p>E-Mail: swetlana@san-pepelone.de</p>\n    <p>Homepage: <a href=\"http://www.san-pepelone.de\">www.san-pepelone.de</a></p>\n\n    <p>Gesetzliche Informationen:</p>\n    <p>Feriendorf und Surfschule Pepelow GmbH * Sandweg 1 * Sitz der Gesellschaft: 18233 Pepelow * Eingetragen beim Amtsgericht Rostock, HRB 8386</p>\n    <p>Geschäftsführer: Olaf Winkelmann</p>\n</body>\n</html>',0,3,'2024-02-16 09:15:28.579917','2024-02-16 09:15:28.579946',NULL,NULL,NULL,1,'',NULL,NULL,NULL),(64,'test@san-pepelone.de','carsten@navisense.de','','','Reiseinfos aus St. Pepelone','','<!DOCTYPE html>\n<html lang=\"de\">\n<head>\n    <meta charset=\"UTF-8\">\n    <meta name=\"viewport\" content=\"width=device-width, initial-scale=1.0\">\n    <title>Informationen zur bevorstehenden Reise</title>\n</head>\n<body>\n    <p>Hallo Manfred,</p>\n\n    <p>Bald ist es wieder so weit und bei Euch steigt vielleicht bereits das \"Reisefieber\".</p>\n\n    <p>Für deine Planung und Organisation erhältst Du im Anhang:</p>\n\n    <ol>\n        <li>Die Antworten auf die häufigsten Fragen von Lehrpersonen / Gruppenbetreuungspersonen.</li>\n        <li>Vorlage Teilnehmerliste (bitte vor der Reise per E-Mail zusenden), um den schnellen Ablauf vor Ort zu organisieren.</li>\n        <li>Die aktuellen Reiseinformationen für Lehrpersonen, Schüler:innen und Eltern.</li>\n        <li>Unsere Hausordnung, die von jedem(r) Schüler:in unterschrieben am Anreisetag mitgebracht werden muss.</li>\n        <li>Elternbrief und Teilnahmebedienung Kletterfelsen (falls ihr plant, diese Sportaktivität zu nutzen).</li>\n    </ol>\n\n    <p>Für unsere Planung bitte den nachfolgenden Link bis spätestens zum  anklicken und die entsprechenden Felder ausfüllen bzw. überprüfen:</p>\n\n    <b><a href=\"http://127.0.0.1:8000/update_record/ada3b4c5-e8ff-4406-b4c1-ae8f1a6c6bc8\">Link zur Rückmeldung</a><br>\n    Login: carsten@navisense.de<br>\n    Passwort: 20<br></b>\n\n    <p>(Falls der Link nicht anzuklicken geht, diesen kopieren und im Browser einfügen.)</p>\n\n    <p>Erst ca. 4 Tage vor Fahrtbeginn wird Christer die Belegung/Zimmerverteilung zumailen. Aus organisatorischen Gründen geht es nicht eher.</p>\n\n    <p>Bei weiteren Fragen stehe ich Dir gern zur Verfügung.</p>\n\n    <p>Herzliche Grüße aus San Pepelone</p>\n    <p>Swetlana</p>\n\n    <hr>\n\n    <p>i. A. Swetlana Abraham</p>\n    <p>Assistenz Resortmanagement</p>\n    <p>Feriendorf & Surfschule Pepelow GmbH</p>\n    <p>Mobil: 0173 385 44 85</p>\n    <p>E-Mail: swetlana@san-pepelone.de</p>\n    <p>Homepage: <a href=\"http://www.san-pepelone.de\">www.san-pepelone.de</a></p>\n\n    <p>Gesetzliche Informationen:</p>\n    <p>Feriendorf und Surfschule Pepelow GmbH * Sandweg 1 * Sitz der Gesellschaft: 18233 Pepelow * Eingetragen beim Amtsgericht Rostock, HRB 8386</p>\n    <p>Geschäftsführer: Olaf Winkelmann</p>\n</body>\n</html>',0,3,'2024-02-17 14:21:39.475326','2024-02-17 14:21:39.475367',NULL,NULL,NULL,1,'',NULL,NULL,NULL),(65,'test@san-pepelone.de','carsten@navisense.de','','','Reiseinfos aus St. Pepelone','','<!DOCTYPE html>\n<html lang=\"de\">\n<head>\n    <meta charset=\"UTF-8\">\n    <meta name=\"viewport\" content=\"width=device-width, initial-scale=1.0\">\n    <title>Informationen zur bevorstehenden Reise</title>\n</head>\n<body>\n    <p>Hallo Manfred,</p>\n\n    <p>Bald ist es wieder so weit und bei Euch steigt vielleicht bereits das \"Reisefieber\".</p>\n\n    <p>Für deine Planung und Organisation erhältst Du im Anhang:</p>\n\n    <ol>\n        <li>Die Antworten auf die häufigsten Fragen von Lehrpersonen / Gruppenbetreuungspersonen.</li>\n        <li>Vorlage Teilnehmerliste (bitte vor der Reise per E-Mail zusenden), um den schnellen Ablauf vor Ort zu organisieren.</li>\n        <li>Die aktuellen Reiseinformationen für Lehrpersonen, Schüler:innen und Eltern.</li>\n        <li>Unsere Hausordnung, die von jedem(r) Schüler:in unterschrieben am Anreisetag mitgebracht werden muss.</li>\n        <li>Elternbrief und Teilnahmebedienung Kletterfelsen (falls ihr plant, diese Sportaktivität zu nutzen).</li>\n    </ol>\n\n    <p>Für unsere Planung bitte den nachfolgenden Link bis spätestens zum  anklicken und die entsprechenden Felder ausfüllen bzw. überprüfen:</p>\n\n    <b><a href=\"http://127.0.0.1:8000/update_record/ada3b4c5-e8ff-4406-b4c1-ae8f1a6c6bc8\">Link zur Rückmeldung</a><br>\n    Login: carsten@navisense.de<br>\n    Passwort: 20<br></b>\n\n    <p>(Falls der Link nicht anzuklicken geht, diesen kopieren und im Browser einfügen.)</p>\n\n    <p>Erst ca. 4 Tage vor Fahrtbeginn wird Christer die Belegung/Zimmerverteilung zumailen. Aus organisatorischen Gründen geht es nicht eher.</p>\n\n    <p>Bei weiteren Fragen stehe ich Dir gern zur Verfügung.</p>\n\n    <p>Herzliche Grüße aus San Pepelone</p>\n    <p>Swetlana</p>\n\n    <hr>\n\n    <p>i. A. Swetlana Abraham</p>\n    <p>Assistenz Resortmanagement</p>\n    <p>Feriendorf & Surfschule Pepelow GmbH</p>\n    <p>Mobil: 0173 385 44 85</p>\n    <p>E-Mail: swetlana@san-pepelone.de</p>\n    <p>Homepage: <a href=\"http://www.san-pepelone.de\">www.san-pepelone.de</a></p>\n\n    <p>Gesetzliche Informationen:</p>\n    <p>Feriendorf und Surfschule Pepelow GmbH * Sandweg 1 * Sitz der Gesellschaft: 18233 Pepelow * Eingetragen beim Amtsgericht Rostock, HRB 8386</p>\n    <p>Geschäftsführer: Olaf Winkelmann</p>\n</body>\n</html>',0,3,'2024-02-17 22:48:25.711497','2024-02-17 22:48:25.711512',NULL,NULL,NULL,1,'',NULL,NULL,NULL),(66,'test@san-pepelone.de','carsten@navisense.de','','','Reiseinfos aus St. Pepelone','','<!DOCTYPE html>\n<html lang=\"de\">\n<head>\n    <meta charset=\"UTF-8\">\n    <meta name=\"viewport\" content=\"width=device-width, initial-scale=1.0\">\n    <title>Informationen zur bevorstehenden Reise</title>\n</head>\n<body>\n    <p>Hallo Manfred,</p>\n\n    <p>Bald ist es wieder so weit und bei Euch steigt vielleicht bereits das \"Reisefieber\".</p>\n\n    <p>Für deine Planung und Organisation erhältst Du im Anhang:</p>\n\n    <ol>\n        <li>Die Antworten auf die häufigsten Fragen von Lehrpersonen / Gruppenbetreuungspersonen.</li>\n        <li>Vorlage Teilnehmerliste (bitte vor der Reise per E-Mail zusenden), um den schnellen Ablauf vor Ort zu organisieren.</li>\n        <li>Die aktuellen Reiseinformationen für Lehrpersonen, Schüler:innen und Eltern.</li>\n        <li>Unsere Hausordnung, die von jedem(r) Schüler:in unterschrieben am Anreisetag mitgebracht werden muss.</li>\n        <li>Elternbrief und Teilnahmebedienung Kletterfelsen (falls ihr plant, diese Sportaktivität zu nutzen).</li>\n    </ol>\n\n    <p>Für unsere Planung bitte den nachfolgenden Link bis spätestens zum  anklicken und die entsprechenden Felder ausfüllen bzw. überprüfen:</p>\n\n    <b><a href=\"http://127.0.0.1:8000/update_record/ada3b4c5-e8ff-4406-b4c1-ae8f1a6c6bc8\">Link zur Rückmeldung</a><br>\n    Login: carsten@navisense.de<br>\n    Passwort: 20<br></b>\n\n    <p>(Falls der Link nicht anzuklicken geht, diesen kopieren und im Browser einfügen.)</p>\n\n    <p>Erst ca. 4 Tage vor Fahrtbeginn wird Christer die Belegung/Zimmerverteilung zumailen. Aus organisatorischen Gründen geht es nicht eher.</p>\n\n    <p>Bei weiteren Fragen stehe ich Dir gern zur Verfügung.</p>\n\n    <p>Herzliche Grüße aus San Pepelone</p>\n    <p>Swetlana</p>\n\n    <hr>\n\n    <p>i. A. Swetlana Abraham</p>\n    <p>Assistenz Resortmanagement</p>\n    <p>Feriendorf & Surfschule Pepelow GmbH</p>\n    <p>Mobil: 0173 385 44 85</p>\n    <p>E-Mail: swetlana@san-pepelone.de</p>\n    <p>Homepage: <a href=\"http://www.san-pepelone.de\">www.san-pepelone.de</a></p>\n\n    <p>Gesetzliche Informationen:</p>\n    <p>Feriendorf und Surfschule Pepelow GmbH * Sandweg 1 * Sitz der Gesellschaft: 18233 Pepelow * Eingetragen beim Amtsgericht Rostock, HRB 8386</p>\n    <p>Geschäftsführer: Olaf Winkelmann</p>\n</body>\n</html>',0,3,'2024-02-17 22:58:59.619679','2024-02-17 22:58:59.619709',NULL,NULL,NULL,1,'',NULL,NULL,NULL),(67,'test@san-pepelone.de','carsten@navisense.de','','','Reiseinfos aus St. Pepelone','','<!DOCTYPE html>\r\n<html lang=\"de\">\r\n<head>\r\n    <meta charset=\"UTF-8\">\r\n    <meta name=\"viewport\" content=\"width=device-width, initial-scale=1.0\">\r\n    <title>Informationen zur bevorstehenden Reise</title>\r\n</head>\r\n<body>\r\n    <p>Hallo Carsten,</p>\r\n\r\n    <p>Bald ist es wieder so weit und bei Euch steigt vielleicht bereits das \"Reisefieber\".</p>\r\n\r\n    <p>Für deine Planung und Organisation erhältst Du im Anhang:</p>\r\n\r\n    <ol>\r\n        <li>1.Die Antworten auf die häufigsten Fragen von Lehrpersonen / Gruppenbetreuungspersonen.</li>\r\n        <li>2.Vorlage Teilnehmerliste (bitte vor der Reise per E-Mail zusenden), um den schnellen Ablauf vor Ort zu organisieren.</li>\r\n        <li>3.Die aktuellen Reiseinformationen für Lehrpersonen, Schüler:innen und Eltern.</li>\r\n        <li>4.Unsere Hausordnung, die von jedem(r) Schüler:in unterschrieben am Anreisetag mitgebracht werden muss.</li>\r\n        <li>5.Elternbrief und Teilnahmebedienung Kletterfelsen (falls ihr plant, diese Sportaktivität zu nutzen).</li>\r\n        <li>6.Busauftrag</li> ggf.\r\n    </ol>\r\n\r\n    <p>Für unsere Planung bitte den nachfolgenden Link bis spätestens zum <strong></stong> anklicken und die entsprechenden Felder ausfüllen bzw. überprüfen:</p>\r\n\r\n    <b><a href=\"http://127.0.0.1:8000/update_record/300673e1-b662-46cd-ae9e-46b3311987b4\">Link zur Rückmeldung</a><br>\r\n    Login: carsten@navisense.de<br>\r\n    Passwort: 18<br></b>\r\n\r\n    <p>(Falls der Link nicht anzuklicken geht, diesen kopieren und im Browser einfügen.)</p>\r\n\r\n    <p>Erst ca. 4 Tage vor Fahrtbeginn wird Christer die Belegung/Zimmerverteilung zumailen. Aus organisatorischen Gründen geht es nicht eher.</p>\r\n\r\n    <p>Bei weiteren Fragen stehe ich Dir gern zur Verfügung.</p>\r\n\r\n    <p>Herzliche Grüße aus San Pepelone</p>\r\n    <p>Swetlana</p>\r\n\r\n    <hr>\r\n\r\n    <p>i. A. Swetlana Abraham</p>\r\n    <p>Assistenz Resortmanagement</p>\r\n    <p>Feriendorf & Surfschule Pepelow GmbH</p>\r\n    <p>Mobil: 0173 385 44 85</p>\r\n    <p>E-Mail: swetlana@san-pepelone.de</p>\r\n    <p>Homepage: <a href=\"http://www.san-pepelone.de\">www.san-pepelone.de</a></p>\r\n\r\n    <p>Gesetzliche Informationen:</p>\r\n    <p>Feriendorf und Surfschule Pepelow GmbH * Sandweg 1 * Sitz der Gesellschaft: 18233 Pepelow * Eingetragen beim Amtsgericht Rostock, HRB 8386</p>\r\n    <p>Geschäftsführer: Olaf Winkelmann</p>\r\n</body>\r\n</html>',0,3,'2024-02-18 17:25:28.328191','2024-02-18 17:25:28.328293',NULL,NULL,NULL,1,'',NULL,NULL,NULL),(68,'test@san-pepelone.de','carsten@navisense.de','','','Reiseinfos aus San Pepelone - Nicht-Uni','','<!DOCTYPE html>\r\n<html lang=\"de\">\r\n<head>\r\n    <meta charset=\"UTF-8\">\r\n    <meta name=\"viewport\" content=\"width=device-width, initial-scale=1.0\">\r\n    <title>Informationen zur bevorstehenden Reise</title>\r\n</head>\r\n<body>\r\n    <p>Hallo Carsten,</p>\r\n\r\n    <p>Bald ist es wieder so weit und bei Euch steigt vielleicht bereits das \"Reisefieber\".</p>\r\n\r\n    <p>Für deine Planung und Organisation erhältst Du im Anhang:</p>\r\n\r\n    <ol>\r\n        <li>1.Die Antworten auf die häufigsten Fragen von Lehrpersonen / Gruppenbetreuungspersonen.</li>\r\n        <li>2.Vorlage Teilnehmerliste (bitte vor der Reise per E-Mail zusenden), um den schnellen Ablauf vor Ort zu organisieren.</li>\r\n        <li>3.Die aktuellen Reiseinformationen für Lehrpersonen, Schüler:innen und Eltern.</li>\r\n        <li>4.Unsere Hausordnung, die von jedem(r) Schüler:in unterschrieben am Anreisetag mitgebracht werden muss.</li>\r\n        <li>5.Elternbrief und Teilnahmebedienung Kletterfelsen (falls ihr plant, diese Sportaktivität zu nutzen).</li>\r\n        <li>6.Busauftrag</li> ggf.\r\n    </ol>\r\n\r\n    <p>Für unsere Planung bitte den nachfolgenden Link bis spätestens zum <strong></stong> anklicken und die entsprechenden Felder ausfüllen bzw. überprüfen:</p>\r\n\r\n    <b><a href=\"http://127.0.0.1:8000/update_record/300673e1-b662-46cd-ae9e-46b3311987b4\">Link zur Rückmeldung</a><br>\r\n    Login: carsten@navisense.de<br>\r\n    Passwort: 18<br></b>\r\n\r\n    <p>(Falls der Link nicht anzuklicken geht, diesen kopieren und im Browser einfügen.)</p>\r\n\r\n    <p>Erst ca. 4 Tage vor Fahrtbeginn wird Christer die Belegung/Zimmerverteilung zumailen. Aus organisatorischen Gründen geht es nicht eher.</p>\r\n\r\n    <p>Bei weiteren Fragen stehe ich Dir gern zur Verfügung.</p>\r\n\r\n    <p>Herzliche Grüße aus San Pepelone</p>\r\n    <p>Swetlana</p>\r\n\r\n    <hr>\r\n\r\n    <p>i. A. Swetlana Abraham</p>\r\n    <p>Assistenz Resortmanagement</p>\r\n    <p>Feriendorf & Surfschule Pepelow GmbH</p>\r\n    <p>Mobil: 0173 385 44 85</p>\r\n    <p>E-Mail: swetlana@san-pepelone.de</p>\r\n    <p>Homepage: <a href=\"http://www.san-pepelone.de\">www.san-pepelone.de</a></p>\r\n\r\n    <p>Gesetzliche Informationen:</p>\r\n    <p>Feriendorf und Surfschule Pepelow GmbH * Sandweg 1 * Sitz der Gesellschaft: 18233 Pepelow * Eingetragen beim Amtsgericht Rostock, HRB 8386</p>\r\n    <p>Geschäftsführer: Olaf Winkelmann</p>\r\n</body>\r\n</html>',0,3,'2024-02-18 17:47:33.020893','2024-02-18 17:47:33.020914',NULL,NULL,NULL,1,'',NULL,NULL,NULL),(69,'test@san-pepelone.de','carsten@navisense.de','','','Reiseinfos aus San Pepelone - Nicht-Uni','','<!DOCTYPE html>\r\n<html lang=\"de\">\r\n<head>\r\n    <meta charset=\"UTF-8\">\r\n    <meta name=\"viewport\" content=\"width=device-width, initial-scale=1.0\">\r\n    <title>Informationen zur bevorstehenden Reise</title>\r\n</head>\r\n<body>\r\n    <p>Hallo Carsten,</p>\r\n\r\n    <p>Bald ist es wieder so weit und bei Euch steigt vielleicht bereits das \"Reisefieber\".</p>\r\n\r\n    <p>Für deine Planung und Organisation erhältst Du im Anhang:</p>\r\n\r\n    <ol>\r\n        <li>1.Die Antworten auf die häufigsten Fragen von Lehrpersonen / Gruppenbetreuungspersonen.</li>\r\n        <li>2.Vorlage Teilnehmerliste (bitte vor der Reise per E-Mail zusenden), um den schnellen Ablauf vor Ort zu organisieren.</li>\r\n        <li>3.Die aktuellen Reiseinformationen für Lehrpersonen, Schüler:innen und Eltern.</li>\r\n        <li>4.Unsere Hausordnung, die von jedem(r) Schüler:in unterschrieben am Anreisetag mitgebracht werden muss.</li>\r\n        <li>5.Elternbrief und Teilnahmebedienung Kletterfelsen (falls ihr plant, diese Sportaktivität zu nutzen).</li>\r\n        <li>6.Busauftrag</li> ggf.\r\n    </ol>\r\n\r\n    <p>Für unsere Planung bitte den nachfolgenden Link bis spätestens zum <strong></stong> anklicken und die entsprechenden Felder ausfüllen bzw. überprüfen:</p>\r\n\r\n    <b><a href=\"http://127.0.0.1:8000/update_record/300673e1-b662-46cd-ae9e-46b3311987b4\">Link zur Rückmeldung</a><br>\r\n    Login: carsten@navisense.de<br>\r\n    Passwort: 18<br></b>\r\n\r\n    <p>(Falls der Link nicht anzuklicken geht, diesen kopieren und im Browser einfügen.)</p>\r\n\r\n    <p>Erst ca. 4 Tage vor Fahrtbeginn wird Christer die Belegung/Zimmerverteilung zumailen. Aus organisatorischen Gründen geht es nicht eher.</p>\r\n\r\n    <p>Bei weiteren Fragen stehe ich Dir gern zur Verfügung.</p>\r\n\r\n    <p>Herzliche Grüße aus San Pepelone</p>\r\n    <p>Swetlana</p>\r\n\r\n    <hr>\r\n\r\n    <p>i. A. Swetlana Abraham</p>\r\n    <p>Assistenz Resortmanagement</p>\r\n    <p>Feriendorf & Surfschule Pepelow GmbH</p>\r\n    <p>Mobil: 0173 385 44 85</p>\r\n    <p>E-Mail: swetlana@san-pepelone.de</p>\r\n    <p>Homepage: <a href=\"http://www.san-pepelone.de\">www.san-pepelone.de</a></p>\r\n\r\n    <p>Gesetzliche Informationen:</p>\r\n    <p>Feriendorf und Surfschule Pepelow GmbH * Sandweg 1 * Sitz der Gesellschaft: 18233 Pepelow * Eingetragen beim Amtsgericht Rostock, HRB 8386</p>\r\n    <p>Geschäftsführer: Olaf Winkelmann</p>\r\n</body>\r\n</html>',0,3,'2024-02-18 17:48:56.559213','2024-02-18 17:48:56.559244',NULL,NULL,NULL,1,'',NULL,NULL,NULL),(70,'test@san-pepelone.de','carsten@navisense.de','','','Reiseinfos aus San Pepelone - Nicht-Uni','','<!DOCTYPE html>\r\n<html lang=\"de\">\r\n<head>\r\n    <meta charset=\"UTF-8\">\r\n    <meta name=\"viewport\" content=\"width=device-width, initial-scale=1.0\">\r\n    <title>Informationen zur bevorstehenden Reise</title>\r\n</head>\r\n<body>\r\n    <p>Hallo Carsten,</p>\r\n\r\n    <p>Bald ist es wieder so weit und bei Euch steigt vielleicht bereits das \"Reisefieber\".</p>\r\n\r\n    <p>Für deine Planung und Organisation erhältst Du im Anhang:</p>\r\n\r\n    <ol>\r\n        <li>1.Die Antworten auf die häufigsten Fragen von Lehrpersonen / Gruppenbetreuungspersonen.</li>\r\n        <li>2.Vorlage Teilnehmerliste (bitte vor der Reise per E-Mail zusenden), um den schnellen Ablauf vor Ort zu organisieren.</li>\r\n        <li>3.Die aktuellen Reiseinformationen für Lehrpersonen, Schüler:innen und Eltern.</li>\r\n        <li>4.Unsere Hausordnung, die von jedem(r) Schüler:in unterschrieben am Anreisetag mitgebracht werden muss.</li>\r\n        <li>5.Elternbrief und Teilnahmebedienung Kletterfelsen (falls ihr plant, diese Sportaktivität zu nutzen).</li>\r\n        <li>6.Busauftrag</li> ggf.\r\n    </ol>\r\n\r\n    <p>Für unsere Planung bitte den nachfolgenden Link bis spätestens zum <strong></stong> anklicken und die entsprechenden Felder ausfüllen bzw. überprüfen:</p>\r\n\r\n    <b><a href=\"http://127.0.0.1:8000/update_record/300673e1-b662-46cd-ae9e-46b3311987b4\">Link zur Rückmeldung</a><br>\r\n    Login: carsten@navisense.de<br>\r\n    Passwort: 18<br></b>\r\n\r\n    <p>(Falls der Link nicht anzuklicken geht, diesen kopieren und im Browser einfügen.)</p>\r\n\r\n    <p>Erst ca. 4 Tage vor Fahrtbeginn wird Christer die Belegung/Zimmerverteilung zumailen. Aus organisatorischen Gründen geht es nicht eher.</p>\r\n\r\n    <p>Bei weiteren Fragen stehe ich Dir gern zur Verfügung.</p>\r\n\r\n    <p>Herzliche Grüße aus San Pepelone</p>\r\n    <p>Swetlana</p>\r\n\r\n    <hr>\r\n\r\n    <p>i. A. Swetlana Abraham</p>\r\n    <p>Assistenz Resortmanagement</p>\r\n    <p>Feriendorf & Surfschule Pepelow GmbH</p>\r\n    <p>Mobil: 0173 385 44 85</p>\r\n    <p>E-Mail: swetlana@san-pepelone.de</p>\r\n    <p>Homepage: <a href=\"http://www.san-pepelone.de\">www.san-pepelone.de</a></p>\r\n\r\n    <p>Gesetzliche Informationen:</p>\r\n    <p>Feriendorf und Surfschule Pepelow GmbH * Sandweg 1 * Sitz der Gesellschaft: 18233 Pepelow * Eingetragen beim Amtsgericht Rostock, HRB 8386</p>\r\n    <p>Geschäftsführer: Olaf Winkelmann</p>\r\n</body>\r\n</html>',0,3,'2024-02-18 18:07:30.861003','2024-02-18 18:07:30.861025',NULL,NULL,NULL,1,'',NULL,NULL,NULL),(71,'test@san-pepelone.de','carsten@navisense.de','','','Reiseinfos aus San Pepelone - Nicht-Uni','','<!DOCTYPE html>\r\n<html lang=\"de\">\r\n<head>\r\n    <meta charset=\"UTF-8\">\r\n    <meta name=\"viewport\" content=\"width=device-width, initial-scale=1.0\">\r\n    <title>Informationen zur bevorstehenden Reise</title>\r\n</head>\r\n<body>\r\n    <p>Hallo Carsten,</p>\r\n\r\n    <p>Bald ist es wieder so weit und bei Euch steigt vielleicht bereits das \"Reisefieber\".</p>\r\n\r\n    <p>Für deine Planung und Organisation erhältst Du im Anhang:</p>\r\n\r\n    <ol>\r\n        <li>1.Die Antworten auf die häufigsten Fragen von Lehrpersonen / Gruppenbetreuungspersonen.</li>\r\n        <li>2.Vorlage Teilnehmerliste (bitte vor der Reise per E-Mail zusenden), um den schnellen Ablauf vor Ort zu organisieren.</li>\r\n        <li>3.Die aktuellen Reiseinformationen für Lehrpersonen, Schüler:innen und Eltern.</li>\r\n        <li>4.Unsere Hausordnung, die von jedem(r) Schüler:in unterschrieben am Anreisetag mitgebracht werden muss.</li>\r\n        <li>5.Elternbrief und Teilnahmebedienung Kletterfelsen (falls ihr plant, diese Sportaktivität zu nutzen).</li>\r\n        <li>6.Busauftrag</li> ggf.\r\n    </ol>\r\n\r\n    <p>Für unsere Planung bitte den nachfolgenden Link bis spätestens zum <strong></stong> anklicken und die entsprechenden Felder ausfüllen bzw. überprüfen:</p>\r\n\r\n    <b><a href=\"http://127.0.0.1:8000/update_record/300673e1-b662-46cd-ae9e-46b3311987b4\">Link zur Rückmeldung</a><br>\r\n    Login: carsten@navisense.de<br>\r\n    Passwort: 18<br></b>\r\n\r\n    <p>(Falls der Link nicht anzuklicken geht, diesen kopieren und im Browser einfügen.)</p>\r\n\r\n    <p>Erst ca. 4 Tage vor Fahrtbeginn wird Christer die Belegung/Zimmerverteilung zumailen. Aus organisatorischen Gründen geht es nicht eher.</p>\r\n\r\n    <p>Bei weiteren Fragen stehe ich Dir gern zur Verfügung.</p>\r\n\r\n    <p>Herzliche Grüße aus San Pepelone</p>\r\n    <p>Swetlana</p>\r\n\r\n    <hr>\r\n\r\n    <p>i. A. Swetlana Abraham</p>\r\n    <p>Assistenz Resortmanagement</p>\r\n    <p>Feriendorf & Surfschule Pepelow GmbH</p>\r\n    <p>Mobil: 0173 385 44 85</p>\r\n    <p>E-Mail: swetlana@san-pepelone.de</p>\r\n    <p>Homepage: <a href=\"http://www.san-pepelone.de\">www.san-pepelone.de</a></p>\r\n\r\n    <p>Gesetzliche Informationen:</p>\r\n    <p>Feriendorf und Surfschule Pepelow GmbH * Sandweg 1 * Sitz der Gesellschaft: 18233 Pepelow * Eingetragen beim Amtsgericht Rostock, HRB 8386</p>\r\n    <p>Geschäftsführer: Olaf Winkelmann</p>\r\n</body>\r\n</html>',0,3,'2024-02-18 18:08:43.801078','2024-02-18 18:08:43.801106',NULL,NULL,NULL,1,'',NULL,NULL,NULL),(72,'test@san-pepelone.de','carsten@navisense.de','','','Reiseinfos aus San Pepelone - Nicht-Uni','','<!DOCTYPE html>\r\n<html lang=\"de\">\r\n<head>\r\n    <meta charset=\"UTF-8\">\r\n    <meta name=\"viewport\" content=\"width=device-width, initial-scale=1.0\">\r\n    <title>Informationen zur bevorstehenden Reise</title>\r\n</head>\r\n<body>\r\n    <p>Hallo Carsten,</p>\r\n\r\n    <p>Bald ist es wieder so weit und bei Euch steigt vielleicht bereits das \"Reisefieber\".</p>\r\n\r\n    <p>Für deine Planung und Organisation erhältst Du im Anhang:</p>\r\n\r\n    <ol>\r\n        <li>1.Die Antworten auf die häufigsten Fragen von Lehrpersonen / Gruppenbetreuungspersonen.</li>\r\n        <li>2.Vorlage Teilnehmerliste (bitte vor der Reise per E-Mail zusenden), um den schnellen Ablauf vor Ort zu organisieren.</li>\r\n        <li>3.Die aktuellen Reiseinformationen für Lehrpersonen, Schüler:innen und Eltern.</li>\r\n        <li>4.Unsere Hausordnung, die von jedem(r) Schüler:in unterschrieben am Anreisetag mitgebracht werden muss.</li>\r\n        <li>5.Elternbrief und Teilnahmebedienung Kletterfelsen (falls ihr plant, diese Sportaktivität zu nutzen).</li>\r\n        <li>6.Busauftrag</li> ggf.\r\n    </ol>\r\n\r\n    <p>Für unsere Planung bitte den nachfolgenden Link bis spätestens zum <strong></stong> anklicken und die entsprechenden Felder ausfüllen bzw. überprüfen:</p>\r\n\r\n    <b><a href=\"http://127.0.0.1:8000/update_record/300673e1-b662-46cd-ae9e-46b3311987b4\">Link zur Rückmeldung</a><br>\r\n    Login: carsten@navisense.de<br>\r\n    Passwort: 18<br></b>\r\n\r\n    <p>(Falls der Link nicht anzuklicken geht, diesen kopieren und im Browser einfügen.)</p>\r\n\r\n    <p>Erst ca. 4 Tage vor Fahrtbeginn wird Christer die Belegung/Zimmerverteilung zumailen. Aus organisatorischen Gründen geht es nicht eher.</p>\r\n\r\n    <p>Bei weiteren Fragen stehe ich Dir gern zur Verfügung.</p>\r\n\r\n    <p>Herzliche Grüße aus San Pepelone</p>\r\n    <p>Swetlana</p>\r\n\r\n    <hr>\r\n\r\n    <p>i. A. Swetlana Abraham</p>\r\n    <p>Assistenz Resortmanagement</p>\r\n    <p>Feriendorf & Surfschule Pepelow GmbH</p>\r\n    <p>Mobil: 0173 385 44 85</p>\r\n    <p>E-Mail: swetlana@san-pepelone.de</p>\r\n    <p>Homepage: <a href=\"http://www.san-pepelone.de\">www.san-pepelone.de</a></p>\r\n\r\n    <p>Gesetzliche Informationen:</p>\r\n    <p>Feriendorf und Surfschule Pepelow GmbH * Sandweg 1 * Sitz der Gesellschaft: 18233 Pepelow * Eingetragen beim Amtsgericht Rostock, HRB 8386</p>\r\n    <p>Geschäftsführer: Olaf Winkelmann</p>\r\n</body>\r\n</html>',0,3,'2024-02-18 18:10:54.775778','2024-02-18 18:10:54.775796',NULL,NULL,NULL,1,'',NULL,NULL,NULL),(73,'test@san-pepelone.de','carsten@navisense.de','','','Reiseinfos aus San Pepelone - Nicht-Uni','','<!DOCTYPE html>\r\n<html lang=\"de\">\r\n<head>\r\n    <meta charset=\"UTF-8\">\r\n    <meta name=\"viewport\" content=\"width=device-width, initial-scale=1.0\">\r\n    <title>Informationen zur bevorstehenden Reise</title>\r\n</head>\r\n<body>\r\n    <p>Hallo Carsten,</p>\r\n\r\n    <p>Bald ist es wieder so weit und bei Euch steigt vielleicht bereits das \"Reisefieber\".</p>\r\n\r\n    <p>Für deine Planung und Organisation erhältst Du im Anhang:</p>\r\n\r\n    <ol>\r\n        <li>1.Die Antworten auf die häufigsten Fragen von Lehrpersonen / Gruppenbetreuungspersonen.</li>\r\n        <li>2.Vorlage Teilnehmerliste (bitte vor der Reise per E-Mail zusenden), um den schnellen Ablauf vor Ort zu organisieren.</li>\r\n        <li>3.Die aktuellen Reiseinformationen für Lehrpersonen, Schüler:innen und Eltern.</li>\r\n        <li>4.Unsere Hausordnung, die von jedem(r) Schüler:in unterschrieben am Anreisetag mitgebracht werden muss.</li>\r\n        <li>5.Elternbrief und Teilnahmebedienung Kletterfelsen (falls ihr plant, diese Sportaktivität zu nutzen).</li>\r\n        <li>6.Busauftrag</li> ggf.\r\n    </ol>\r\n\r\n    <p>Für unsere Planung bitte den nachfolgenden Link bis spätestens zum <strong></stong> anklicken und die entsprechenden Felder ausfüllen bzw. überprüfen:</p>\r\n\r\n    <b><a href=\"http://127.0.0.1:8000/update_record/300673e1-b662-46cd-ae9e-46b3311987b4\">Link zur Rückmeldung</a><br>\r\n    Login: carsten@navisense.de<br>\r\n    Passwort: 18<br></b>\r\n\r\n    <p>(Falls der Link nicht anzuklicken geht, diesen kopieren und im Browser einfügen.)</p>\r\n\r\n    <p>Erst ca. 4 Tage vor Fahrtbeginn wird Christer die Belegung/Zimmerverteilung zumailen. Aus organisatorischen Gründen geht es nicht eher.</p>\r\n\r\n    <p>Bei weiteren Fragen stehe ich Dir gern zur Verfügung.</p>\r\n\r\n    <p>Herzliche Grüße aus San Pepelone</p>\r\n    <p>Swetlana</p>\r\n\r\n    <hr>\r\n\r\n    <p>i. A. Swetlana Abraham</p>\r\n    <p>Assistenz Resortmanagement</p>\r\n    <p>Feriendorf & Surfschule Pepelow GmbH</p>\r\n    <p>Mobil: 0173 385 44 85</p>\r\n    <p>E-Mail: swetlana@san-pepelone.de</p>\r\n    <p>Homepage: <a href=\"http://www.san-pepelone.de\">www.san-pepelone.de</a></p>\r\n\r\n    <p>Gesetzliche Informationen:</p>\r\n    <p>Feriendorf und Surfschule Pepelow GmbH * Sandweg 1 * Sitz der Gesellschaft: 18233 Pepelow * Eingetragen beim Amtsgericht Rostock, HRB 8386</p>\r\n    <p>Geschäftsführer: Olaf Winkelmann</p>\r\n</body>\r\n</html>',0,3,'2024-02-18 18:11:50.046078','2024-02-18 18:11:50.046096',NULL,NULL,NULL,1,'',NULL,NULL,NULL),(74,'test@san-pepelone.de','carsten@navisense.de','','','Reiseinfos aus San Pepelone - Nicht-Uni','','<!DOCTYPE html>\r\n<html lang=\"de\">\r\n<head>\r\n    <meta charset=\"UTF-8\">\r\n    <meta name=\"viewport\" content=\"width=device-width, initial-scale=1.0\">\r\n    <title>Informationen zur bevorstehenden Reise</title>\r\n</head>\r\n<body>\r\n    <p>Hallo Carsten,</p>\r\n\r\n    <p>Bald ist es wieder so weit und bei Euch steigt vielleicht bereits das \"Reisefieber\".</p>\r\n\r\n    <p>Für deine Planung und Organisation erhältst Du im Anhang:</p>\r\n\r\n    <ol>\r\n        <li>1.Die Antworten auf die häufigsten Fragen von Lehrpersonen / Gruppenbetreuungspersonen.</li>\r\n        <li>2.Vorlage Teilnehmerliste (bitte vor der Reise per E-Mail zusenden), um den schnellen Ablauf vor Ort zu organisieren.</li>\r\n        <li>3.Die aktuellen Reiseinformationen für Lehrpersonen, Schüler:innen und Eltern.</li>\r\n        <li>4.Unsere Hausordnung, die von jedem(r) Schüler:in unterschrieben am Anreisetag mitgebracht werden muss.</li>\r\n        <li>5.Elternbrief und Teilnahmebedienung Kletterfelsen (falls ihr plant, diese Sportaktivität zu nutzen).</li>\r\n        <li>6.Busauftrag</li> ggf.\r\n    </ol>\r\n\r\n    <p>Für unsere Planung bitte den nachfolgenden Link bis spätestens zum <strong></stong> anklicken und die entsprechenden Felder ausfüllen bzw. überprüfen:</p>\r\n\r\n    <b><a href=\"http://127.0.0.1:8000/update_record/300673e1-b662-46cd-ae9e-46b3311987b4\">Link zur Rückmeldung</a><br>\r\n    Login: carsten@navisense.de<br>\r\n    Passwort: 18<br></b>\r\n\r\n    <p>(Falls der Link nicht anzuklicken geht, diesen kopieren und im Browser einfügen.)</p>\r\n\r\n    <p>Erst ca. 4 Tage vor Fahrtbeginn wird Christer die Belegung/Zimmerverteilung zumailen. Aus organisatorischen Gründen geht es nicht eher.</p>\r\n\r\n    <p>Bei weiteren Fragen stehe ich Dir gern zur Verfügung.</p>\r\n\r\n    <p>Herzliche Grüße aus San Pepelone</p>\r\n    <p>Swetlana</p>\r\n\r\n    <hr>\r\n\r\n    <p>i. A. Swetlana Abraham</p>\r\n    <p>Assistenz Resortmanagement</p>\r\n    <p>Feriendorf & Surfschule Pepelow GmbH</p>\r\n    <p>Mobil: 0173 385 44 85</p>\r\n    <p>E-Mail: swetlana@san-pepelone.de</p>\r\n    <p>Homepage: <a href=\"http://www.san-pepelone.de\">www.san-pepelone.de</a></p>\r\n\r\n    <p>Gesetzliche Informationen:</p>\r\n    <p>Feriendorf und Surfschule Pepelow GmbH * Sandweg 1 * Sitz der Gesellschaft: 18233 Pepelow * Eingetragen beim Amtsgericht Rostock, HRB 8386</p>\r\n    <p>Geschäftsführer: Olaf Winkelmann</p>\r\n</body>\r\n</html>',0,3,'2024-02-18 18:12:17.639726','2024-02-18 18:12:17.639744',NULL,NULL,NULL,1,'',NULL,NULL,NULL),(75,'test@san-pepelone.de','carsten@navisense.de','','','Reiseinfos aus San Pepelone - Nicht-Uni','','<!DOCTYPE html>\r\n<html lang=\"de\">\r\n<head>\r\n    <meta charset=\"UTF-8\">\r\n    <meta name=\"viewport\" content=\"width=device-width, initial-scale=1.0\">\r\n    <title>Informationen zur bevorstehenden Reise</title>\r\n</head>\r\n<body>\r\n    <p>Hallo Manfred,</p>\r\n\r\n    <p>Bald ist es wieder so weit und bei Euch steigt vielleicht bereits das \"Reisefieber\".</p>\r\n\r\n    <p>Für deine Planung und Organisation erhältst Du im Anhang:</p>\r\n\r\n    <ol>\r\n        <li>1.Die Antworten auf die häufigsten Fragen von Lehrpersonen / Gruppenbetreuungspersonen.</li>\r\n        <li>2.Vorlage Teilnehmerliste (bitte vor der Reise per E-Mail zusenden), um den schnellen Ablauf vor Ort zu organisieren.</li>\r\n        <li>3.Die aktuellen Reiseinformationen für Lehrpersonen, Schüler:innen und Eltern.</li>\r\n        <li>4.Unsere Hausordnung, die von jedem(r) Schüler:in unterschrieben am Anreisetag mitgebracht werden muss.</li>\r\n        <li>5.Elternbrief und Teilnahmebedienung Kletterfelsen (falls ihr plant, diese Sportaktivität zu nutzen).</li>\r\n        <li>6.Busauftrag</li> ggf.\r\n    </ol>\r\n\r\n    <p>Für unsere Planung bitte den nachfolgenden Link bis spätestens zum <strong></stong> anklicken und die entsprechenden Felder ausfüllen bzw. überprüfen:</p>\r\n\r\n    <b><a href=\"http://127.0.0.1:8000/update_record/ada3b4c5-e8ff-4406-b4c1-ae8f1a6c6bc8\">Link zur Rückmeldung</a><br>\r\n    Login: carsten@navisense.de<br>\r\n    Passwort: 20<br></b>\r\n\r\n    <p>(Falls der Link nicht anzuklicken geht, diesen kopieren und im Browser einfügen.)</p>\r\n\r\n    <p>Erst ca. 4 Tage vor Fahrtbeginn wird Christer die Belegung/Zimmerverteilung zumailen. Aus organisatorischen Gründen geht es nicht eher.</p>\r\n\r\n    <p>Bei weiteren Fragen stehe ich Dir gern zur Verfügung.</p>\r\n\r\n    <p>Herzliche Grüße aus San Pepelone</p>\r\n    <p>Swetlana</p>\r\n\r\n    <hr>\r\n\r\n    <p>i. A. Swetlana Abraham</p>\r\n    <p>Assistenz Resortmanagement</p>\r\n    <p>Feriendorf & Surfschule Pepelow GmbH</p>\r\n    <p>Mobil: 0173 385 44 85</p>\r\n    <p>E-Mail: swetlana@san-pepelone.de</p>\r\n    <p>Homepage: <a href=\"http://www.san-pepelone.de\">www.san-pepelone.de</a></p>\r\n\r\n    <p>Gesetzliche Informationen:</p>\r\n    <p>Feriendorf und Surfschule Pepelow GmbH * Sandweg 1 * Sitz der Gesellschaft: 18233 Pepelow * Eingetragen beim Amtsgericht Rostock, HRB 8386</p>\r\n    <p>Geschäftsführer: Olaf Winkelmann</p>\r\n</body>\r\n</html>',0,3,'2024-02-18 18:16:17.501464','2024-02-18 18:16:17.501484',NULL,NULL,NULL,1,'',NULL,NULL,NULL),(76,'test@san-pepelone.de','carsten@navisense.de','','','Reiseinfos aus San Pepelone - Nicht-Uni','','<!DOCTYPE html>\r\n<html lang=\"de\">\r\n<head>\r\n    <meta charset=\"UTF-8\">\r\n    <meta name=\"viewport\" content=\"width=device-width, initial-scale=1.0\">\r\n    <title>Informationen zur bevorstehenden Reise</title>\r\n</head>\r\n<body>\r\n    <p>Hallo Manfred,</p>\r\n\r\n    <p>Bald ist es wieder so weit und bei Euch steigt vielleicht bereits das \"Reisefieber\".</p>\r\n\r\n    <p>Für deine Planung und Organisation erhältst Du im Anhang:</p>\r\n\r\n    <ol>\r\n        <li>1.Die Antworten auf die häufigsten Fragen von Lehrpersonen / Gruppenbetreuungspersonen.</li>\r\n        <li>2.Vorlage Teilnehmerliste (bitte vor der Reise per E-Mail zusenden), um den schnellen Ablauf vor Ort zu organisieren.</li>\r\n        <li>3.Die aktuellen Reiseinformationen für Lehrpersonen, Schüler:innen und Eltern.</li>\r\n        <li>4.Unsere Hausordnung, die von jedem(r) Schüler:in unterschrieben am Anreisetag mitgebracht werden muss.</li>\r\n        <li>5.Elternbrief und Teilnahmebedienung Kletterfelsen (falls ihr plant, diese Sportaktivität zu nutzen).</li>\r\n        <li>6. Busauftrag</li> ggf.\r\n    </ol>\r\n\r\n    <p>Für unsere Planung bitte den nachfolgenden Link bis spätestens zum <strong></stong> anklicken und die entsprechenden Felder ausfüllen bzw. überprüfen:</p>\r\n\r\n    <b><a href=\"http://127.0.0.1:8000/update_record/ada3b4c5-e8ff-4406-b4c1-ae8f1a6c6bc8\">Link zur Rückmeldung</a><br>\r\n    Login: carsten@navisense.de<br>\r\n    Passwort: 20<br></b>\r\n\r\n    <p>(Falls der Link nicht anzuklicken geht, diesen kopieren und im Browser einfügen.)</p>\r\n\r\n    <p>Erst ca. 4 Tage vor Fahrtbeginn wird Christer die Belegung/Zimmerverteilung zumailen. Aus organisatorischen Gründen geht es nicht eher.</p>\r\n\r\n    <p>Bei weiteren Fragen stehe ich Dir gern zur Verfügung.</p>\r\n\r\n    <p>Herzliche Grüße aus San Pepelone</p>\r\n    <p>Swetlana</p>\r\n\r\n    <hr>\r\n\r\n    <p>i. A. Swetlana Abraham</p>\r\n    <p>Assistenz Resortmanagement</p>\r\n    <p>Feriendorf & Surfschule Pepelow GmbH</p>\r\n    <p>Mobil: 0173 385 44 85</p>\r\n    <p>E-Mail: swetlana@san-pepelone.de</p>\r\n    <p>Homepage: <a href=\"http://www.san-pepelone.de\">www.san-pepelone.de</a></p>\r\n\r\n    <p>Gesetzliche Informationen:</p>\r\n    <p>Feriendorf und Surfschule Pepelow GmbH * Sandweg 1 * Sitz der Gesellschaft: 18233 Pepelow * Eingetragen beim Amtsgericht Rostock, HRB 8386</p>\r\n    <p>Geschäftsführer: Olaf Winkelmann</p>\r\n</body>\r\n</html>',0,3,'2024-02-18 18:21:14.466191','2024-02-18 18:21:14.466214',NULL,NULL,NULL,1,'',NULL,NULL,NULL),(77,'test@san-pepelone.de','carsten@navisense.de','','','Reiseinfos aus San Pepelone - Nicht-Uni','','<!DOCTYPE html>\r\n<html lang=\"de\">\r\n<head>\r\n    <meta charset=\"UTF-8\">\r\n    <meta name=\"viewport\" content=\"width=device-width, initial-scale=1.0\">\r\n    <title>Informationen zur bevorstehenden Reise</title>\r\n</head>\r\n<body>\r\n    <p>Hallo Manfred,</p>\r\n\r\n    <p>Bald ist es wieder so weit und bei Euch steigt vielleicht bereits das \"Reisefieber\".</p>\r\n\r\n    <p>Für deine Planung und Organisation erhältst Du im Anhang:</p>\r\n\r\n    <ol>\r\n        <li>Die Antworten auf die häufigsten Fragen von Lehrpersonen / Gruppenbetreuungspersonen.</li>\r\n        <li>Vorlage Teilnehmerliste (bitte vor der Reise per E-Mail zusenden), um den schnellen Ablauf vor Ort zu organisieren.</li>\r\n        <li>Die aktuellen Reiseinformationen für Lehrpersonen, Schüler:innen und Eltern.</li>\r\n        <li>Unsere Hausordnung, die von jedem(r) Schüler:in unterschrieben am Anreisetag mitgebracht werden muss.</li>\r\n        <li>Elternbrief und Teilnahmebedienung Kletterfelsen (falls ihr plant, diese Sportaktivität zu nutzen).</li>\r\n        <li> Busauftrag</li>\r\n    </ol>\r\n\r\n    <p>Für unsere Planung bitte den nachfolgenden Link bis spätestens zum <strong></stong> anklicken und die entsprechenden Felder ausfüllen bzw. überprüfen:</p>\r\n\r\n    <b><a href=\"http://127.0.0.1:8000/update_record/ada3b4c5-e8ff-4406-b4c1-ae8f1a6c6bc8\">Link zur Rückmeldung</a><br>\r\n    Login: carsten@navisense.de<br>\r\n    Passwort: 20<br></b>\r\n\r\n    <p>(Falls der Link nicht anzuklicken geht, diesen kopieren und im Browser einfügen.)</p>\r\n\r\n    <p>Erst ca. 4 Tage vor Fahrtbeginn wird Christer die Belegung/Zimmerverteilung zumailen. Aus organisatorischen Gründen geht es nicht eher.</p>\r\n\r\n    <p>Bei weiteren Fragen stehe ich Dir gern zur Verfügung.</p>\r\n\r\n    <p>Herzliche Grüße aus San Pepelone</p>\r\n    <p>Swetlana</p>\r\n\r\n    <hr>\r\n\r\n    <p>i. A. Swetlana Abraham</p>\r\n    <p>Assistenz Resortmanagement</p>\r\n    <p>Feriendorf & Surfschule Pepelow GmbH</p>\r\n    <p>Mobil: 0173 385 44 85</p>\r\n    <p>E-Mail: swetlana@san-pepelone.de</p>\r\n    <p>Homepage: <a href=\"http://www.san-pepelone.de\">www.san-pepelone.de</a></p>\r\n\r\n    <p>Gesetzliche Informationen:</p>\r\n    <p>Feriendorf und Surfschule Pepelow GmbH * Sandweg 1 * Sitz der Gesellschaft: 18233 Pepelow * Eingetragen beim Amtsgericht Rostock, HRB 8386</p>\r\n    <p>Geschäftsführer: Olaf Winkelmann</p>\r\n</body>\r\n</html>',0,3,'2024-02-18 18:22:41.404374','2024-02-18 18:22:41.404388',NULL,NULL,NULL,1,'',NULL,NULL,NULL),(78,'test@san-pepelone.de','carsten@navisense.de','','','Reiseinfos aus San Pepelone - Nicht-Uni','','<!DOCTYPE html>\r\n<html lang=\"de\">\r\n<head>\r\n    <meta charset=\"UTF-8\">\r\n    <meta name=\"viewport\" content=\"width=device-width, initial-scale=1.0\">\r\n    <title>Informationen zur bevorstehenden Reise</title>\r\n</head>\r\n<body>\r\n    <p>Hallo Manfred,</p>\r\n\r\n    <p>Bald ist es wieder so weit und bei Euch steigt vielleicht bereits das \"Reisefieber\".</p>\r\n\r\n    <p>Für deine Planung und Organisation erhältst Du im Anhang:</p>\r\n\r\n    <ol>\r\n        <li>Die Antworten auf die häufigsten Fragen von Lehrpersonen / Gruppenbetreuungspersonen.</li>\r\n        <li>Vorlage Teilnehmerliste (bitte vor der Reise per E-Mail zusenden), um den schnellen Ablauf vor Ort zu organisieren.</li>\r\n        <li>Die aktuellen Reiseinformationen für Lehrpersonen, Schüler:innen und Eltern.</li>\r\n        <li>Unsere Hausordnung, die von jedem(r) Schüler:in unterschrieben am Anreisetag mitgebracht werden muss.</li>\r\n        <li>Elternbrief und Teilnahmebedienung Kletterfelsen (falls ihr plant, diese Sportaktivität zu nutzen).</li>\r\n        <li> Busauftrag</li>\r\n    </ol>\r\n\r\n    <p>Für unsere Planung bitte den nachfolgenden Link bis spätestens zum <strong>24. Februar 2024</stong> anklicken und die entsprechenden Felder ausfüllen bzw. überprüfen:</p>\r\n\r\n    <b><a href=\"http://127.0.0.1:8000/update_record/ada3b4c5-e8ff-4406-b4c1-ae8f1a6c6bc8\">Link zur Rückmeldung</a><br>\r\n    Login: carsten@navisense.de<br>\r\n    Passwort: 20<br></b>\r\n\r\n    <p>(Falls der Link nicht anzuklicken geht, diesen kopieren und im Browser einfügen.)</p>\r\n\r\n    <p>Erst ca. 4 Tage vor Fahrtbeginn wird Christer die Belegung/Zimmerverteilung zumailen. Aus organisatorischen Gründen geht es nicht eher.</p>\r\n\r\n    <p>Bei weiteren Fragen stehe ich Dir gern zur Verfügung.</p>\r\n\r\n    <p>Herzliche Grüße aus San Pepelone</p>\r\n    <p>Swetlana</p>\r\n\r\n    <hr>\r\n\r\n    <p>i. A. Swetlana Abraham</p>\r\n    <p>Assistenz Resortmanagement</p>\r\n    <p>Feriendorf & Surfschule Pepelow GmbH</p>\r\n    <p>Mobil: 0173 385 44 85</p>\r\n    <p>E-Mail: swetlana@san-pepelone.de</p>\r\n    <p>Homepage: <a href=\"http://www.san-pepelone.de\">www.san-pepelone.de</a></p>\r\n\r\n    <p>Gesetzliche Informationen:</p>\r\n    <p>Feriendorf und Surfschule Pepelow GmbH * Sandweg 1 * Sitz der Gesellschaft: 18233 Pepelow * Eingetragen beim Amtsgericht Rostock, HRB 8386</p>\r\n    <p>Geschäftsführer: Olaf Winkelmann</p>\r\n</body>\r\n</html>',0,3,'2024-02-18 18:26:02.315069','2024-02-18 18:26:02.315110',NULL,NULL,NULL,1,'',NULL,NULL,NULL),(79,'test@san-pepelone.de','john@marine.media','','','Reiseinfos aus San Pepelone - Nicht-Uni','','<!DOCTYPE html>\r\n<html lang=\"de\">\r\n<head>\r\n    <meta charset=\"UTF-8\">\r\n    <meta name=\"viewport\" content=\"width=device-width, initial-scale=1.0\">\r\n    <title>Informationen zur bevorstehenden Reise</title>\r\n</head>\r\n<body>\r\n    <p>Hallo Anne,</p>\r\n\r\n    <p>Bald ist es wieder so weit und bei Euch steigt vielleicht bereits das \"Reisefieber\".</p>\r\n\r\n    <p>Für deine Planung und Organisation erhältst Du im Anhang:</p>\r\n\r\n    <ol>\r\n        <li>Die Antworten auf die häufigsten Fragen von Lehrpersonen / Gruppenbetreuungspersonen.</li>\r\n        <li>Vorlage Teilnehmerliste (bitte <span style=\"text-decoration: underline;\">vor</span> der Reise per E-Mail zusenden), um den schnellen Ablauf vor Ort zu organisieren.</li>\r\n        <li>Die aktuellen Reiseinformationen für Lehrpersonen, Schüler:innen und Eltern.</li>\r\n        <li>Unsere Hausordnung, die von jedem(r) Schüler:in unterschrieben am Anreisetag mitgebracht werden muss.</li>\r\n        <li>Elternbrief und Teilnahmebedingung Kletterfelsen (falls ihr plant, diese Sportaktivität zu nutzen).</li>\r\n        <li> Busauftrag</li>\r\n    </ol>\r\n\r\n    <p>Für <span style=\"color: #993300;\">unsere Planung</span> bitte den nachfolgenden Link bis spätestens zum <span style=\"color: #993300;\"><strong>10. März 2024</strong></span>anklicken und die entsprechenden Felder ausfüllen bzw. überprüfen:</p>\r\n\r\n    <b><a href=\"http://127.0.0.1:8000/update_record/e7a29f59-6ab3-454d-a019-efcd1725a5d6\">Link zur Rückmeldung</a><br>\r\n    Login: john@marine.media<br>\r\n    Passwort: 19<br></b>\r\n\r\n    <p>(Falls der Link nicht anzuklicken geht, diesen kopieren und im Browser einfügen.)</p>\r\n\r\n    <p>Erst ca. <span style=\"color: #993300;\">4 Tage vor Fahrtbeginn </span>wird Christer die Belegung/Zimmerverteilung zumailen. Aus organisatorischen Gründen geht es nicht eher.</p>\r\n\r\n    <p>Bei weiteren Fragen stehe ich Dir gern zur Verfügung.</p>\r\n\r\n    <p>Herzliche Grüße aus San Pepelone</p>\r\n    <p>Swetlana</p>\r\n\r\n    <hr>\r\n\r\n    <p>i. A. Swetlana Abraham</p>\r\n    <p>Assistenz Resortmanagement</p>\r\n    <p>Feriendorf & Surfschule Pepelow GmbH</p>\r\n    <p>Mobil: 0173 385 44 85</p>\r\n    <p>E-Mail: swetlana@san-pepelone.de</p>\r\n    <p>Homepage: <a href=\"http://www.san-pepelone.de\">www.san-pepelone.de</a></p>\r\n\r\n    <p>Gesetzliche Informationen:</p>\r\n    <p>Feriendorf und Surfschule Pepelow GmbH * Sandweg 1 * Sitz der Gesellschaft: 18233 Pepelow * Eingetragen beim Amtsgericht Rostock, HRB 8386</p>\r\n    <p>Geschäftsführer: Olaf Winkelmann</p>\r\n</body>\r\n</html>',0,3,'2024-02-18 19:34:13.745548','2024-02-18 19:34:13.745571',NULL,NULL,NULL,1,'',NULL,NULL,NULL),(80,'test@san-pepelone.de','john@marine.media','','','Reiseinfos aus San Pepelone - Nicht-Uni','','<!DOCTYPE html>\r\n<html lang=\"de\">\r\n<head>\r\n    <meta charset=\"UTF-8\">\r\n    <meta name=\"viewport\" content=\"width=device-width, initial-scale=1.0\">\r\n    <title>Informationen zur bevorstehenden Reise</title>\r\n</head>\r\n<body>\r\n    <p>Hallo Anne,</p>\r\n\r\n    <p>Bald ist es wieder so weit und bei Euch steigt vielleicht bereits das \"Reisefieber\".</p>\r\n\r\n    <p>Für deine Planung und Organisation erhältst Du im Anhang:</p>\r\n\r\n    <ol>\r\n        <li>Die Antworten auf die häufigsten Fragen von Lehrpersonen / Gruppenbetreuungspersonen.</li>\r\n        <li>Vorlage Teilnehmerliste (bitte <span style=\"text-decoration: underline;\">vor</span> der Reise per E-Mail zusenden), um den schnellen Ablauf vor Ort zu organisieren.</li>\r\n        <li>Die aktuellen Reiseinformationen für Lehrpersonen, Schüler:innen und Eltern.</li>\r\n        <li>Unsere Hausordnung, die von jedem(r) Schüler:in unterschrieben am Anreisetag mitgebracht werden muss.</li>\r\n        <li>Elternbrief und Teilnahmebedingung Kletterfelsen (falls ihr plant, diese Sportaktivität zu nutzen).</li>\r\n        <li> Busauftrag</li>\r\n    </ol>\r\n\r\n    <p>Für <strong><span style=\"color: #993300;\">unsere Planung</span></strong> bitte den nachfolgenden Link bis spätestens zum <span style=\"color: #993300;\"><strong>10. März 2024</strong></span> anklicken und die entsprechenden Felder ausfüllen bzw. überprüfen:</p>\r\n\r\n    <b><a href=\"http://127.0.0.1:8000/update_record/e7a29f59-6ab3-454d-a019-efcd1725a5d6\">Link zur Rückmeldung</a><br>\r\n    Login: john@marine.media<br>\r\n    Passwort: 19<br></b>\r\n\r\n    <p>(Falls der Link nicht anzuklicken geht, diesen kopieren und im Browser einfügen.)</p>\r\n\r\n    <p>Erst ca. <span style=\"color: #993300;\">4 Tage vor Fahrtbeginn </span>wird Christer die Belegung/Zimmerverteilung zumailen. Aus organisatorischen Gründen geht es nicht eher.</p>\r\n\r\n    <p>Bei weiteren Fragen stehe ich Dir gern zur Verfügung.</p>\r\n\r\n    <p>Herzliche Grüße aus San Pepelone</p>\r\n    <p>Swetlana</p>\r\n\r\n    <hr>\r\n\r\n    <p>i. A. Swetlana Abraham</p>\r\n    <p>Assistenz Resortmanagement</p>\r\n    <p>Feriendorf & Surfschule Pepelow GmbH</p>\r\n    <p>Mobil: 0173 385 44 85</p>\r\n    <p>E-Mail: swetlana@san-pepelone.de</p>\r\n    <p>Homepage: <a href=\"http://www.san-pepelone.de\">www.san-pepelone.de</a></p>\r\n\r\n    <p>Gesetzliche Informationen:</p>\r\n    <p>Feriendorf und Surfschule Pepelow GmbH * Sandweg 1 * Sitz der Gesellschaft: 18233 Pepelow * Eingetragen beim Amtsgericht Rostock, HRB 8386</p>\r\n    <p>Geschäftsführer: Olaf Winkelmann</p>\r\n</body>\r\n</html>',0,3,'2024-02-18 19:39:24.534798','2024-02-18 19:39:24.534822',NULL,NULL,NULL,1,'',NULL,NULL,NULL),(81,'test@san-pepelone.de','john@marine.media','','','Reiseinfos aus San Pepelone - Nicht-Uni','','<!DOCTYPE html>\r\n<html lang=\"de\">\r\n<head>\r\n    <meta charset=\"UTF-8\">\r\n    <meta name=\"viewport\" content=\"width=device-width, initial-scale=1.0\">\r\n    <title>Informationen zur bevorstehenden Reise</title>\r\n</head>\r\n<body>\r\n    <p>Hallo Anne,</p>\r\n\r\n    <p>Bald ist es wieder so weit und bei Euch steigt vielleicht bereits das \"Reisefieber\".</p>\r\n\r\n    <p>Für deine Planung und Organisation erhältst Du im Anhang:</p>\r\n\r\n    <ol>\r\n        <li>Die Antworten auf die häufigsten Fragen von Lehrpersonen / Gruppenbetreuungspersonen.</li>\r\n        <li>Vorlage Teilnehmerliste (bitte <span style=\"text-decoration: underline;\">vor</span> der Reise per E-Mail zusenden), um den schnellen Ablauf vor Ort zu organisieren.</li>\r\n        <li>Die aktuellen Reiseinformationen für Lehrpersonen, Schüler:innen und Eltern.</li>\r\n        <li>Unsere Hausordnung, die von jedem(r) Schüler:in unterschrieben am Anreisetag mitgebracht werden muss.</li>\r\n        <li>Elternbrief und Teilnahmebedingung Kletterfelsen (falls ihr plant, diese Sportaktivität zu nutzen).</li>\r\n        <li> Busauftrag</li>\r\n    </ol>\r\n\r\n    <p>Für <strong><span style=\"color: #993300;\">unsere Planung</span></strong> bitte den nachfolgenden Link bis spätestens zum <span style=\"color: #993300;\"><strong>10. März 2024</strong></span> anklicken und die entsprechenden Felder ausfüllen bzw. überprüfen:</p>\r\n\r\n    <b><a href=\"http://127.0.0.1:8000/update_record/e7a29f59-6ab3-454d-a019-efcd1725a5d6\">Link zur Rückmeldung</a><br>\r\n    Login: john@marine.media<br>\r\n    Passwort: 19<br></b>\r\n\r\n    <p>(Falls der Link nicht anzuklicken geht, diesen kopieren und im Browser einfügen.)</p>\r\n\r\n    <p>Erst ca. <span style=\"color: #993300;\">4 Tage vor Fahrtbeginn </span>wird Christer die Belegung/Zimmerverteilung zumailen. Aus organisatorischen Gründen geht es nicht eher.</p>\r\n\r\n    <p>Bei weiteren Fragen stehe ich Dir gern zur Verfügung.</p>\r\n\r\n    <p>Herzliche Grüße aus San Pepelone</p>\r\n    <p>Swetlana</p>\r\n\r\n    <hr>\r\n\r\n    <p>i. A. Swetlana Abraham</p>\r\n    <p>Assistenz Resortmanagement</p>\r\n    <p>Feriendorf & Surfschule Pepelow GmbH</p>\r\n    <p>Mobil: 0173 385 44 85</p>\r\n    <p>E-Mail: swetlana@san-pepelone.de</p>\r\n    <p>Homepage: <a href=\"http://www.san-pepelone.de\">www.san-pepelone.de</a></p>\r\n\r\n    <p>Gesetzliche Informationen:</p>\r\n    <p>Feriendorf und Surfschule Pepelow GmbH * Sandweg 1 * Sitz der Gesellschaft: 18233 Pepelow * Eingetragen beim Amtsgericht Rostock, HRB 8386</p>\r\n    <p>Geschäftsführer: Olaf Winkelmann</p>\r\n</body>\r\n</html>',0,3,'2024-02-18 19:40:32.125296','2024-02-18 19:40:32.125319',NULL,NULL,NULL,1,'',NULL,NULL,NULL),(82,'test@san-pepelone.de','john@marine.media','','','Reiseinfos aus San Pepelone - Nicht-Uni','','<!DOCTYPE html>\r\n<html lang=\"de\">\r\n<head>\r\n    <meta charset=\"UTF-8\">\r\n    <meta name=\"viewport\" content=\"width=device-width, initial-scale=1.0\">\r\n    <title>Informationen zur bevorstehenden Reise</title>\r\n</head>\r\n<body>\r\n    <p>Hallo Anne,</p>\r\n\r\n    <p>Bald ist es wieder so weit und bei Euch steigt vielleicht bereits das \"Reisefieber\".</p>\r\n\r\n    <p>Für deine Planung und Organisation erhältst Du im Anhang:</p>\r\n\r\n    <ol>\r\n        <li>Die Antworten auf die häufigsten Fragen von Lehrpersonen / Gruppenbetreuungspersonen.</li>\r\n        <li>Vorlage Teilnehmerliste (bitte <span style=\"text-decoration: underline;\">vor</span> der Reise per E-Mail zusenden), um den schnellen Ablauf vor Ort zu organisieren.</li>\r\n        <li>Die aktuellen Reiseinformationen für Lehrpersonen, Schüler:innen und Eltern.</li>\r\n        <li>Unsere Hausordnung, die von jedem(r) Schüler:in unterschrieben am Anreisetag mitgebracht werden muss.</li>\r\n        <li>Elternbrief und Teilnahmebedingung Kletterfelsen (falls ihr plant, diese Sportaktivität zu nutzen).</li>\r\n        <li> Busauftrag</li>\r\n    </ol>\r\n\r\n    <p>Für <strong><span style=\"color: #993300;\">unsere Planung</span></strong> bitte den nachfolgenden Link bis spätestens zum <span style=\"color: #993300;\"><strong>10. März 2024</strong></span> anklicken und die entsprechenden Felder ausfüllen bzw. überprüfen:</p>\r\n\r\n    <b><a href=\"http://127.0.0.1:8000/update_record/e7a29f59-6ab3-454d-a019-efcd1725a5d6\">Link zur Rückmeldung</a><br>\r\n    Login: john@marine.media<br>\r\n    Passwort: 19<br></b>\r\n\r\n    <p>(Falls der Link nicht anzuklicken geht, diesen kopieren und im Browser einfügen.)</p>\r\n\r\n    <p>Erst ca. <span style=\"color: #993300;\">4 Tage vor Fahrtbeginn </span>wird Christer die Belegung/Zimmerverteilung zumailen. Aus organisatorischen Gründen geht es nicht eher.</p>\r\n\r\n    <p>Bei weiteren Fragen stehe ich Dir gern zur Verfügung.</p>\r\n\r\n    <p>Herzliche Grüße aus San Pepelone</p>\r\n    <p>Swetlana</p>\r\n\r\n    <hr>\r\n\r\n    <p>i. A. Swetlana Abraham</p>\r\n    <p>Assistenz Resortmanagement</p>\r\n    <p>Feriendorf & Surfschule Pepelow GmbH</p>\r\n    <p>Mobil: 0173 385 44 85</p>\r\n    <p>E-Mail: swetlana@san-pepelone.de</p>\r\n    <p>Homepage: <a href=\"http://www.san-pepelone.de\">www.san-pepelone.de</a></p>\r\n\r\n    <p>Gesetzliche Informationen:</p>\r\n    <p>Feriendorf und Surfschule Pepelow GmbH * Sandweg 1 * Sitz der Gesellschaft: 18233 Pepelow * Eingetragen beim Amtsgericht Rostock, HRB 8386</p>\r\n    <p>Geschäftsführer: Olaf Winkelmann</p>\r\n</body>\r\n</html>',0,3,'2024-02-18 19:40:43.896001','2024-02-18 19:40:43.896031',NULL,NULL,NULL,1,'',NULL,NULL,NULL),(83,'test@san-pepelone.de','john@marine.media','','','Reiseinfos aus San Pepelone - Nicht-Uni','','<!DOCTYPE html>\r\n<html lang=\"de\">\r\n<head>\r\n    <meta charset=\"UTF-8\">\r\n    <meta name=\"viewport\" content=\"width=device-width, initial-scale=1.0\">\r\n    <title>Informationen zur bevorstehenden Reise</title>\r\n</head>\r\n<body>\r\n    <p>Hallo Anne,</p>\r\n\r\n    <p>Bald ist es wieder so weit und bei Euch steigt vielleicht bereits das \"Reisefieber\".</p>\r\n\r\n    <p>Für deine Planung und Organisation erhältst Du im Anhang:</p>\r\n\r\n    <ol>\r\n        <li>Die Antworten auf die häufigsten Fragen von Lehrpersonen / Gruppenbetreuungspersonen.</li>\r\n        <li>Vorlage Teilnehmerliste (bitte <span style=\"text-decoration: underline;\">vor</span> der Reise per E-Mail zusenden), um den schnellen Ablauf vor Ort zu organisieren.</li>\r\n        <li>Die aktuellen Reiseinformationen für Lehrpersonen, Schüler:innen und Eltern.</li>\r\n        <li>Unsere Hausordnung, die von jedem(r) Schüler:in unterschrieben am Anreisetag mitgebracht werden muss.</li>\r\n        <li>Elternbrief und Teilnahmebedingung Kletterfelsen (falls ihr plant, diese Sportaktivität zu nutzen).</li>\r\n        <li> Busauftrag</li>\r\n    </ol>\r\n\r\n    <p>Für <strong><span style=\"color: #993300;\">unsere Planung</span></strong> bitte den nachfolgenden Link bis spätestens zum <span style=\"color: #993300;\"><strong>10. März 2024</strong></span> anklicken und die entsprechenden Felder ausfüllen bzw. überprüfen:</p>\r\n\r\n    <b><a href=\"http://127.0.0.1:8000/update_record/e7a29f59-6ab3-454d-a019-efcd1725a5d6\">Link zur Rückmeldung</a><br>\r\n    Login: john@marine.media<br>\r\n    Passwort: 19<br></b>\r\n\r\n    <p>(Falls der Link nicht anzuklicken geht, diesen kopieren und im Browser einfügen.)</p>\r\n\r\n    <p>Erst ca. <span style=\"color: #993300;\">4 Tage vor Fahrtbeginn </span>wird Christer die Belegung/Zimmerverteilung zumailen. Aus organisatorischen Gründen geht es nicht eher.</p>\r\n\r\n    <p>Bei weiteren Fragen stehe ich Dir gern zur Verfügung.</p>\r\n\r\n    <p>Herzliche Grüße aus San Pepelone</p>\r\n    <p>Swetlana</p>\r\n\r\n    <hr>\r\n\r\n    <p>i. A. Swetlana Abraham</p>\r\n    <p>Assistenz Resortmanagement</p>\r\n    <p>Feriendorf & Surfschule Pepelow GmbH</p>\r\n    <p>Mobil: 0173 385 44 85</p>\r\n    <p>E-Mail: swetlana@san-pepelone.de</p>\r\n    <p>Homepage: <a href=\"http://www.san-pepelone.de\">www.san-pepelone.de</a></p>\r\n\r\n    <p>Gesetzliche Informationen:</p>\r\n    <p>Feriendorf und Surfschule Pepelow GmbH * Sandweg 1 * Sitz der Gesellschaft: 18233 Pepelow * Eingetragen beim Amtsgericht Rostock, HRB 8386</p>\r\n    <p>Geschäftsführer: Olaf Winkelmann</p>\r\n</body>\r\n</html>',0,3,'2024-02-18 19:40:47.676297','2024-02-18 19:40:47.676322',NULL,NULL,NULL,1,'',NULL,NULL,NULL),(84,'test@san-pepelone.de','john@marine.media','','','Reiseinfos aus San Pepelone - Nicht-Uni','','<!DOCTYPE html>\r\n<html lang=\"de\">\r\n<head>\r\n    <meta charset=\"UTF-8\">\r\n    <meta name=\"viewport\" content=\"width=device-width, initial-scale=1.0\">\r\n    <title>Informationen zur bevorstehenden Reise</title>\r\n</head>\r\n<body>\r\n    <p>Hallo Anne,</p>\r\n\r\n    <p>Bald ist es wieder so weit und bei Euch steigt vielleicht bereits das \"Reisefieber\".</p>\r\n\r\n    <p>Für deine Planung und Organisation erhältst Du im Anhang:</p>\r\n\r\n    <ol>\r\n        <li>Die Antworten auf die häufigsten Fragen von Lehrpersonen / Gruppenbetreuungspersonen.</li>\r\n        <li>Vorlage Teilnehmerliste (bitte <span style=\"text-decoration: underline;\">vor</span> der Reise per E-Mail zusenden), um den schnellen Ablauf vor Ort zu organisieren.</li>\r\n        <li>Die aktuellen Reiseinformationen für Lehrpersonen, Schüler:innen und Eltern.</li>\r\n        <li>Unsere Hausordnung, die von jedem(r) Schüler:in unterschrieben am Anreisetag mitgebracht werden muss.</li>\r\n        <li>Elternbrief und Teilnahmebedingung Kletterfelsen (falls ihr plant, diese Sportaktivität zu nutzen).</li>\r\n        <li> Busauftrag</li>\r\n    </ol>\r\n\r\n    <p>Für <strong><span style=\"color: #993300;\">unsere Planung</span></strong> bitte den nachfolgenden Link bis spätestens zum <span style=\"color: #993300;\"><strong>10. März 2024</strong></span> anklicken und die entsprechenden Felder ausfüllen bzw. überprüfen:</p>\r\n\r\n    <b><a href=\"http://127.0.0.1:8000/update_record/e7a29f59-6ab3-454d-a019-efcd1725a5d6\">Link zur Rückmeldung</a><br>\r\n    Login: john@marine.media<br>\r\n    Passwort: 19<br></b>\r\n\r\n    <p>(Falls der Link nicht anzuklicken geht, diesen kopieren und im Browser einfügen.)</p>\r\n\r\n    <p>Erst ca. <span style=\"color: #993300;\">4 Tage vor Fahrtbeginn </span>wird Christer die Belegung/Zimmerverteilung zumailen. Aus organisatorischen Gründen geht es nicht eher.</p>\r\n\r\n    <p>Bei weiteren Fragen stehe ich Dir gern zur Verfügung.</p>\r\n\r\n    <p>Herzliche Grüße aus San Pepelone</p>\r\n    <p>Swetlana</p>\r\n\r\n    <hr>\r\n\r\n    <p>i. A. Swetlana Abraham</p>\r\n    <p>Assistenz Resortmanagement</p>\r\n    <p>Feriendorf & Surfschule Pepelow GmbH</p>\r\n    <p>Mobil: 0173 385 44 85</p>\r\n    <p>E-Mail: swetlana@san-pepelone.de</p>\r\n    <p>Homepage: <a href=\"http://www.san-pepelone.de\">www.san-pepelone.de</a></p>\r\n\r\n    <p>Gesetzliche Informationen:</p>\r\n    <p>Feriendorf und Surfschule Pepelow GmbH * Sandweg 1 * Sitz der Gesellschaft: 18233 Pepelow * Eingetragen beim Amtsgericht Rostock, HRB 8386</p>\r\n    <p>Geschäftsführer: Olaf Winkelmann</p>\r\n</body>\r\n</html>',0,3,'2024-02-18 19:48:28.500618','2024-02-18 19:48:28.500634',NULL,NULL,NULL,1,'',NULL,NULL,NULL),(85,'test@san-pepelone.de','john@marine.media','','','Reiseinfos aus San Pepelone - Nicht-Uni','','<!DOCTYPE html>\r\n<html lang=\"de\">\r\n<head>\r\n    <meta charset=\"UTF-8\">\r\n    <meta name=\"viewport\" content=\"width=device-width, initial-scale=1.0\">\r\n    <title>Informationen zur bevorstehenden Reise</title>\r\n</head>\r\n<body>\r\n    <p>Hallo Anne,</p>\r\n\r\n    <p>Bald ist es wieder so weit und bei Euch steigt vielleicht bereits das \"Reisefieber\".</p>\r\n\r\n    <p>Für deine Planung und Organisation erhältst Du im Anhang:</p>\r\n\r\n    <ol>\r\n        <li>Die Antworten auf die häufigsten Fragen von Lehrpersonen / Gruppenbetreuungspersonen.</li>\r\n        <li>Vorlage Teilnehmerliste (bitte <span style=\"text-decoration: underline;\">vor</span> der Reise per E-Mail zusenden), um den schnellen Ablauf vor Ort zu organisieren.</li>\r\n        <li>Die aktuellen Reiseinformationen für Lehrpersonen, Schüler:innen und Eltern.</li>\r\n        <li>Unsere Hausordnung, die von jedem(r) Schüler:in unterschrieben am Anreisetag mitgebracht werden muss.</li>\r\n        <li>Elternbrief und Teilnahmebedingung Kletterfelsen (falls ihr plant, diese Sportaktivität zu nutzen).</li>\r\n        <li> Busauftrag</li>\r\n    </ol>\r\n\r\n    <p>Für <strong><span style=\"color: #993300;\">unsere Planung</span></strong> bitte den nachfolgenden Link bis spätestens zum <span style=\"color: #993300;\"><strong>10. März 2024</strong></span> anklicken und die entsprechenden Felder ausfüllen bzw. überprüfen:</p>\r\n\r\n    <b><a href=\"http://127.0.0.1:8000/update_record/e7a29f59-6ab3-454d-a019-efcd1725a5d6\">Link zur Rückmeldung</a><br>\r\n    Login: john@marine.media<br>\r\n    Passwort: 19<br></b>\r\n\r\n    <p>(Falls der Link nicht anzuklicken geht, diesen kopieren und im Browser einfügen.)</p>\r\n\r\n    <p>Erst ca. <span style=\"color: #993300;\">4 Tage vor Fahrtbeginn </span>wird Christer die Belegung/Zimmerverteilung zumailen. Aus organisatorischen Gründen geht es nicht eher.</p>\r\n\r\n    <p>Bei weiteren Fragen stehe ich Dir gern zur Verfügung.</p>\r\n\r\n    <p>Herzliche Grüße aus San Pepelone</p>\r\n    <p>Swetlana</p>\r\n\r\n    <hr>\r\n\r\n    <p>i. A. Swetlana Abraham</p>\r\n    <p>Assistenz Resortmanagement</p>\r\n    <p>Feriendorf & Surfschule Pepelow GmbH</p>\r\n    <p>Mobil: 0173 385 44 85</p>\r\n    <p>E-Mail: swetlana@san-pepelone.de</p>\r\n    <p>Homepage: <a href=\"http://www.san-pepelone.de\">www.san-pepelone.de</a></p>\r\n\r\n    <p>Gesetzliche Informationen:</p>\r\n    <p>Feriendorf und Surfschule Pepelow GmbH * Sandweg 1 * Sitz der Gesellschaft: 18233 Pepelow * Eingetragen beim Amtsgericht Rostock, HRB 8386</p>\r\n    <p>Geschäftsführer: Olaf Winkelmann</p>\r\n</body>\r\n</html>',0,3,'2024-02-18 19:51:58.002631','2024-02-18 19:51:58.002655',NULL,NULL,NULL,1,'',NULL,NULL,NULL),(86,'test@san-pepelone.de','john@marine.media','','','Reiseinfos aus San Pepelone - Nicht-Uni','','<!DOCTYPE html>\r\n<html lang=\"de\">\r\n<head>\r\n    <meta charset=\"UTF-8\">\r\n    <meta name=\"viewport\" content=\"width=device-width, initial-scale=1.0\">\r\n    <title>Informationen zur bevorstehenden Reise</title>\r\n</head>\r\n<body>\r\n    <p>Hallo Anne,</p>\r\n\r\n    <p>Bald ist es wieder so weit und bei Euch steigt vielleicht bereits das \"Reisefieber\".</p>\r\n\r\n    <p>Für deine Planung und Organisation erhältst Du im Anhang:</p>\r\n\r\n    <ol>\r\n        <li>Die Antworten auf die häufigsten Fragen von Lehrpersonen / Gruppenbetreuungspersonen.</li>\r\n        <li>Vorlage Teilnehmerliste (bitte <span style=\"text-decoration: underline;\">vor</span> der Reise per E-Mail zusenden), um den schnellen Ablauf vor Ort zu organisieren.</li>\r\n        <li>Die aktuellen Reiseinformationen für Lehrpersonen, Schüler:innen und Eltern.</li>\r\n        <li>Unsere Hausordnung, die von jedem(r) Schüler:in unterschrieben am Anreisetag mitgebracht werden muss.</li>\r\n        <li>Elternbrief und Teilnahmebedingung Kletterfelsen (falls ihr plant, diese Sportaktivität zu nutzen).</li>\r\n        <li> Busauftrag</li>\r\n    </ol>\r\n\r\n    <p>Für <strong><span style=\"color: #993300;\">unsere Planung</span></strong> bitte den nachfolgenden Link bis spätestens zum <span style=\"color: #993300;\"><strong>10. März 2024</strong></span> anklicken und die entsprechenden Felder ausfüllen bzw. überprüfen:</p>\r\n\r\n    <b><a href=\"http://127.0.0.1:8000/update_record/e7a29f59-6ab3-454d-a019-efcd1725a5d6\">Link zur Rückmeldung</a><br>\r\n    Login: john@marine.media<br>\r\n    Passwort: 19<br></b>\r\n\r\n    <p>(Falls der Link nicht anzuklicken geht, diesen kopieren und im Browser einfügen.)</p>\r\n\r\n    <p>Erst ca. <span style=\"color: #993300;\">4 Tage vor Fahrtbeginn </span>wird Christer die Belegung/Zimmerverteilung zumailen. Aus organisatorischen Gründen geht es nicht eher.</p>\r\n\r\n    <p>Bei weiteren Fragen stehe ich Dir gern zur Verfügung.</p>\r\n\r\n    <p>Herzliche Grüße aus San Pepelone</p>\r\n    <p>Swetlana</p>\r\n\r\n    <hr>\r\n\r\n    <p>i. A. Swetlana Abraham</p>\r\n    <p>Assistenz Resortmanagement</p>\r\n    <p>Feriendorf & Surfschule Pepelow GmbH</p>\r\n    <p>Mobil: 0173 385 44 85</p>\r\n    <p>E-Mail: swetlana@san-pepelone.de</p>\r\n    <p>Homepage: <a href=\"http://www.san-pepelone.de\">www.san-pepelone.de</a></p>\r\n\r\n    <p>Gesetzliche Informationen:</p>\r\n    <p>Feriendorf und Surfschule Pepelow GmbH * Sandweg 1 * Sitz der Gesellschaft: 18233 Pepelow * Eingetragen beim Amtsgericht Rostock, HRB 8386</p>\r\n    <p>Geschäftsführer: Olaf Winkelmann</p>\r\n</body>\r\n</html>',0,3,'2024-02-18 19:52:38.141349','2024-02-18 19:52:38.141372',NULL,NULL,NULL,1,'',NULL,NULL,NULL),(87,'test@san-pepelone.de','john@marine.media','','','Reiseinfos aus San Pepelone - Nicht-Uni','','<!DOCTYPE html>\r\n<html lang=\"de\">\r\n<head>\r\n    <meta charset=\"UTF-8\">\r\n    <meta name=\"viewport\" content=\"width=device-width, initial-scale=1.0\">\r\n    <title>Informationen zur bevorstehenden Reise</title>\r\n</head>\r\n<body>\r\n    <p>Hallo Anne,</p>\r\n\r\n    <p>Bald ist es wieder so weit und bei Euch steigt vielleicht bereits das \"Reisefieber\".</p>\r\n\r\n    <p>Für deine Planung und Organisation erhältst Du im Anhang:</p>\r\n\r\n    <ol>\r\n        <li>Die Antworten auf die häufigsten Fragen von Lehrpersonen / Gruppenbetreuungspersonen.</li>\r\n        <li>Vorlage Teilnehmerliste (bitte <span style=\"text-decoration: underline;\">vor</span> der Reise per E-Mail zusenden), um den schnellen Ablauf vor Ort zu organisieren.</li>\r\n        <li>Die aktuellen Reiseinformationen für Lehrpersonen, Schüler:innen und Eltern.</li>\r\n        <li>Unsere Hausordnung, die von jedem(r) Schüler:in unterschrieben am Anreisetag mitgebracht werden muss.</li>\r\n        <li>Elternbrief und Teilnahmebedingung Kletterfelsen (falls ihr plant, diese Sportaktivität zu nutzen).</li>\r\n        <li> Busauftrag</li>\r\n    </ol>\r\n\r\n    <p>Für <strong><span style=\"color: #993300;\">unsere Planung</span></strong> bitte den nachfolgenden Link bis spätestens zum <span style=\"color: #993300;\"><strong>10. März 2024</strong></span> anklicken und die entsprechenden Felder ausfüllen bzw. überprüfen:</p>\r\n\r\n    <b><a href=\"http://127.0.0.1:8000/update_record/e7a29f59-6ab3-454d-a019-efcd1725a5d6\">Link zur Rückmeldung</a><br>\r\n    Login: john@marine.media<br>\r\n    Passwort: 19<br></b>\r\n\r\n    <p>(Falls der Link nicht anzuklicken geht, diesen kopieren und im Browser einfügen.)</p>\r\n\r\n    <p>Erst ca. <span style=\"color: #993300;\">4 Tage vor Fahrtbeginn </span>wird Christer die Belegung/Zimmerverteilung zumailen. Aus organisatorischen Gründen geht es nicht eher.</p>\r\n\r\n    <p>Bei weiteren Fragen stehe ich Dir gern zur Verfügung.</p>\r\n\r\n    <p>Herzliche Grüße aus San Pepelone</p>\r\n    <p>Swetlana</p>\r\n\r\n    <hr>\r\n\r\n    <p>i. A. Swetlana Abraham</p>\r\n    <p>Assistenz Resortmanagement</p>\r\n    <p>Feriendorf & Surfschule Pepelow GmbH</p>\r\n    <p>Mobil: 0173 385 44 85</p>\r\n    <p>E-Mail: swetlana@san-pepelone.de</p>\r\n    <p>Homepage: <a href=\"http://www.san-pepelone.de\">www.san-pepelone.de</a></p>\r\n\r\n    <p>Gesetzliche Informationen:</p>\r\n    <p>Feriendorf und Surfschule Pepelow GmbH * Sandweg 1 * Sitz der Gesellschaft: 18233 Pepelow * Eingetragen beim Amtsgericht Rostock, HRB 8386</p>\r\n    <p>Geschäftsführer: Olaf Winkelmann</p>\r\n</body>\r\n</html>',0,3,'2024-02-18 19:56:10.421496','2024-02-18 19:56:10.421513',NULL,NULL,NULL,1,'',NULL,NULL,NULL),(88,'test@san-pepelone.de','john@marine.media','','','Reiseinfos aus San Pepelone - Nicht-Uni','','<!DOCTYPE html>\r\n<html lang=\"de\">\r\n<head>\r\n    <meta charset=\"UTF-8\">\r\n    <meta name=\"viewport\" content=\"width=device-width, initial-scale=1.0\">\r\n    <title>Informationen zur bevorstehenden Reise</title>\r\n</head>\r\n<body>\r\n    <p>Hallo Anne,</p>\r\n\r\n    <p>Bald ist es wieder so weit und bei Euch steigt vielleicht bereits das \"Reisefieber\".</p>\r\n\r\n    <p>Für deine Planung und Organisation erhältst Du im Anhang:</p>\r\n\r\n    <ol>\r\n        <li>Die Antworten auf die häufigsten Fragen von Lehrpersonen / Gruppenbetreuungspersonen.</li>\r\n        <li>Vorlage Teilnehmerliste (bitte <span style=\"text-decoration: underline;\">vor</span> der Reise per E-Mail zusenden), um den schnellen Ablauf vor Ort zu organisieren.</li>\r\n        <li>Die aktuellen Reiseinformationen für Lehrpersonen, Schüler:innen und Eltern.</li>\r\n        <li>Unsere Hausordnung, die von jedem(r) Schüler:in unterschrieben am Anreisetag mitgebracht werden muss.</li>\r\n        <li>Elternbrief und Teilnahmebedingung Kletterfelsen (falls ihr plant, diese Sportaktivität zu nutzen).</li>\r\n        <li> Busauftrag</li>\r\n    </ol>\r\n\r\n    <p>Für <strong><span style=\"color: #993300;\">unsere Planung</span></strong> bitte den nachfolgenden Link bis spätestens zum <span style=\"color: #993300;\"><strong>10. März 2024</strong></span> anklicken und die entsprechenden Felder ausfüllen bzw. überprüfen:</p>\r\n\r\n    <b><a href=\"http://127.0.0.1:8000/update_record/e7a29f59-6ab3-454d-a019-efcd1725a5d6\">Link zur Rückmeldung</a><br>\r\n    Login: john@marine.media<br>\r\n    Passwort: 19<br></b>\r\n\r\n    <p>(Falls der Link nicht anzuklicken geht, diesen kopieren und im Browser einfügen.)</p>\r\n\r\n    <p>Erst ca. <span style=\"color: #993300;\">4 Tage vor Fahrtbeginn </span>wird Christer die Belegung/Zimmerverteilung zumailen. Aus organisatorischen Gründen geht es nicht eher.</p>\r\n\r\n    <p>Bei weiteren Fragen stehe ich Dir gern zur Verfügung.</p>\r\n\r\n    <p>Herzliche Grüße aus San Pepelone</p>\r\n    <p>Swetlana</p>\r\n\r\n    <hr>\r\n\r\n    <p>i. A. Swetlana Abraham</p>\r\n    <p>Assistenz Resortmanagement</p>\r\n    <p>Feriendorf & Surfschule Pepelow GmbH</p>\r\n    <p>Mobil: 0173 385 44 85</p>\r\n    <p>E-Mail: swetlana@san-pepelone.de</p>\r\n    <p>Homepage: <a href=\"http://www.san-pepelone.de\">www.san-pepelone.de</a></p>\r\n\r\n    <p>Gesetzliche Informationen:</p>\r\n    <p>Feriendorf und Surfschule Pepelow GmbH * Sandweg 1 * Sitz der Gesellschaft: 18233 Pepelow * Eingetragen beim Amtsgericht Rostock, HRB 8386</p>\r\n    <p>Geschäftsführer: Olaf Winkelmann</p>\r\n</body>\r\n</html>',0,3,'2024-02-18 19:57:02.026370','2024-02-18 19:57:02.026389',NULL,NULL,NULL,1,'',NULL,NULL,NULL),(89,'test@san-pepelone.de','john@marine.media','','','Reiseinfos aus San Pepelone - Nicht-Uni','','<!DOCTYPE html>\r\n<html lang=\"de\">\r\n<head>\r\n    <meta charset=\"UTF-8\">\r\n    <meta name=\"viewport\" content=\"width=device-width, initial-scale=1.0\">\r\n    <title>Informationen zur bevorstehenden Reise</title>\r\n</head>\r\n<body>\r\n    <p>Hallo Anne,</p>\r\n\r\n    <p>Bald ist es wieder so weit und bei Euch steigt vielleicht bereits das \"Reisefieber\".</p>\r\n\r\n    <p>Für deine Planung und Organisation erhältst Du im Anhang:</p>\r\n\r\n    <ol>\r\n        <li>Die Antworten auf die häufigsten Fragen von Lehrpersonen / Gruppenbetreuungspersonen.</li>\r\n        <li>Vorlage Teilnehmerliste (bitte <span style=\"text-decoration: underline;\">vor</span> der Reise per E-Mail zusenden), um den schnellen Ablauf vor Ort zu organisieren.</li>\r\n        <li>Die aktuellen Reiseinformationen für Lehrpersonen, Schüler:innen und Eltern.</li>\r\n        <li>Unsere Hausordnung, die von jedem(r) Schüler:in unterschrieben am Anreisetag mitgebracht werden muss.</li>\r\n        <li>Elternbrief und Teilnahmebedingung Kletterfelsen (falls ihr plant, diese Sportaktivität zu nutzen).</li>\r\n        <li> Busauftrag</li>\r\n    </ol>\r\n\r\n    <p>Für <strong><span style=\"color: #993300;\">unsere Planung</span></strong> bitte den nachfolgenden Link bis spätestens zum <span style=\"color: #993300;\"><strong>10. März 2024</strong></span> anklicken und die entsprechenden Felder ausfüllen bzw. überprüfen:</p>\r\n\r\n    <b><a href=\"http://127.0.0.1:8000/update_record/e7a29f59-6ab3-454d-a019-efcd1725a5d6\">Link zur Rückmeldung</a><br>\r\n    Login: john@marine.media<br>\r\n    Passwort: 19<br></b>\r\n\r\n    <p>(Falls der Link nicht anzuklicken geht, diesen kopieren und im Browser einfügen.)</p>\r\n\r\n    <p>Erst ca. <span style=\"color: #993300;\">4 Tage vor Fahrtbeginn </span>wird Christer die Belegung/Zimmerverteilung zumailen. Aus organisatorischen Gründen geht es nicht eher.</p>\r\n\r\n    <p>Bei weiteren Fragen stehe ich Dir gern zur Verfügung.</p>\r\n\r\n    <p>Herzliche Grüße aus San Pepelone</p>\r\n    <p>Swetlana</p>\r\n\r\n    <hr>\r\n\r\n    <p>i. A. Swetlana Abraham</p>\r\n    <p>Assistenz Resortmanagement</p>\r\n    <p>Feriendorf & Surfschule Pepelow GmbH</p>\r\n    <p>Mobil: 0173 385 44 85</p>\r\n    <p>E-Mail: swetlana@san-pepelone.de</p>\r\n    <p>Homepage: <a href=\"http://www.san-pepelone.de\">www.san-pepelone.de</a></p>\r\n\r\n    <p>Gesetzliche Informationen:</p>\r\n    <p>Feriendorf und Surfschule Pepelow GmbH * Sandweg 1 * Sitz der Gesellschaft: 18233 Pepelow * Eingetragen beim Amtsgericht Rostock, HRB 8386</p>\r\n    <p>Geschäftsführer: Olaf Winkelmann</p>\r\n</body>\r\n</html>',0,3,'2024-02-18 19:59:10.341081','2024-02-18 19:59:10.341102',NULL,NULL,NULL,1,'',NULL,NULL,NULL),(90,'test@san-pepelone.de','john@marine.media','','','Reiseinfos aus San Pepelone - Nicht-Uni','','<!DOCTYPE html>\r\n<html lang=\"de\">\r\n<head>\r\n    <meta charset=\"UTF-8\">\r\n    <meta name=\"viewport\" content=\"width=device-width, initial-scale=1.0\">\r\n    <title>Informationen zur bevorstehenden Reise</title>\r\n</head>\r\n<body>\r\n    <p>Hallo Nadine,</p>\r\n\r\n    <p>Bald ist es wieder so weit und bei Euch steigt vielleicht bereits das \"Reisefieber\".</p>\r\n\r\n    <p>Für deine Planung und Organisation erhältst Du im Anhang:</p>\r\n\r\n    <ol>\r\n        <li>Die Antworten auf die häufigsten Fragen von Lehrpersonen / Gruppenbetreuungspersonen.</li>\r\n        <li>Vorlage Teilnehmerliste (bitte <span style=\"text-decoration: underline;\">vor</span> der Reise per E-Mail zusenden), um den schnellen Ablauf vor Ort zu organisieren.</li>\r\n        <li>Die aktuellen Reiseinformationen für Lehrpersonen, Schüler:innen und Eltern.</li>\r\n        <li>Unsere Hausordnung, die von jedem(r) Schüler:in unterschrieben am Anreisetag mitgebracht werden muss.</li>\r\n        <li>Elternbrief und Teilnahmebedingung Kletterfelsen (falls ihr plant, diese Sportaktivität zu nutzen).</li>\r\n        <li></li>\r\n    </ol>\r\n\r\n    <p>Für <strong><span style=\"color: #993300;\">unsere Planung</span></strong> bitte den nachfolgenden Link bis spätestens zum <span style=\"color: #993300;\"><strong>7. April 2024</strong></span> anklicken und die entsprechenden Felder ausfüllen bzw. überprüfen:</p>\r\n\r\n    <b><a href=\"http://127.0.0.1:8000/update_record/acb47326-cebe-4764-9a18-e15cb662c523\">Link zur Rückmeldung</a><br>\r\n    Login: john@marine.media<br>\r\n    Passwort: 16<br></b>\r\n\r\n    <p>(Falls der Link nicht anzuklicken geht, diesen kopieren und im Browser einfügen.)</p>\r\n\r\n    <p>Erst ca. <span style=\"color: #993300;\">4 Tage vor Fahrtbeginn </span>wird Christer die Belegung/Zimmerverteilung zumailen. Aus organisatorischen Gründen geht es nicht eher.</p>\r\n\r\n    <p>Bei weiteren Fragen stehe ich Dir gern zur Verfügung.</p>\r\n\r\n    <p>Herzliche Grüße aus San Pepelone</p>\r\n    <p>Swetlana</p>\r\n\r\n    <hr>\r\n \r\n <p style=\"font-size: 1.1em;\">\r\n    <p>i. A. Swetlana Abraham</p>\r\n    <p>Assistenz Resortmanagement</p>\r\n    <p>Feriendorf & Surfschule Pepelow GmbH</p>\r\n    <p>Mobil: 0173 385 44 85</p>\r\n    <p>E-Mail: swetlana@san-pepelone.de</p>\r\n    <p>Homepage: <a href=\"http://www.san-pepelone.de\">www.san-pepelone.de</a></p>\r\n\r\n    <p>Gesetzliche Informationen:</p>\r\n    <p>Feriendorf und Surfschule Pepelow GmbH * Sandweg 1 * Sitz der Gesellschaft: 18233 Pepelow * Eingetragen beim Amtsgericht Rostock, HRB 8386</p>\r\n    <p>Geschäftsführer: Olaf Winkelmann</p></p>\r\n</body>\r\n</html>',0,3,'2024-02-18 20:03:42.721660','2024-02-18 20:03:42.721676',NULL,NULL,NULL,1,'',NULL,NULL,NULL),(91,'test@san-pepelone.de','john@marine.media','','','Reiseinfos aus San Pepelone - Nicht-Uni','','<!DOCTYPE html>\r\n<html lang=\"de\">\r\n<head>\r\n    <meta charset=\"UTF-8\">\r\n    <meta name=\"viewport\" content=\"width=device-width, initial-scale=1.0\">\r\n    <title>Informationen zur bevorstehenden Reise</title>\r\n</head>\r\n<body>\r\n    <p>Hallo Nadine,</p>\r\n\r\n    <p>Bald ist es wieder so weit und bei Euch steigt vielleicht bereits das \"Reisefieber\".</p>\r\n\r\n    <p>Für deine Planung und Organisation erhältst Du im Anhang:</p>\r\n\r\n    <ol>\r\n        <li>Die Antworten auf die häufigsten Fragen von Lehrpersonen / Gruppenbetreuungspersonen.</li>\r\n        <li>Vorlage Teilnehmerliste (bitte <span style=\"text-decoration: underline;\">vor</span> der Reise per E-Mail zusenden), um den schnellen Ablauf vor Ort zu organisieren.</li>\r\n        <li>Die aktuellen Reiseinformationen für Lehrpersonen, Schüler:innen und Eltern.</li>\r\n        <li>Unsere Hausordnung, die von jedem(r) Schüler:in unterschrieben am Anreisetag mitgebracht werden muss.</li>\r\n        <li>Elternbrief und Teilnahmebedingung Kletterfelsen (falls ihr plant, diese Sportaktivität zu nutzen).</li>\r\n        <li></li>\r\n    </ol>\r\n\r\n    <p>Für <strong><span style=\"color: #993300;\">unsere Planung</span></strong> bitte den nachfolgenden Link bis spätestens zum <span style=\"color: #993300;\"><strong>7. April 2024</strong></span> anklicken und die entsprechenden Felder ausfüllen bzw. überprüfen:</p>\r\n\r\n    <b><a href=\"http://127.0.0.1:8000/update_record/acb47326-cebe-4764-9a18-e15cb662c523\">Link zur Rückmeldung</a><br>\r\n    Login: john@marine.media<br>\r\n    Passwort: 16<br></b>\r\n\r\n    <p>(Falls der Link nicht anzuklicken geht, diesen kopieren und im Browser einfügen.)</p>\r\n\r\n    <p>Erst ca. <span style=\"color: #993300;\">4 Tage vor Fahrtbeginn </span>wird Christer die Belegung/Zimmerverteilung zumailen. Aus organisatorischen Gründen geht es nicht eher.</p>\r\n\r\n    <p>Bei weiteren Fragen stehe ich Dir gern zur Verfügung.</p>\r\n\r\n    <p>Herzliche Grüße aus San Pepelone</p>\r\n    <p>Swetlana</p>\r\n\r\n    <hr>\r\n \r\n <p style=\"font-size: 10px;\">\r\n    <p>i. A. Swetlana Abraham</p>\r\n    <p>Assistenz Resortmanagement</p>\r\n    <p>Feriendorf & Surfschule Pepelow GmbH</p>\r\n    <p>Mobil: 0173 385 44 85</p>\r\n    <p>E-Mail: swetlana@san-pepelone.de</p>\r\n    <p>Homepage: <a href=\"http://www.san-pepelone.de\">www.san-pepelone.de</a></p>\r\n\r\n    <p>Gesetzliche Informationen:</p>\r\n    <p>Feriendorf und Surfschule Pepelow GmbH * Sandweg 1 * Sitz der Gesellschaft: 18233 Pepelow * Eingetragen beim Amtsgericht Rostock, HRB 8386</p>\r\n    <p>Geschäftsführer: Olaf Winkelmann</p></p>\r\n</body>\r\n</html>',0,3,'2024-02-18 20:07:15.711246','2024-02-18 20:07:15.711273',NULL,NULL,NULL,1,'',NULL,NULL,NULL),(92,'test@san-pepelone.de','john@marine.media','','','Reiseinfos aus San Pepelone - Nicht-Uni','','<!DOCTYPE html>\r\n<html lang=\"de\">\r\n<head>\r\n    <meta charset=\"UTF-8\">\r\n    <meta name=\"viewport\" content=\"width=device-width, initial-scale=1.0\">\r\n    <title>Informationen zur bevorstehenden Reise</title>\r\n</head>\r\n<body>\r\n    <p>Hallo Nadine,</p>\r\n\r\n    <p>Bald ist es wieder so weit und bei Euch steigt vielleicht bereits das \"Reisefieber\".</p>\r\n\r\n    <p>Für deine Planung und Organisation erhältst Du im Anhang:</p>\r\n\r\n    <ol>\r\n        <li>Die Antworten auf die häufigsten Fragen von Lehrpersonen / Gruppenbetreuungspersonen.</li>\r\n        <li>Vorlage Teilnehmerliste (bitte <span style=\"text-decoration: underline;\">vor</span> der Reise per E-Mail zusenden), um den schnellen Ablauf vor Ort zu organisieren.</li>\r\n        <li>Die aktuellen Reiseinformationen für Lehrpersonen, Schüler:innen und Eltern.</li>\r\n        <li>Unsere Hausordnung, die von jedem(r) Schüler:in unterschrieben am Anreisetag mitgebracht werden muss.</li>\r\n        <li>Elternbrief und Teilnahmebedingung Kletterfelsen (falls ihr plant, diese Sportaktivität zu nutzen).</li>\r\n        <li></li>\r\n    </ol>\r\n\r\n    <p>Für <strong><span style=\"color: #993300;\">unsere Planung</span></strong> bitte den nachfolgenden Link bis spätestens zum <span style=\"color: #993300;\"><strong>7. April 2024</strong></span> anklicken und die entsprechenden Felder ausfüllen bzw. überprüfen:</p>\r\n\r\n    <b><a href=\"http://192.168.188.26:8000//update_record/acb47326-cebe-4764-9a18-e15cb662c523\">Link zur Rückmeldung</a><br>\r\n    Login: john@marine.media<br>\r\n    Passwort: 16<br></b>\r\n\r\n    <p>(Falls der Link nicht anzuklicken geht, diesen kopieren und im Browser einfügen.)</p>\r\n\r\n    <p>Erst ca. <span style=\"color: #993300;\">4 Tage vor Fahrtbeginn </span>wird Christer die Belegung/Zimmerverteilung zumailen. Aus organisatorischen Gründen geht es nicht eher.</p>\r\n\r\n    <p>Bei weiteren Fragen stehe ich Dir gern zur Verfügung.</p>\r\n\r\n    <p>Herzliche Grüße aus San Pepelone</p>\r\n    <p>Swetlana</p>\r\n\r\n    <hr>\r\n \r\n <p style=\"font-size: 10px;\">\r\n    <p>i. A. Swetlana Abraham</p>\r\n    <p>Assistenz Resortmanagement</p>\r\n    <p>Feriendorf & Surfschule Pepelow GmbH</p>\r\n    <p>Mobil: 0173 385 44 85</p>\r\n    <p>E-Mail: swetlana@san-pepelone.de</p>\r\n    <p>Homepage: <a href=\"http://www.san-pepelone.de\">www.san-pepelone.de</a></p>\r\n\r\n    <p>Gesetzliche Informationen:</p>\r\n    <p>Feriendorf und Surfschule Pepelow GmbH * Sandweg 1 * Sitz der Gesellschaft: 18233 Pepelow * Eingetragen beim Amtsgericht Rostock, HRB 8386</p>\r\n    <p>Geschäftsführer: Olaf Winkelmann</p></p>\r\n</body>\r\n</html>',0,3,'2024-02-18 20:08:05.251988','2024-02-18 20:08:05.252002',NULL,NULL,NULL,1,'',NULL,NULL,NULL),(93,'test@san-pepelone.de','john@marine.media','','','Reiseinfos aus San Pepelone - Nicht-Uni','','<!DOCTYPE html>\r\n<html lang=\"de\">\r\n<head>\r\n    <meta charset=\"UTF-8\">\r\n    <meta name=\"viewport\" content=\"width=device-width, initial-scale=1.0\">\r\n    <title>Informationen zur bevorstehenden Reise</title>\r\n</head>\r\n<body>\r\n    <p>Hallo Nadine,</p>\r\n\r\n    <p>Bald ist es wieder so weit und bei Euch steigt vielleicht bereits das \"Reisefieber\".</p>\r\n\r\n    <p>Für deine Planung und Organisation erhältst Du im Anhang:</p>\r\n\r\n    <ol>\r\n        <li>Die Antworten auf die häufigsten Fragen von Lehrpersonen / Gruppenbetreuungspersonen.</li>\r\n        <li>Vorlage Teilnehmerliste (bitte <span style=\"text-decoration: underline;\">vor</span> der Reise per E-Mail zusenden), um den schnellen Ablauf vor Ort zu organisieren.</li>\r\n        <li>Die aktuellen Reiseinformationen für Lehrpersonen, Schüler:innen und Eltern.</li>\r\n        <li>Unsere Hausordnung, die von jedem(r) Schüler:in unterschrieben am Anreisetag mitgebracht werden muss.</li>\r\n        <li>Elternbrief und Teilnahmebedingung Kletterfelsen (falls ihr plant, diese Sportaktivität zu nutzen).</li>\r\n        <li></li>\r\n    </ol>\r\n\r\n    <p>Für <strong><span style=\"color: #993300;\">unsere Planung</span></strong> bitte den nachfolgenden Link bis spätestens zum <span style=\"color: #993300;\"><strong>7. April 2024</strong></span> anklicken und die entsprechenden Felder ausfüllen bzw. überprüfen:</p>\r\n\r\n    <b><a href=\"http://192.168.188.26:8000/update_record/acb47326-cebe-4764-9a18-e15cb662c523\">Link zur Rückmeldung</a><br>\r\n    Login: john@marine.media<br>\r\n    Passwort: 16<br></b>\r\n\r\n    <p>(Falls der Link nicht anzuklicken geht, diesen kopieren und im Browser einfügen.)</p>\r\n\r\n    <p>Erst ca. <span style=\"color: #993300;\">4 Tage vor Fahrtbeginn </span>wird Christer die Belegung/Zimmerverteilung zumailen. Aus organisatorischen Gründen geht es nicht eher.</p>\r\n\r\n    <p>Bei weiteren Fragen stehe ich Dir gern zur Verfügung.</p>\r\n\r\n    <p>Herzliche Grüße aus San Pepelone</p>\r\n    <p>Swetlana</p>\r\n\r\n    <hr>\r\n \r\n <span style=\"font-size: 10px;\">\r\n    <p>i. A. Swetlana Abraham</p>\r\n    <p>Assistenz Resortmanagement</p>\r\n    <p>Feriendorf & Surfschule Pepelow GmbH</p>\r\n    <p>Mobil: 0173 385 44 85</p>\r\n    <p>E-Mail: swetlana@san-pepelone.de</p>\r\n    <p>Homepage: <a href=\"http://www.san-pepelone.de\">www.san-pepelone.de</a></p>\r\n\r\n    <p>Gesetzliche Informationen:</p>\r\n    <p>Feriendorf und Surfschule Pepelow GmbH * Sandweg 1 * Sitz der Gesellschaft: 18233 Pepelow * Eingetragen beim Amtsgericht Rostock, HRB 8386</p>\r\n    <p>Geschäftsführer: Olaf Winkelmann</p></span>\r\n</body>\r\n</html>',0,3,'2024-02-18 20:11:08.367511','2024-02-18 20:11:08.367531',NULL,NULL,NULL,1,'',NULL,NULL,NULL),(94,'test@san-pepelone.de','john@marine.media','','','Reiseinfos aus San Pepelone - Nicht-Uni','','<!DOCTYPE html>\r\n<html lang=\"de\">\r\n<head>\r\n    <meta charset=\"UTF-8\">\r\n    <meta name=\"viewport\" content=\"width=device-width, initial-scale=1.0\">\r\n    <title>Informationen zur bevorstehenden Reise</title>\r\n</head>\r\n<body>\r\n    <p>Hallo Nadine,</p>\r\n\r\n    <p>Bald ist es wieder so weit und bei Euch steigt vielleicht bereits das \"Reisefieber\".</p>\r\n\r\n    <p>Für deine Planung und Organisation erhältst Du im Anhang:</p>\r\n\r\n    <ol>\r\n        <li>Die Antworten auf die häufigsten Fragen von Lehrpersonen / Gruppenbetreuungspersonen.</li>\r\n        <li>Vorlage Teilnehmerliste (bitte <span style=\"text-decoration: underline;\">vor</span> der Reise per E-Mail zusenden), um den schnellen Ablauf vor Ort zu organisieren.</li>\r\n        <li>Die aktuellen Reiseinformationen für Lehrpersonen, Schüler:innen und Eltern.</li>\r\n        <li>Unsere Hausordnung, die von jedem(r) Schüler:in unterschrieben am Anreisetag mitgebracht werden muss.</li>\r\n        <li>Elternbrief und Teilnahmebedingung Kletterfelsen (falls ihr plant, diese Sportaktivität zu nutzen).</li>\r\n        <li></li>\r\n    </ol>\r\n\r\n    <p>Für <strong><span style=\"color: #993300;\">unsere Planung</span></strong> bitte den nachfolgenden Link bis spätestens zum <span style=\"color: #993300;\"><strong>7. April 2024</strong></span> anklicken und die entsprechenden Felder ausfüllen bzw. überprüfen:</p>\r\n\r\n    <b><a href=\"http://192.168.188.26:8000/update_record/acb47326-cebe-4764-9a18-e15cb662c523\">Link zur Rückmeldung</a><br>\r\n    Login: john@marine.media<br>\r\n    Passwort: 16<br></b>\r\n\r\n    <p>(Falls der Link nicht anzuklicken geht, diesen kopieren und im Browser einfügen.)</p>\r\n\r\n    <p>Erst ca. <span style=\"color: #993300;\">4 Tage vor Fahrtbeginn </span>wird Christer die Belegung/Zimmerverteilung zumailen. Aus organisatorischen Gründen geht es nicht eher.</p>\r\n\r\n    <p>Bei weiteren Fragen stehe ich Dir gern zur Verfügung.</p>\r\n\r\n    <p>Herzliche Grüße aus San Pepelone</p>\r\n    <p>Swetlana</p>\r\n\r\n    <hr>\r\n \r\n <span style=\"font-size: 10px;\">\r\n    i. A. Swetlana Abraham</br>\r\n    Assistenz Resortmanagement</br>\r\n    <p>Feriendorf & Surfschule Pepelow GmbH</p>\r\n    <p>Mobil: 0173 385 44 85</p>\r\n    <p>E-Mail: swetlana@san-pepelone.de</p>\r\n    <p>Homepage: <a href=\"http://www.san-pepelone.de\">www.san-pepelone.de</a></p>\r\n	<p></p>\r\n  Gesetzliche Informationen:</br>\r\n  Feriendorf und Surfschule Pepelow GmbH * Sandweg 1 * Sitz der Gesellschaft: 18233 Pepelow * Eingetragen beim Amtsgericht Rostock, HRB 8386</br>\r\n   Geschäftsführer: Olaf Winkelmann</br></span>\r\n</body>\r\n</html>',0,3,'2024-02-18 20:13:04.181728','2024-02-18 20:13:04.181770',NULL,NULL,NULL,1,'',NULL,NULL,NULL),(95,'test@san-pepelone.de','john@marine.media','','','Reiseinfos aus San Pepelone - Nicht-Uni','','<!DOCTYPE html>\r\n<html lang=\"de\">\r\n<head>\r\n    <meta charset=\"UTF-8\">\r\n    <meta name=\"viewport\" content=\"width=device-width, initial-scale=1.0\">\r\n    <title>Informationen zur bevorstehenden Reise</title>\r\n</head>\r\n<body>\r\n    <p>Hallo Nadine,</p>\r\n\r\n    <p>Bald ist es wieder so weit und bei Euch steigt vielleicht bereits das \"Reisefieber\".</p>\r\n\r\n    <p>Für deine Planung und Organisation erhältst Du im Anhang:</p>\r\n\r\n    <ol>\r\n        <li>Die Antworten auf die häufigsten Fragen von Lehrpersonen / Gruppenbetreuungspersonen.</li>\r\n        <li>Vorlage Teilnehmerliste (bitte <span style=\"text-decoration: underline;\">vor</span> der Reise per E-Mail zusenden), um den schnellen Ablauf vor Ort zu organisieren.</li>\r\n        <li>Die aktuellen Reiseinformationen für Lehrpersonen, Schüler:innen und Eltern.</li>\r\n        <li>Unsere Hausordnung, die von jedem(r) Schüler:in unterschrieben am Anreisetag mitgebracht werden muss.</li>\r\n        <li>Elternbrief und Teilnahmebedingung Kletterfelsen (falls ihr plant, diese Sportaktivität zu nutzen).</li>\r\n        <li></li>\r\n    </ol>\r\n\r\n    <p>Für <strong><span style=\"color: #993300;\">unsere Planung</span></strong> bitte den nachfolgenden Link bis spätestens zum <span style=\"color: #993300;\"><strong>7. April 2024</strong></span> anklicken und die entsprechenden Felder ausfüllen bzw. überprüfen:</p>\r\n\r\n    <b><a href=\"http://192.168.188.26:8000/update_record/acb47326-cebe-4764-9a18-e15cb662c523\">Link zur Rückmeldung</a><br>\r\n    Login: john@marine.media<br>\r\n    Passwort: 16<br></b>\r\n\r\n    <p>(Falls der Link nicht anzuklicken geht, diesen kopieren und im Browser einfügen.)</p>\r\n\r\n    <p>Erst ca. <span style=\"color: #993300;\">4 Tage vor Fahrtbeginn </span>wird Christer die Belegung/Zimmerverteilung zumailen. Aus organisatorischen Gründen geht es nicht eher.</p>\r\n\r\n    <p>Bei weiteren Fragen stehe ich Dir gern zur Verfügung.</p>\r\n\r\n    <p>Herzliche Grüße aus San Pepelone</p>\r\n    <p>Swetlana</p>\r\n\r\n    <hr>\r\n \r\n <span style=\"font-size: 12px;\">\r\n    i. A. Swetlana Abraham</br>\r\n    Assistenz Resortmanagement</br>\r\n   	Feriendorf & Surfschule Pepelow GmbH</br>\r\n    Mobil: 0173 385 44 85</br>\r\n    E-Mail: < a mailto=\"swetlana@san-pepelone.de\"></a></br>\r\n    Homepage: <a href=\"http://www.san-pepelone.de\">www.san-pepelone.de</a></br>\r\n	<p></p>\r\n  Gesetzliche Informationen:</br>\r\n  Feriendorf und Surfschule Pepelow GmbH * Sandweg 1 * Sitz der Gesellschaft: 18233 Pepelow * Eingetragen beim Amtsgericht Rostock, HRB 8386</br>\r\n   Geschäftsführer: Olaf Winkelmann</br></span>\r\n</body>\r\n</html>',0,3,'2024-02-18 20:16:21.917385','2024-02-18 20:16:21.917418',NULL,NULL,NULL,1,'',NULL,NULL,NULL),(96,'test@san-pepelone.de','john@marine.media','','','Reiseinfos aus San Pepelone - Nicht-Uni','','<!DOCTYPE html>\r\n<html lang=\"de\">\r\n<head>\r\n    <meta charset=\"UTF-8\">\r\n    <meta name=\"viewport\" content=\"width=device-width, initial-scale=1.0\">\r\n    <title>Informationen zur bevorstehenden Reise</title>\r\n</head>\r\n<body>\r\n    <p>Hallo Nadine,</p>\r\n\r\n    <p>Bald ist es wieder so weit und bei Euch steigt vielleicht bereits das \"Reisefieber\".</p>\r\n\r\n    <p>Für deine Planung und Organisation erhältst Du im Anhang:</p>\r\n\r\n    <ol>\r\n        <li>Die Antworten auf die häufigsten Fragen von Lehrpersonen / Gruppenbetreuungspersonen.</li>\r\n        <li>Vorlage Teilnehmerliste (bitte <span style=\"text-decoration: underline;\">vor</span> der Reise per E-Mail zusenden), um den schnellen Ablauf vor Ort zu organisieren.</li>\r\n        <li>Die aktuellen Reiseinformationen für Lehrpersonen, Schüler:innen und Eltern.</li>\r\n        <li>Unsere Hausordnung, die von jedem(r) Schüler:in unterschrieben am Anreisetag mitgebracht werden muss.</li>\r\n        <li>Elternbrief und Teilnahmebedingung Kletterfelsen (falls ihr plant, diese Sportaktivität zu nutzen).</li>\r\n        <li></li>\r\n    </ol>\r\n\r\n    <p>Für <strong><span style=\"color: #993300;\">unsere Planung</span></strong> bitte den nachfolgenden Link bis spätestens zum <span style=\"color: #993300;\"><strong>7. April 2024</strong></span> anklicken und die entsprechenden Felder ausfüllen bzw. überprüfen:</p>\r\n\r\n    <b><a href=\"http://192.168.188.26:8000/update_record/acb47326-cebe-4764-9a18-e15cb662c523\">Link zur Rückmeldung</a><br>\r\n    Login: john@marine.media<br>\r\n    Passwort: 16<br></b>\r\n\r\n    <p>(Falls der Link nicht anzuklicken geht, diesen kopieren und im Browser einfügen.)</p>\r\n\r\n    <p>Erst ca. <span style=\"color: #993300;\">4 Tage vor Fahrtbeginn </span>wird Christer die Belegung/Zimmerverteilung zumailen. Aus organisatorischen Gründen geht es nicht eher.</p>\r\n\r\n    <p>Bei weiteren Fragen stehe ich Dir gern zur Verfügung.</p>\r\n\r\n    <p>Herzliche Grüße aus San Pepelone</p>\r\n    <p>Swetlana</p>\r\n\r\n    <hr>\r\n \r\n <span style=\"font-size: 12px;\">\r\n    i. A. Swetlana Abraham</br>\r\n    Assistenz Resortmanagement</br>\r\n   	Feriendorf & Surfschule Pepelow GmbH</br>\r\n    Mobil: 0173 385 44 85</br>\r\n    E-Mail: < a href=\"mailto:swetlana@san-pepelone.de\"></a></br>\r\n    Homepage: <a href=\"http://www.san-pepelone.de\">www.san-pepelone.de</a></br>\r\n	<p></p>\r\n  Gesetzliche Informationen:</br>\r\n  Feriendorf und Surfschule Pepelow GmbH * Sandweg 1 * Sitz der Gesellschaft: 18233 Pepelow * Eingetragen beim Amtsgericht Rostock, HRB 8386</br>\r\n   Geschäftsführer: Olaf Winkelmann</br></span>\r\n</body>\r\n</html>',0,3,'2024-02-18 20:18:03.913806','2024-02-18 20:18:03.913838',NULL,NULL,NULL,1,'',NULL,NULL,NULL),(97,'test@san-pepelone.de','john@marine.media','','','Reiseinfos aus San Pepelone - Nicht-Uni','','<!DOCTYPE html>\r\n<html lang=\"de\">\r\n<head>\r\n    <meta charset=\"UTF-8\">\r\n    <meta name=\"viewport\" content=\"width=device-width, initial-scale=1.0\">\r\n    <title>Informationen zur bevorstehenden Reise</title>\r\n</head>\r\n<body>\r\n    <p>Hallo Nadine,</p>\r\n\r\n    <p>Bald ist es wieder so weit und bei Euch steigt vielleicht bereits das \"Reisefieber\".</p>\r\n\r\n    <p>Für deine Planung und Organisation erhältst Du im Anhang:</p>\r\n\r\n    <ol>\r\n        <li>Die Antworten auf die häufigsten Fragen von Lehrpersonen / Gruppenbetreuungspersonen.</li>\r\n        <li>Vorlage Teilnehmerliste (bitte <span style=\"text-decoration: underline;\">vor</span> der Reise per E-Mail zusenden), um den schnellen Ablauf vor Ort zu organisieren.</li>\r\n        <li>Die aktuellen Reiseinformationen für Lehrpersonen, Schüler:innen und Eltern.</li>\r\n        <li>Unsere Hausordnung, die von jedem(r) Schüler:in unterschrieben am Anreisetag mitgebracht werden muss.</li>\r\n        <li>Elternbrief und Teilnahmebedingung Kletterfelsen (falls ihr plant, diese Sportaktivität zu nutzen).</li>\r\n        <li></li>\r\n    </ol>\r\n\r\n    <p>Für <strong><span style=\"color: #993300;\">unsere Planung</span></strong> bitte den nachfolgenden Link bis spätestens zum <span style=\"color: #993300;\"><strong>7. April 2024</strong></span> anklicken und die entsprechenden Felder ausfüllen bzw. überprüfen:</p>\r\n\r\n    <b><a href=\"http://192.168.188.26:8000/update_record/acb47326-cebe-4764-9a18-e15cb662c523\">Link zur Rückmeldung</a><br>\r\n    Login: john@marine.media<br>\r\n    Passwort: 16<br></b>\r\n\r\n    <p>(Falls der Link nicht anzuklicken geht, diesen kopieren und im Browser einfügen.)</p>\r\n\r\n    <p>Erst ca. <span style=\"color: #993300;\">4 Tage vor Fahrtbeginn </span>wird Christer die Belegung/Zimmerverteilung zumailen. Aus organisatorischen Gründen geht es nicht eher.</p>\r\n\r\n    <p>Bei weiteren Fragen stehe ich Dir gern zur Verfügung.</p>\r\n\r\n    <p>Herzliche Grüße aus San Pepelone</p>\r\n    <p>Swetlana</p>\r\n\r\n    <hr>\r\n \r\n <span style=\"font-size: 12px;\">\r\n    i. A. Swetlana Abraham</br>\r\n    Assistenz Resortmanagement</br>\r\n   	Feriendorf & Surfschule Pepelow GmbH</br>\r\n    Mobil: 0173 385 44 85</br>\r\n    E-Mail: <a href=\"mailto:swetlana@san-pepelone.de\"></a></br>\r\n    Homepage: <a href=\"http://www.san-pepelone.de\">www.san-pepelone.de</a></br>\r\n	<p></p>\r\n  Gesetzliche Informationen:</br>\r\n  Feriendorf und Surfschule Pepelow GmbH * Sandweg 1 * Sitz der Gesellschaft: 18233 Pepelow * Eingetragen beim Amtsgericht Rostock, HRB 8386</br>\r\n   Geschäftsführer: Olaf Winkelmann</br></span>\r\n</body>\r\n</html>',0,3,'2024-02-18 20:21:13.638087','2024-02-18 20:21:13.638130',NULL,NULL,NULL,1,'',NULL,NULL,NULL),(98,'test@san-pepelone.de','john@marine.media','','','Reiseinfos aus San Pepelone - Nicht-Uni','','<!DOCTYPE html>\r\n<html lang=\"de\">\r\n<head>\r\n    <meta charset=\"UTF-8\">\r\n    <meta name=\"viewport\" content=\"width=device-width, initial-scale=1.0\">\r\n    <title>Informationen zur bevorstehenden Reise</title>\r\n</head>\r\n<body>\r\n    <p>Hallo Nadine,</p>\r\n\r\n    <p>Bald ist es wieder so weit und bei Euch steigt vielleicht bereits das \"Reisefieber\".</p>\r\n\r\n    <p>Für deine Planung und Organisation erhältst Du im Anhang:</p>\r\n\r\n    <ol>\r\n        <li>Die Antworten auf die häufigsten Fragen von Lehrpersonen / Gruppenbetreuungspersonen.</li>\r\n        <li>Vorlage Teilnehmerliste (bitte <span style=\"text-decoration: underline;\">vor</span> der Reise per E-Mail zusenden), um den schnellen Ablauf vor Ort zu organisieren.</li>\r\n        <li>Die aktuellen Reiseinformationen für Lehrpersonen, Schüler:innen und Eltern.</li>\r\n        <li>Unsere Hausordnung, die von jedem(r) Schüler:in unterschrieben am Anreisetag mitgebracht werden muss.</li>\r\n        <li>Elternbrief und Teilnahmebedingung Kletterfelsen (falls ihr plant, diese Sportaktivität zu nutzen).</li>\r\n        <li></li>\r\n    </ol>\r\n\r\n    <p>Für <strong><span style=\"color: #993300;\">unsere Planung</span></strong> bitte den nachfolgenden Link bis spätestens zum <span style=\"color: #993300;\"><strong>7. April 2024</strong></span> anklicken und die entsprechenden Felder ausfüllen bzw. überprüfen:</p>\r\n\r\n    <b><a href=\"http://192.168.188.26:8000/update_record/acb47326-cebe-4764-9a18-e15cb662c523\">Link zur Rückmeldung</a><br>\r\n    Login: john@marine.media<br>\r\n    Passwort: 16<br></b>\r\n\r\n    <p>(Falls der Link nicht anzuklicken geht, diesen kopieren und im Browser einfügen.)</p>\r\n\r\n    <p>Erst ca. <span style=\"color: #993300;\">4 Tage vor Fahrtbeginn </span>wird Christer die Belegung/Zimmerverteilung zumailen. Aus organisatorischen Gründen geht es nicht eher.</p>\r\n\r\n    <p>Bei weiteren Fragen stehe ich Dir gern zur Verfügung.</p>\r\n\r\n    <p>Herzliche Grüße aus San Pepelone</p>\r\n    <p>Swetlana</p>\r\n\r\n    <hr>\r\n \r\n <span style=\"font-size: 12px;\">\r\n    i. A. Swetlana Abraham</br>\r\n    Assistenz Resortmanagement</br>\r\n   	Feriendorf & Surfschule Pepelow GmbH</br>\r\n    Mobil: 0173 385 44 85</br>\r\n    E-Mail: <a href=\"swetlana@san-pepelone.de\"></a></br>\r\n    Homepage: <a href=\"http://www.san-pepelone.de\">www.san-pepelone.de</a></br>\r\n	<p></p>\r\n  Gesetzliche Informationen:</br>\r\n  Feriendorf und Surfschule Pepelow GmbH * Sandweg 1 * Sitz der Gesellschaft: 18233 Pepelow * Eingetragen beim Amtsgericht Rostock, HRB 8386</br>\r\n   Geschäftsführer: Olaf Winkelmann</br></span>\r\n</body>\r\n</html>',0,3,'2024-02-18 20:23:30.471849','2024-02-18 20:23:30.471874',NULL,NULL,NULL,1,'',NULL,NULL,NULL),(99,'test@san-pepelone.de','john@marine.media','','','Reiseinfos aus San Pepelone - Nicht-Uni','','<!DOCTYPE html>\r\n<html lang=\"de\">\r\n<head>\r\n    <meta charset=\"UTF-8\">\r\n    <meta name=\"viewport\" content=\"width=device-width, initial-scale=1.0\">\r\n    <title>Informationen zur bevorstehenden Reise</title>\r\n</head>\r\n<body>\r\n    <p>Hallo Nadine,</p>\r\n\r\n    <p>Bald ist es wieder so weit und bei Euch steigt vielleicht bereits das \"Reisefieber\".</p>\r\n\r\n    <p>Für deine Planung und Organisation erhältst Du im Anhang:</p>\r\n\r\n    <ol>\r\n        <li>Die Antworten auf die häufigsten Fragen von Lehrpersonen / Gruppenbetreuungspersonen.</li>\r\n        <li>Vorlage Teilnehmerliste (bitte <span style=\"text-decoration: underline;\">vor</span> der Reise per E-Mail zusenden), um den schnellen Ablauf vor Ort zu organisieren.</li>\r\n        <li>Die aktuellen Reiseinformationen für Lehrpersonen, Schüler:innen und Eltern.</li>\r\n        <li>Unsere Hausordnung, die von jedem(r) Schüler:in unterschrieben am Anreisetag mitgebracht werden muss.</li>\r\n        <li>Elternbrief und Teilnahmebedingung Kletterfelsen (falls ihr plant, diese Sportaktivität zu nutzen).</li>\r\n        \r\n    </ol>\r\n\r\n    <p>Für <strong><span style=\"color: #993300;\">unsere Planung</span></strong> bitte den nachfolgenden Link bis spätestens zum <span style=\"color: #993300;\"><strong>7. April 2024</strong></span> anklicken und die entsprechenden Felder ausfüllen bzw. überprüfen:</p>\r\n\r\n    <b><a href=\"http://192.168.188.26:8000/update_record/acb47326-cebe-4764-9a18-e15cb662c523\">Link zur Rückmeldung</a><br>\r\n    Login: john@marine.media<br>\r\n    Passwort: 16<br></b>\r\n\r\n    <p>(Falls der Link nicht anzuklicken geht, diesen kopieren und im Browser einfügen.)</p>\r\n\r\n    <p>Erst ca. <span style=\"color: #993300;\">4 Tage vor Fahrtbeginn </span>wird Christer die Belegung/Zimmerverteilung zumailen. Aus organisatorischen Gründen geht es nicht eher.</p>\r\n\r\n    <p>Bei weiteren Fragen stehe ich Dir gern zur Verfügung.</p>\r\n\r\n    <p>Herzliche Grüße aus San Pepelone</p>\r\n    <p>Swetlana</p>\r\n\r\n    <hr>\r\n \r\n <span style=\"font-size: 12px;\">\r\n    i. A. Swetlana Abraham</br>\r\n    Assistenz Resortmanagement</br>\r\n   	Feriendorf & Surfschule Pepelow GmbH</br>\r\n    Mobil: 0173 385 44 85</br>\r\n    E-Mail: <a href=\"swetlana@san-pepelone.de\"></a></br>\r\n    Homepage: <a href=\"http://www.san-pepelone.de\">www.san-pepelone.de</a></br>\r\n	<p></p>\r\n  Gesetzliche Informationen:</br>\r\n  Feriendorf und Surfschule Pepelow GmbH * Sandweg 1 * Sitz der Gesellschaft: 18233 Pepelow * Eingetragen beim Amtsgericht Rostock, HRB 8386</br>\r\n   Geschäftsführer: Olaf Winkelmann</br></span>\r\n</body>\r\n</html>',0,3,'2024-02-18 20:33:34.532283','2024-02-18 20:33:34.532303',NULL,NULL,NULL,1,'',NULL,NULL,NULL),(100,'test@san-pepelone.de','john@marine.media','','','Reiseinfos aus San Pepelone - Nicht-Uni','','<!DOCTYPE html>\r\n<html lang=\"de\">\r\n<head>\r\n    <meta charset=\"UTF-8\">\r\n    <meta name=\"viewport\" content=\"width=device-width, initial-scale=1.0\">\r\n    <title>Informationen zur bevorstehenden Reise</title>\r\n</head>\r\n<body>\r\n    <p>Hallo Nadine,</p>\r\n\r\n    <p>Bald ist es wieder so weit und bei Euch steigt vielleicht bereits das \"Reisefieber\".</p>\r\n\r\n    <p>Für deine Planung und Organisation erhältst Du im Anhang:</p>\r\n\r\n    <ol>\r\n        <li>Die Antworten auf die häufigsten Fragen von Lehrpersonen / Gruppenbetreuungspersonen.</li>\r\n        <li>Vorlage Teilnehmerliste (bitte <span style=\"text-decoration: underline;\">vor</span> der Reise per E-Mail zusenden), um den schnellen Ablauf vor Ort zu organisieren.</li>\r\n        <li>Die aktuellen Reiseinformationen für Lehrpersonen, Schüler:innen und Eltern.</li>\r\n        <li>Unsere Hausordnung, die von jedem(r) Schüler:in unterschrieben am Anreisetag mitgebracht werden muss.</li>\r\n        <li>Elternbrief und Teilnahmebedingung Kletterfelsen (falls ihr plant, diese Sportaktivität zu nutzen).</li>\r\n        \r\n    </ol>\r\n\r\n    <p>Für <strong><span style=\"color: #993300;\">unsere Planung</span></strong> bitte den nachfolgenden Link bis spätestens zum <span style=\"color: #993300;\"><strong>7. April 2024</strong></span> anklicken und die entsprechenden Felder ausfüllen bzw. überprüfen:</p>\r\n\r\n    <b><a href=\"http://192.168.188.26:8000/update_record/acb47326-cebe-4764-9a18-e15cb662c523\">Link zur Rückmeldung</a><br>\r\n    Login: john@marine.media<br>\r\n    Passwort: 16<br></b>\r\n\r\n    <p>(Falls der Link nicht anzuklicken geht, diesen kopieren und im Browser einfügen.)</p>\r\n\r\n    <p>Erst ca. <span style=\"color: #993300;\">4 Tage vor Fahrtbeginn </span>wird Christer die Belegung/Zimmerverteilung zumailen. Aus organisatorischen Gründen geht es nicht eher.</p>\r\n\r\n    <p>Bei weiteren Fragen stehe ich Dir gern zur Verfügung.</p>\r\n\r\n    <p>Herzliche Grüße aus San Pepelone</p>\r\n    <p>Swetlana</p>\r\n\r\n    <hr>\r\n \r\n <span style=\"font-size: 12px;\">\r\n    i. A. Swetlana Abraham</br>\r\n    Assistenz Resortmanagement</br>\r\n   	Feriendorf & Surfschule Pepelow GmbH</br>\r\n    Mobil: 0173 385 44 85</br>\r\n    E-Mail: <a href=\"swetlana@san-pepelone.de\"></a></br>\r\n    Homepage: <a href=\"http://www.san-pepelone.de\">www.san-pepelone.de</a></br>\r\n	<p></p>\r\n  Gesetzliche Informationen:</br>\r\n  Feriendorf und Surfschule Pepelow GmbH * Sandweg 1 * Sitz der Gesellschaft: 18233 Pepelow * Eingetragen beim Amtsgericht Rostock, HRB 8386</br>\r\n   Geschäftsführer: Olaf Winkelmann</br></span>\r\n</body>\r\n</html>',0,3,'2024-02-18 20:35:11.387366','2024-02-18 20:35:11.387382',NULL,NULL,NULL,1,'',NULL,NULL,NULL),(101,'test@san-pepelone.de','john@marine.media','','','Reiseinfos aus San Pepelone - Nicht-Uni','','<!DOCTYPE html>\r\n<html lang=\"de\">\r\n<head>\r\n    <meta charset=\"UTF-8\">\r\n    <meta name=\"viewport\" content=\"width=device-width, initial-scale=1.0\">\r\n    <title>Informationen zur bevorstehenden Reise</title>\r\n</head>\r\n<body>\r\n    <p>Hallo Anne,</p>\r\n\r\n    <p>Bald ist es wieder so weit und bei Euch steigt vielleicht bereits das \"Reisefieber\".</p>\r\n\r\n    <p>Für deine Planung und Organisation erhältst Du im Anhang:</p>\r\n\r\n    <ol>\r\n        <li>Die Antworten auf die häufigsten Fragen von Lehrpersonen / Gruppenbetreuungspersonen.</li>\r\n        <li>Vorlage Teilnehmerliste (bitte <span style=\"text-decoration: underline;\">vor</span> der Reise per E-Mail zusenden), um den schnellen Ablauf vor Ort zu organisieren.</li>\r\n        <li>Die aktuellen Reiseinformationen für Lehrpersonen, Schüler:innen und Eltern.</li>\r\n        <li>Unsere Hausordnung, die von jedem(r) Schüler:in unterschrieben am Anreisetag mitgebracht werden muss.</li>\r\n        <li>Elternbrief und Teilnahmebedingung Kletterfelsen (falls ihr plant, diese Sportaktivität zu nutzen).</li>\r\n        \r\n    </ol>\r\n\r\n    <p>Für <strong><span style=\"color: #993300;\">unsere Planung</span></strong> bitte den nachfolgenden Link bis spätestens zum <span style=\"color: #993300;\"><strong>10. März 2024</strong></span> anklicken und die entsprechenden Felder ausfüllen bzw. überprüfen:</p>\r\n\r\n    <b><a href=\"http://192.168.188.26:8000/update_record/e7a29f59-6ab3-454d-a019-efcd1725a5d6\">Link zur Rückmeldung</a><br>\r\n    Login: john@marine.media<br>\r\n    Passwort: 19<br></b>\r\n\r\n    <p>(Falls der Link nicht anzuklicken geht, diesen kopieren und im Browser einfügen.)</p>\r\n\r\n    <p>Erst ca. <span style=\"color: #993300;\">4 Tage vor Fahrtbeginn </span>wird Christer die Belegung/Zimmerverteilung zumailen. Aus organisatorischen Gründen geht es nicht eher.</p>\r\n\r\n    <p>Bei weiteren Fragen stehe ich Dir gern zur Verfügung.</p>\r\n\r\n    <p>Herzliche Grüße aus San Pepelone</p>\r\n    <p>Swetlana</p>\r\n\r\n    <hr>\r\n \r\n <span style=\"font-size: 12px;\">\r\n    i. A. Swetlana Abraham</br>\r\n    Assistenz Resortmanagement</br>\r\n   	Feriendorf & Surfschule Pepelow GmbH</br>\r\n    Mobil: 0173 385 44 85</br>\r\n    E-Mail: <a href=\"swetlana@san-pepelone.de\"></a></br>\r\n    Homepage: <a href=\"http://www.san-pepelone.de\">www.san-pepelone.de</a></br>\r\n	<p></p>\r\n  Gesetzliche Informationen:</br>\r\n  Feriendorf und Surfschule Pepelow GmbH * Sandweg 1 * Sitz der Gesellschaft: 18233 Pepelow * Eingetragen beim Amtsgericht Rostock, HRB 8386</br>\r\n   Geschäftsführer: Olaf Winkelmann</br></span>\r\n</body>\r\n</html>',0,3,'2024-02-18 20:35:36.586840','2024-02-18 20:35:36.586868',NULL,NULL,NULL,1,'',NULL,NULL,NULL),(102,'test@san-pepelone.de','john@marine.media','','','Reiseinfos aus San Pepelone - Nicht-Uni','','<!DOCTYPE html>\r\n<html lang=\"de\">\r\n<head>\r\n    <meta charset=\"UTF-8\">\r\n    <meta name=\"viewport\" content=\"width=device-width, initial-scale=1.0\">\r\n    <title>Informationen zur bevorstehenden Reise</title>\r\n</head>\r\n<body>\r\n    <p>Hallo Anne,</p>\r\n\r\n    <p>Bald ist es wieder so weit und bei Euch steigt vielleicht bereits das \"Reisefieber\".</p>\r\n\r\n    <p>Für deine Planung und Organisation erhältst Du im Anhang:</p>\r\n\r\n    <ol>\r\n        <li>Die Antworten auf die häufigsten Fragen von Lehrpersonen / Gruppenbetreuungspersonen.</li>\r\n        <li>Vorlage Teilnehmerliste (bitte <span style=\"text-decoration: underline;\">vor</span> der Reise per E-Mail zusenden), um den schnellen Ablauf vor Ort zu organisieren.</li>\r\n        <li>Die aktuellen Reiseinformationen für Lehrpersonen, Schüler:innen und Eltern.</li>\r\n        <li>Unsere Hausordnung, die von jedem(r) Schüler:in unterschrieben am Anreisetag mitgebracht werden muss.</li>\r\n        <li>Elternbrief und Teilnahmebedingung Kletterfelsen (falls ihr plant, diese Sportaktivität zu nutzen).</li>\r\n        \r\n    </ol>\r\n\r\n    <p>Für <strong><span style=\"color: #993300;\">unsere Planung</span></strong> bitte den nachfolgenden Link bis spätestens zum <span style=\"color: #993300;\"><strong>10. März 2024</strong></span> anklicken und die entsprechenden Felder ausfüllen bzw. überprüfen:</p>\r\n\r\n    <b><a href=\"http://192.168.188.26:8000/update_record/e7a29f59-6ab3-454d-a019-efcd1725a5d6\">Link zur Rückmeldung</a><br>\r\n    Login: john@marine.media<br>\r\n    Passwort: 19<br></b>\r\n\r\n    <p>(Falls der Link nicht anzuklicken geht, diesen kopieren und im Browser einfügen.)</p>\r\n\r\n    <p>Erst ca. <span style=\"color: #993300;\">4 Tage vor Fahrtbeginn </span>wird Christer die Belegung/Zimmerverteilung zumailen. Aus organisatorischen Gründen geht es nicht eher.</p>\r\n\r\n    <p>Bei weiteren Fragen stehe ich Dir gern zur Verfügung.</p>\r\n\r\n    <p>Herzliche Grüße aus San Pepelone</p>\r\n    <p>Swetlana</p>\r\n\r\n    <hr>\r\n \r\n <span style=\"font-size: 12px;\">\r\n    i. A. Swetlana Abraham</br>\r\n    Assistenz Resortmanagement</br>\r\n   	Feriendorf & Surfschule Pepelow GmbH</br>\r\n    Mobil: 0173 385 44 85</br>\r\n    E-Mail: <a href=\"swetlana@san-pepelone.de\"></a></br>\r\n    Homepage: <a href=\"http://www.san-pepelone.de\">www.san-pepelone.de</a></br>\r\n	<p></p>\r\n  Gesetzliche Informationen:</br>\r\n  Feriendorf und Surfschule Pepelow GmbH * Sandweg 1 * Sitz der Gesellschaft: 18233 Pepelow * Eingetragen beim Amtsgericht Rostock, HRB 8386</br>\r\n   Geschäftsführer: Olaf Winkelmann</br></span>\r\n</body>\r\n</html>',0,3,'2024-02-18 20:37:15.613598','2024-02-18 20:37:15.613613',NULL,NULL,NULL,1,'',NULL,NULL,NULL),(103,'test@san-pepelone.de','john@marine.media','','','Reiseinfos aus San Pepelone - Nicht-Uni','','<!DOCTYPE html>\r\n<html lang=\"de\">\r\n<head>\r\n    <meta charset=\"UTF-8\">\r\n    <meta name=\"viewport\" content=\"width=device-width, initial-scale=1.0\">\r\n    <title>Informationen zur bevorstehenden Reise</title>\r\n</head>\r\n<body>\r\n    <p>Hallo Anne,</p>\r\n\r\n    <p>Bald ist es wieder so weit und bei Euch steigt vielleicht bereits das \"Reisefieber\".</p>\r\n\r\n    <p>Für deine Planung und Organisation erhältst Du im Anhang:</p>\r\n\r\n    <ol>\r\n        <li>Die Antworten auf die häufigsten Fragen von Lehrpersonen / Gruppenbetreuungspersonen.</li>\r\n        <li>Vorlage Teilnehmerliste (bitte <span style=\"text-decoration: underline;\">vor</span> der Reise per E-Mail zusenden), um den schnellen Ablauf vor Ort zu organisieren.</li>\r\n        <li>Die aktuellen Reiseinformationen für Lehrpersonen, Schüler:innen und Eltern.</li>\r\n        <li>Unsere Hausordnung, die von jedem(r) Schüler:in unterschrieben am Anreisetag mitgebracht werden muss.</li>\r\n        <li>Elternbrief und Teilnahmebedingung Kletterfelsen (falls ihr plant, diese Sportaktivität zu nutzen).</li>\r\n        \r\n    </ol>\r\n\r\n    <p>Für <strong><span style=\"color: #993300;\">unsere Planung</span></strong> bitte den nachfolgenden Link bis spätestens zum <span style=\"color: #993300;\"><strong>10. März 2024</strong></span> anklicken und die entsprechenden Felder ausfüllen bzw. überprüfen:</p>\r\n\r\n    <b><a href=\"http://192.168.188.26:8000/update_record/e7a29f59-6ab3-454d-a019-efcd1725a5d6\">Link zur Rückmeldung</a><br>\r\n    Login: john@marine.media<br>\r\n    Passwort: 19<br></b>\r\n\r\n    <p>(Falls der Link nicht anzuklicken geht, diesen kopieren und im Browser einfügen.)</p>\r\n\r\n    <p>Erst ca. <span style=\"color: #993300;\">4 Tage vor Fahrtbeginn </span>wird Christer die Belegung/Zimmerverteilung zumailen. Aus organisatorischen Gründen geht es nicht eher.</p>\r\n\r\n    <p>Bei weiteren Fragen stehe ich Dir gern zur Verfügung.</p>\r\n\r\n    <p>Herzliche Grüße aus San Pepelone</p>\r\n    <p>Swetlana</p>\r\n\r\n    <hr>\r\n \r\n <span style=\"font-size: 12px;\">\r\n    i. A. Swetlana Abraham</br>\r\n    Assistenz Resortmanagement</br>\r\n   	Feriendorf & Surfschule Pepelow GmbH</br>\r\n    Mobil: 0173 385 44 85</br>\r\n    E-Mail: <a href=\"swetlana@san-pepelone.de\"></a></br>\r\n    Homepage: <a href=\"http://www.san-pepelone.de\">www.san-pepelone.de</a></br>\r\n	<p></p>\r\n  Gesetzliche Informationen:</br>\r\n  Feriendorf und Surfschule Pepelow GmbH * Sandweg 1 * Sitz der Gesellschaft: 18233 Pepelow * Eingetragen beim Amtsgericht Rostock, HRB 8386</br>\r\n   Geschäftsführer: Olaf Winkelmann</br></span>\r\n</body>\r\n</html>',0,3,'2024-02-18 20:38:35.081172','2024-02-18 20:38:35.081187',NULL,NULL,NULL,1,'',NULL,NULL,NULL),(104,'test@san-pepelone.de','carsten@navisense.de','','','Reiseinfos aus San Pepelone - Nicht-Uni','','<!DOCTYPE html>\r\n<html lang=\"de\">\r\n<head>\r\n    <meta charset=\"UTF-8\">\r\n    <meta name=\"viewport\" content=\"width=device-width, initial-scale=1.0\">\r\n    <title>Informationen zur bevorstehenden Reise</title>\r\n</head>\r\n<body>\r\n    <p>Hallo Manfred,</p>\r\n\r\n    <p>Bald ist es wieder so weit und bei Euch steigt vielleicht bereits das \"Reisefieber\".</p>\r\n\r\n    <p>Für deine Planung und Organisation erhältst Du im Anhang:</p>\r\n\r\n    <ol>\r\n        <li>Die Antworten auf die häufigsten Fragen von Lehrpersonen / Gruppenbetreuungspersonen.</li>\r\n        <li>Vorlage Teilnehmerliste (bitte <span style=\"text-decoration: underline;\">vor</span> der Reise per E-Mail zusenden), um den schnellen Ablauf vor Ort zu organisieren.</li>\r\n        <li>Die aktuellen Reiseinformationen für Lehrpersonen, Schüler:innen und Eltern.</li>\r\n        <li>Unsere Hausordnung, die von jedem(r) Schüler:in unterschrieben am Anreisetag mitgebracht werden muss.</li>\r\n        <li>Elternbrief und Teilnahmebedingung Kletterfelsen (falls ihr plant, diese Sportaktivität zu nutzen).</li>\r\n        \r\n    </ol>\r\n\r\n    <p>Für <strong><span style=\"color: #993300;\">unsere Planung</span></strong> bitte den nachfolgenden Link bis spätestens zum <span style=\"color: #993300;\"><strong>24. Februar 2024</strong></span> anklicken und die entsprechenden Felder ausfüllen bzw. überprüfen:</p>\r\n\r\n    <b><a href=\"http://192.168.188.26:8000/update_record/ada3b4c5-e8ff-4406-b4c1-ae8f1a6c6bc8\">Link zur Rückmeldung</a><br>\r\n    Login: carsten@navisense.de<br>\r\n    Passwort: 20<br></b>\r\n\r\n    <p>(Falls der Link nicht anzuklicken geht, diesen kopieren und im Browser einfügen.)</p>\r\n\r\n    <p>Erst ca. <span style=\"color: #993300;\">4 Tage vor Fahrtbeginn </span>wird Christer die Belegung/Zimmerverteilung zumailen. Aus organisatorischen Gründen geht es nicht eher.</p>\r\n\r\n    <p>Bei weiteren Fragen stehe ich Dir gern zur Verfügung.</p>\r\n\r\n    <p>Herzliche Grüße aus San Pepelone</p>\r\n    <p>Swetlana</p>\r\n\r\n    <hr>\r\n \r\n <span style=\"font-size: 12px;\">\r\n    i. A. Swetlana Abraham</br>\r\n    Assistenz Resortmanagement</br>\r\n   	Feriendorf & Surfschule Pepelow GmbH</br>\r\n    Mobil: 0173 385 44 85</br>\r\n    E-Mail: <a href=\"swetlana@san-pepelone.de\"></a></br>\r\n    Homepage: <a href=\"http://www.san-pepelone.de\">www.san-pepelone.de</a></br>\r\n	<p></p>\r\n  Gesetzliche Informationen:</br>\r\n  Feriendorf und Surfschule Pepelow GmbH * Sandweg 1 * Sitz der Gesellschaft: 18233 Pepelow * Eingetragen beim Amtsgericht Rostock, HRB 8386</br>\r\n   Geschäftsführer: Olaf Winkelmann</br></span>\r\n</body>\r\n</html>',0,3,'2024-02-19 13:52:03.955484','2024-02-19 13:52:03.955502',NULL,NULL,NULL,1,'',NULL,NULL,NULL),(105,'test@san-pepelone.de','john@marine.media','','','Reiseinfos aus San Pepelone - Nicht-Uni','','<!DOCTYPE html>\r\n<html lang=\"de\">\r\n<head>\r\n    <meta charset=\"UTF-8\">\r\n    <meta name=\"viewport\" content=\"width=device-width, initial-scale=1.0\">\r\n    <title>Informationen zur bevorstehenden Reise</title>\r\n</head>\r\n<body>\r\n    <p>Hallo Alex,</p>\r\n\r\n    <p>Bald ist es wieder so weit und bei Euch steigt vielleicht bereits das \"Reisefieber\".</p>\r\n\r\n    <p>Für deine Planung und Organisation erhältst Du im Anhang:</p>\r\n\r\n    <ol>\r\n        <li>Die Antworten auf die häufigsten Fragen von Lehrpersonen / Gruppenbetreuungspersonen.</li>\r\n        <li>Vorlage Teilnehmerliste (bitte <span style=\"text-decoration: underline;\">vor</span> der Reise per E-Mail zusenden), um den schnellen Ablauf vor Ort zu organisieren.</li>\r\n        <li>Die aktuellen Reiseinformationen für Lehrpersonen, Schüler:innen und Eltern.</li>\r\n        <li>Unsere Hausordnung, die von jedem(r) Schüler:in unterschrieben am Anreisetag mitgebracht werden muss.</li>\r\n        <li>Elternbrief und Teilnahmebedingung Kletterfelsen (falls ihr plant, diese Sportaktivität zu nutzen).</li>\r\n        \r\n    </ol>\r\n\r\n    <p>Für <strong><span style=\"color: #993300;\">unsere Planung</span></strong> bitte den nachfolgenden Link bis spätestens zum <span style=\"color: #993300;\"><strong>16. Februar 2024</strong></span> anklicken und die entsprechenden Felder ausfüllen bzw. überprüfen:</p>\r\n\r\n    <b><a href=\"http://192.168.188.26:8000/update_record/de20a1f8-2c0c-45a2-a417-2bc63cad149f\">Link zur Rückmeldung</a><br>\r\n    Login: john@marine.media<br>\r\n    Passwort: 24<br></b>\r\n\r\n    <p>(Falls der Link nicht anzuklicken geht, diesen kopieren und im Browser einfügen.)</p>\r\n\r\n    <p>Erst ca. <span style=\"color: #993300;\">4 Tage vor Fahrtbeginn </span>wird Christer die Belegung/Zimmerverteilung zumailen. Aus organisatorischen Gründen geht es nicht eher.</p>\r\n\r\n    <p>Bei weiteren Fragen stehe ich Dir gern zur Verfügung.</p>\r\n\r\n    <p>Herzliche Grüße aus San Pepelone</p>\r\n    <p>Swetlana</p>\r\n\r\n    <hr>\r\n \r\n <span style=\"font-size: 12px;\">\r\n    i. A. Swetlana Abraham</br>\r\n    Assistenz Resortmanagement</br>\r\n   	Feriendorf & Surfschule Pepelow GmbH</br>\r\n    Mobil: 0173 385 44 85</br>\r\n    E-Mail: <a href=\"swetlana@san-pepelone.de\"></a></br>\r\n    Homepage: <a href=\"http://www.san-pepelone.de\">www.san-pepelone.de</a></br>\r\n	<p></p>\r\n  Gesetzliche Informationen:</br>\r\n  Feriendorf und Surfschule Pepelow GmbH * Sandweg 1 * Sitz der Gesellschaft: 18233 Pepelow * Eingetragen beim Amtsgericht Rostock, HRB 8386</br>\r\n   Geschäftsführer: Olaf Winkelmann</br></span>\r\n</body>\r\n</html>',0,3,'2024-02-19 14:01:15.274524','2024-02-19 14:01:15.274539',NULL,NULL,NULL,1,'',NULL,NULL,NULL),(106,'test@san-pepelone.de','john@marine.media','','','Reiseinfos aus San Pepelone - Nicht-Uni','','<!DOCTYPE html>\r\n<html lang=\"de\">\r\n<head>\r\n    <meta charset=\"UTF-8\">\r\n    <meta name=\"viewport\" content=\"width=device-width, initial-scale=1.0\">\r\n    <title>Informationen zur bevorstehenden Reise</title>\r\n</head>\r\n<body>\r\n    <p>Hallo Alex,</p>\r\n\r\n    <p>Bald ist es wieder so weit und bei Euch steigt vielleicht bereits das \"Reisefieber\".</p>\r\n\r\n    <p>Für deine Planung und Organisation erhältst Du im Anhang:</p>\r\n\r\n    <ol>\r\n        <li>Die Antworten auf die häufigsten Fragen von Lehrpersonen / Gruppenbetreuungspersonen.</li>\r\n        <li>Vorlage Teilnehmerliste (bitte <span style=\"text-decoration: underline;\">vor</span> der Reise per E-Mail zusenden), um den schnellen Ablauf vor Ort zu organisieren.</li>\r\n        <li>Die aktuellen Reiseinformationen für Lehrpersonen, Schüler:innen und Eltern.</li>\r\n        <li>Unsere Hausordnung, die von jedem(r) Schüler:in unterschrieben am Anreisetag mitgebracht werden muss.</li>\r\n        <li>Elternbrief und Teilnahmebedingung Kletterfelsen (falls ihr plant, diese Sportaktivität zu nutzen).</li>\r\n        \r\n    </ol>\r\n\r\n    <p>Für <strong><span style=\"color: #993300;\">unsere Planung</span></strong> bitte den nachfolgenden Link bis spätestens zum <span style=\"color: #993300;\"><strong>16. Februar 2024</strong></span> anklicken und die entsprechenden Felder ausfüllen bzw. überprüfen:</p>\r\n\r\n    <b><a href=\"http://192.168.188.26:8000/update_record/de20a1f8-2c0c-45a2-a417-2bc63cad149f\">Link zur Rückmeldung</a><br>\r\n    Login: john@marine.media<br>\r\n    Passwort: 24<br></b>\r\n\r\n    <p>(Falls der Link nicht anzuklicken geht, diesen kopieren und im Browser einfügen.)</p>\r\n\r\n    <p>Erst ca. <span style=\"color: #993300;\">4 Tage vor Fahrtbeginn </span>wird Christer die Belegung/Zimmerverteilung zumailen. Aus organisatorischen Gründen geht es nicht eher.</p>\r\n\r\n    <p>Bei weiteren Fragen stehe ich Dir gern zur Verfügung.</p>\r\n\r\n    <p>Herzliche Grüße aus San Pepelone</p>\r\n    <p>Swetlana</p>\r\n\r\n    <hr>\r\n \r\n <span style=\"font-size: 12px;\">\r\n    i. A. Swetlana Abraham</br>\r\n    Assistenz Resortmanagement</br>\r\n   	Feriendorf & Surfschule Pepelow GmbH</br>\r\n    Mobil: 0173 385 44 85</br>\r\n    E-Mail: <a href=\"swetlana@san-pepelone.de\"></a></br>\r\n    Homepage: <a href=\"http://www.san-pepelone.de\">www.san-pepelone.de</a></br>\r\n	<p></p>\r\n  Gesetzliche Informationen:</br>\r\n  Feriendorf und Surfschule Pepelow GmbH * Sandweg 1 * Sitz der Gesellschaft: 18233 Pepelow * Eingetragen beim Amtsgericht Rostock, HRB 8386</br>\r\n   Geschäftsführer: Olaf Winkelmann</br></span>\r\n</body>\r\n</html>',0,3,'2024-02-19 14:03:24.324778','2024-02-19 14:03:24.324798',NULL,NULL,NULL,1,'',NULL,NULL,NULL),(107,'test@san-pepelone.de','john@marine.media','','','Reiseinfos aus San Pepelone - Nicht-Uni','','<!DOCTYPE html>\r\n<html lang=\"de\">\r\n<head>\r\n    <meta charset=\"UTF-8\">\r\n    <meta name=\"viewport\" content=\"width=device-width, initial-scale=1.0\">\r\n    <title>Informationen zur bevorstehenden Reise</title>\r\n</head>\r\n<body>\r\n    <p>Hallo Alex,</p>\r\n\r\n    <p>Bald ist es wieder so weit und bei Euch steigt vielleicht bereits das \"Reisefieber\".</p>\r\n\r\n    <p>Für deine Planung und Organisation erhältst Du im Anhang:</p>\r\n\r\n    <ol>\r\n        <li>Die Antworten auf die häufigsten Fragen von Lehrpersonen / Gruppenbetreuungspersonen.</li>\r\n        <li>Vorlage Teilnehmerliste (bitte <span style=\"text-decoration: underline;\">vor</span> der Reise per E-Mail zusenden), um den schnellen Ablauf vor Ort zu organisieren.</li>\r\n        <li>Die aktuellen Reiseinformationen für Lehrpersonen, Schüler:innen und Eltern.</li>\r\n        <li>Unsere Hausordnung, die von jedem(r) Schüler:in unterschrieben am Anreisetag mitgebracht werden muss.</li>\r\n        <li>Elternbrief und Teilnahmebedingung Kletterfelsen (falls ihr plant, diese Sportaktivität zu nutzen).</li>\r\n        \r\n    </ol>\r\n\r\n    <p>Für <strong><span style=\"color: #993300;\">unsere Planung</span></strong> bitte den nachfolgenden Link bis spätestens zum <span style=\"color: #993300;\"><strong>16. Februar 2024</strong></span> anklicken und die entsprechenden Felder ausfüllen bzw. überprüfen:</p>\r\n\r\n    <b><a href=\"http://192.168.188.26:8000/update_record/de20a1f8-2c0c-45a2-a417-2bc63cad149f\">Link zur Rückmeldung</a><br>\r\n    Login: john@marine.media<br>\r\n    Passwort: 24<br></b>\r\n\r\n    <p>(Falls der Link nicht anzuklicken geht, diesen kopieren und im Browser einfügen.)</p>\r\n\r\n    <p>Erst ca. <span style=\"color: #993300;\">4 Tage vor Fahrtbeginn </span>wird Christer die Belegung/Zimmerverteilung zumailen. Aus organisatorischen Gründen geht es nicht eher.</p>\r\n\r\n    <p>Bei weiteren Fragen stehe ich Dir gern zur Verfügung.</p>\r\n\r\n    <p>Herzliche Grüße aus San Pepelone</p>\r\n    <p>Swetlana</p>\r\n\r\n    <hr>\r\n \r\n <span style=\"font-size: 12px;\">\r\n    i. A. Swetlana Abraham</br>\r\n    Assistenz Resortmanagement</br>\r\n   	Feriendorf & Surfschule Pepelow GmbH</br>\r\n    Mobil: 0173 385 44 85</br>\r\n    E-Mail: <a href=\"swetlana@san-pepelone.de\"></a></br>\r\n    Homepage: <a href=\"http://www.san-pepelone.de\">www.san-pepelone.de</a></br>\r\n	<p></p>\r\n  Gesetzliche Informationen:</br>\r\n  Feriendorf und Surfschule Pepelow GmbH * Sandweg 1 * Sitz der Gesellschaft: 18233 Pepelow * Eingetragen beim Amtsgericht Rostock, HRB 8386</br>\r\n   Geschäftsführer: Olaf Winkelmann</br></span>\r\n</body>\r\n</html>',0,3,'2024-02-19 14:07:23.542949','2024-02-19 14:07:23.542978',NULL,NULL,NULL,1,'',NULL,NULL,NULL),(108,'test@san-pepelone.de','john@marine.media','','','Reiseinfos aus San Pepelone - Nicht-Uni','','<!DOCTYPE html>\r\n<html lang=\"de\">\r\n<head>\r\n    <meta charset=\"UTF-8\">\r\n    <meta name=\"viewport\" content=\"width=device-width, initial-scale=1.0\">\r\n    <title>Informationen zur bevorstehenden Reise</title>\r\n</head>\r\n<body>\r\n    <p>Hallo Alex,</p>\r\n\r\n    <p>Bald ist es wieder so weit und bei Euch steigt vielleicht bereits das \"Reisefieber\".</p>\r\n\r\n    <p>Für deine Planung und Organisation erhältst Du im Anhang:</p>\r\n\r\n    <ol>\r\n        <li>Die Antworten auf die häufigsten Fragen von Lehrpersonen / Gruppenbetreuungspersonen.</li>\r\n        <li>Vorlage Teilnehmerliste (bitte <span style=\"text-decoration: underline;\">vor</span> der Reise per E-Mail zusenden), um den schnellen Ablauf vor Ort zu organisieren.</li>\r\n        <li>Die aktuellen Reiseinformationen für Lehrpersonen, Schüler:innen und Eltern.</li>\r\n        <li>Unsere Hausordnung, die von jedem(r) Schüler:in unterschrieben am Anreisetag mitgebracht werden muss.</li>\r\n        <li>Elternbrief und Teilnahmebedingung Kletterfelsen (falls ihr plant, diese Sportaktivität zu nutzen).</li>\r\n         6. Busauftrag\r\n    </ol>\r\n\r\n    <p>Für <strong><span style=\"color: #993300;\">unsere Planung</span></strong> bitte den nachfolgenden Link bis spätestens zum <span style=\"color: #993300;\"><strong>16. Februar 2024</strong></span> anklicken und die entsprechenden Felder ausfüllen bzw. überprüfen:</p>\r\n\r\n    <b><a href=\"http://192.168.188.26:8000/update_record/de20a1f8-2c0c-45a2-a417-2bc63cad149f\">Link zur Rückmeldung</a><br>\r\n    Login: john@marine.media<br>\r\n    Passwort: 24<br></b>\r\n\r\n    <p>(Falls der Link nicht anzuklicken geht, diesen kopieren und im Browser einfügen.)</p>\r\n\r\n    <p>Erst ca. <span style=\"color: #993300;\">4 Tage vor Fahrtbeginn </span>wird Christer die Belegung/Zimmerverteilung zumailen. Aus organisatorischen Gründen geht es nicht eher.</p>\r\n\r\n    <p>Bei weiteren Fragen stehe ich Dir gern zur Verfügung.</p>\r\n\r\n    <p>Herzliche Grüße aus San Pepelone</p>\r\n    <p>Swetlana</p>\r\n\r\n    <hr>\r\n \r\n <span style=\"font-size: 12px;\">\r\n    i. A. Swetlana Abraham</br>\r\n    Assistenz Resortmanagement</br>\r\n   	Feriendorf & Surfschule Pepelow GmbH</br>\r\n    Mobil: 0173 385 44 85</br>\r\n    E-Mail: <a href=\"swetlana@san-pepelone.de\"></a></br>\r\n    Homepage: <a href=\"http://www.san-pepelone.de\">www.san-pepelone.de</a></br>\r\n	<p></p>\r\n  Gesetzliche Informationen:</br>\r\n  Feriendorf und Surfschule Pepelow GmbH * Sandweg 1 * Sitz der Gesellschaft: 18233 Pepelow * Eingetragen beim Amtsgericht Rostock, HRB 8386</br>\r\n   Geschäftsführer: Olaf Winkelmann</br></span>\r\n</body>\r\n</html>',0,3,'2024-02-19 14:23:07.235147','2024-02-19 14:23:07.235159',NULL,NULL,NULL,1,'',NULL,NULL,NULL),(109,'test@san-pepelone.de','john@marine.media','','','Reiseinfos aus San Pepelone - Uni','','<!DOCTYPE html>\r\n<html lang=\"de\">\r\n<head>\r\n    <meta charset=\"UTF-8\">\r\n    <meta name=\"viewport\" content=\"width=device-width, initial-scale=1.0\">\r\n    <title>Informationen zur bevorstehenden Reise</title>\r\n</head>\r\n<body>\r\n    <p>Hallo Alex,</p>\r\n\r\n    <p>bald ist es wieder so weit und bei Euch steigt vielleicht bereits das \"Reisefieber\".</p>\r\n\r\n    <p>Für deine Planung und Organisation erhältst Du im Anhang:</p>\r\n\r\n    <ol>\r\n        <li>1.Die Antworten auf die häufigsten Fragen von Lehrpersonen / Gruppenbetreuungspersonen.</li>\r\n        <li>2.Vorlage Teilnehmerliste (bitte vor der Reise per E-Mail zusenden), um den schnellen Ablauf vor Ort zu organisieren.</li>\r\n        <li>3.Die aktuellen Reiseinformationen für Lehrpersonen und Studenten.</li>\r\n        <li>4.Unsere Hausordnung, die von jedem(r) Student:in unterschrieben am Anreisetag mitgebracht werden muss.</li>\r\n        <li>5.Teilnahmebedienung Kletterfelsen (falls ihr plant, diese Sportaktivität zu nutzen).</li>\r\n    </ol>\r\n\r\n    <p>Für unsere Planung bitte den nachfolgenden Link bis spätestens zum <strong>16. Februar 2024</strong> anklicken und die entsprechenden Felder ausfüllen bzw. überprüfen:</p>\r\n\r\n    <b><a href=\"http://192.168.188.26:8000/update_record/de20a1f8-2c0c-45a2-a417-2bc63cad149f\">Link zur Rückmeldung</a><br>\r\n    Login: john@marine.media<br>\r\n    Passwort: 24<br></b>\r\n\r\n    <p>(Falls der Link nicht anzuklicken geht, diesen kopieren und im Browser einfügen.)</p>\r\n\r\n    <p>Erst ca. 4 Tage vor Fahrtbeginn wird Christer die Belegung/Zimmerverteilung zumailen. Aus organisatorischen Gründen geht es nicht eher.</p>\r\n\r\n    <p>Bei weiteren Fragen stehe ich Dir gern zur Verfügung.</p>\r\n\r\n    <p>Herzliche Grüße aus San Pepelone</p>\r\n    <p>Swetlana</p>\r\n\r\n    <hr>\r\n\r\n    <span style=\"font-size: 12px;\">\r\n    i. A. Swetlana Abraham</br>\r\n    Assistenz Resortmanagement</br>\r\n   	Feriendorf & Surfschule Pepelow GmbH</br>\r\n    Mobil: 0173 385 44 85</br>\r\n    E-Mail: <a href=\"swetlana@san-pepelone.de\"></a></br>\r\n    Homepage: <a href=\"http://www.san-pepelone.de\">www.san-pepelone.de</a></br>\r\n	<p></p>\r\n  Gesetzliche Informationen:</br>\r\n  Feriendorf und Surfschule Pepelow GmbH * Sandweg 1 * Sitz der Gesellschaft: 18233 Pepelow * Eingetragen beim Amtsgericht Rostock, HRB 8386</br>\r\n   Geschäftsführer: Olaf Winkelmann</br></span>\r\n</body>\r\n</html>',0,3,'2024-02-19 14:35:16.390856','2024-02-19 14:35:16.390884',NULL,NULL,NULL,2,'',NULL,NULL,NULL),(110,'test@san-pepelone.de','john@marine.media','','','Reiseinfos aus San Pepelone - Uni','','<!DOCTYPE html>\r\n<html lang=\"de\">\r\n<head>\r\n    <meta charset=\"UTF-8\">\r\n    <meta name=\"viewport\" content=\"width=device-width, initial-scale=1.0\">\r\n    <title>Informationen zur bevorstehenden Reise</title>\r\n</head>\r\n<body>\r\n    <p>Hallo Neuer,</p>\r\n\r\n    <p>bald ist es wieder so weit und bei Euch steigt vielleicht bereits das \"Reisefieber\".</p>\r\n\r\n    <p>Für deine Planung und Organisation erhältst Du im Anhang:</p>\r\n\r\n    <ol>\r\n        <li>1.Die Antworten auf die häufigsten Fragen von Lehrpersonen / Gruppenbetreuungspersonen.</li>\r\n        <li>2.Vorlage Teilnehmerliste (bitte vor der Reise per E-Mail zusenden), um den schnellen Ablauf vor Ort zu organisieren.</li>\r\n        <li>3.Die aktuellen Reiseinformationen für Lehrpersonen und Studenten.</li>\r\n        <li>4.Unsere Hausordnung, die von jedem(r) Student:in unterschrieben am Anreisetag mitgebracht werden muss.</li>\r\n        <li>5.Teilnahmebedienung Kletterfelsen (falls ihr plant, diese Sportaktivität zu nutzen).</li>\r\n    </ol>\r\n\r\n    <p>Für unsere Planung bitte den nachfolgenden Link bis spätestens zum <strong>22. Februar 2024</strong> anklicken und die entsprechenden Felder ausfüllen bzw. überprüfen:</p>\r\n\r\n    <b><a href=\"http://192.168.188.26:8000/update_record/4e90aed8-a979-461a-8244-a0204b401302\">Link zur Rückmeldung</a><br>\r\n    Login: john@marine.media<br>\r\n    Passwort: 25<br></b>\r\n\r\n    <p>(Falls der Link nicht anzuklicken geht, diesen kopieren und im Browser einfügen.)</p>\r\n\r\n    <p>Erst ca. 4 Tage vor Fahrtbeginn wird Christer die Belegung/Zimmerverteilung zumailen. Aus organisatorischen Gründen geht es nicht eher.</p>\r\n\r\n    <p>Bei weiteren Fragen stehe ich Dir gern zur Verfügung.</p>\r\n\r\n    <p>Herzliche Grüße aus San Pepelone</p>\r\n    <p>Swetlana</p>\r\n\r\n    <hr>\r\n\r\n    <span style=\"font-size: 12px;\">\r\n    i. A. Swetlana Abraham</br>\r\n    Assistenz Resortmanagement</br>\r\n   	Feriendorf & Surfschule Pepelow GmbH</br>\r\n    Mobil: 0173 385 44 85</br>\r\n    E-Mail: <a href=\"swetlana@san-pepelone.de\"></a></br>\r\n    Homepage: <a href=\"http://www.san-pepelone.de\">www.san-pepelone.de</a></br>\r\n	<p></p>\r\n  Gesetzliche Informationen:</br>\r\n  Feriendorf und Surfschule Pepelow GmbH * Sandweg 1 * Sitz der Gesellschaft: 18233 Pepelow * Eingetragen beim Amtsgericht Rostock, HRB 8386</br>\r\n   Geschäftsführer: Olaf Winkelmann</br></span>\r\n</body>\r\n</html>',0,3,'2024-02-19 14:51:45.815137','2024-02-19 14:51:45.815170',NULL,NULL,NULL,2,'',NULL,NULL,NULL),(111,'test@san-pepelone.de','john@marine.media','','','Reiseinfos aus San Pepelone - Nicht-Uni','','<!DOCTYPE html>\r\n<html lang=\"de\">\r\n<head>\r\n    <meta charset=\"UTF-8\">\r\n    <meta name=\"viewport\" content=\"width=device-width, initial-scale=1.0\">\r\n    <title>Informationen zur bevorstehenden Reise</title>\r\n</head>\r\n<body>\r\n    <p>Hallo Ding,</p>\r\n\r\n    <p>Bald ist es wieder so weit und bei Euch steigt vielleicht bereits das \"Reisefieber\".</p>\r\n\r\n    <p>Für deine Planung und Organisation erhältst Du im Anhang:</p>\r\n\r\n    <ol>\r\n        <li>Die Antworten auf die häufigsten Fragen von Lehrpersonen / Gruppenbetreuungspersonen.</li>\r\n        <li>Vorlage Teilnehmerliste (bitte <span style=\"text-decoration: underline;\">vor</span> der Reise per E-Mail zusenden), um den schnellen Ablauf vor Ort zu organisieren.</li>\r\n        <li>Die aktuellen Reiseinformationen für Lehrpersonen, Schüler:innen und Eltern.</li>\r\n        <li>Unsere Hausordnung, die von jedem(r) Schüler:in unterschrieben am Anreisetag mitgebracht werden muss.</li>\r\n        <li>Elternbrief und Teilnahmebedingung Kletterfelsen (falls ihr plant, diese Sportaktivität zu nutzen).</li>\r\n        \r\n    </ol>\r\n\r\n    <p>Für <strong><span style=\"color: #993300;\">unsere Planung</span></strong> bitte den nachfolgenden Link bis spätestens zum <span style=\"color: #993300;\"><strong>24. Februar 2024</strong></span> anklicken und die entsprechenden Felder ausfüllen bzw. überprüfen:</p>\r\n\r\n    <b><a href=\"http://192.168.188.26:8000/update_record/d3cc421b-5823-4b8e-8f38-b1c0e3ca9f96\">Link zur Rückmeldung</a><br>\r\n    Login: john@marine.media<br>\r\n    Passwort: 26<br></b>\r\n\r\n    <p>(Falls der Link nicht anzuklicken geht, diesen kopieren und im Browser einfügen.)</p>\r\n\r\n    <p>Erst ca. <span style=\"color: #993300;\">4 Tage vor Fahrtbeginn </span>wird Christer die Belegung/Zimmerverteilung zumailen. Aus organisatorischen Gründen geht es nicht eher.</p>\r\n\r\n    <p>Bei weiteren Fragen stehe ich Dir gern zur Verfügung.</p>\r\n\r\n    <p>Herzliche Grüße aus San Pepelone</p>\r\n    <p>Swetlana</p>\r\n\r\n    <hr>\r\n \r\n <span style=\"font-size: 12px;\">\r\n    i. A. Swetlana Abraham</br>\r\n    Assistenz Resortmanagement</br>\r\n   	Feriendorf & Surfschule Pepelow GmbH</br>\r\n    Mobil: 0173 385 44 85</br>\r\n    E-Mail: <a href=\"swetlana@san-pepelone.de\"></a></br>\r\n    Homepage: <a href=\"http://www.san-pepelone.de\">www.san-pepelone.de</a></br>\r\n	<p></p>\r\n  Gesetzliche Informationen:</br>\r\n  Feriendorf und Surfschule Pepelow GmbH * Sandweg 1 * Sitz der Gesellschaft: 18233 Pepelow * Eingetragen beim Amtsgericht Rostock, HRB 8386</br>\r\n   Geschäftsführer: Olaf Winkelmann</br></span>\r\n</body>\r\n</html>',0,3,'2024-02-19 15:57:21.457881','2024-02-19 15:57:21.457904',NULL,NULL,NULL,1,'',NULL,NULL,NULL),(112,'test@san-pepelone.de','carsten@navisense.de','','','Reiseinfos aus San Pepelone - Nicht-Uni','','<!DOCTYPE html>\r\n<html lang=\"de\">\r\n<head>\r\n    <meta charset=\"UTF-8\">\r\n    <meta name=\"viewport\" content=\"width=device-width, initial-scale=1.0\">\r\n    <title>Informationen zur bevorstehenden Reise</title>\r\n</head>\r\n<body>\r\n    <p>Hallo Manfred,</p>\r\n\r\n    <p>Bald ist es wieder so weit und bei Euch steigt vielleicht bereits das \"Reisefieber\".</p>\r\n\r\n    <p>Für deine Planung und Organisation erhältst Du im Anhang:</p>\r\n\r\n    <ol>\r\n        <li>Die Antworten auf die häufigsten Fragen von Lehrpersonen / Gruppenbetreuungspersonen.</li>\r\n        <li>Vorlage Teilnehmerliste (bitte <span style=\"text-decoration: underline;\">vor</span> der Reise per E-Mail zusenden), um den schnellen Ablauf vor Ort zu organisieren.</li>\r\n        <li>Die aktuellen Reiseinformationen für Lehrpersonen, Schüler:innen und Eltern.</li>\r\n        <li>Unsere Hausordnung, die von jedem(r) Schüler:in unterschrieben am Anreisetag mitgebracht werden muss.</li>\r\n        <li>Elternbrief und Teilnahmebedingung Kletterfelsen (falls ihr plant, diese Sportaktivität zu nutzen).</li>\r\n        \r\n    </ol>\r\n\r\n    <p>Für <strong><span style=\"color: #993300;\">unsere Planung</span></strong> bitte den nachfolgenden Link bis spätestens zum <span style=\"color: #993300;\"><strong>24. Februar 2024</strong></span> anklicken und die entsprechenden Felder ausfüllen bzw. überprüfen:</p>\r\n\r\n    <b><a href=\"http://127.0.0.1:8000/update_record/ada3b4c5-e8ff-4406-b4c1-ae8f1a6c6bc8\">Link zur Rückmeldung</a><br>\r\n    Login: carsten@navisense.de<br>\r\n    Passwort: 20<br></b>\r\n\r\n    <p>(Falls der Link nicht anzuklicken geht, diesen kopieren und im Browser einfügen.)</p>\r\n\r\n    <p>Erst ca. <span style=\"color: #993300;\">4 Tage vor Fahrtbeginn </span>wird Christer die Belegung/Zimmerverteilung zumailen. Aus organisatorischen Gründen geht es nicht eher.</p>\r\n\r\n    <p>Bei weiteren Fragen stehe ich Dir gern zur Verfügung.</p>\r\n\r\n    <p>Herzliche Grüße aus San Pepelone</p>\r\n    <p>Swetlana</p>\r\n\r\n    <hr>\r\n \r\n <span style=\"font-size: 12px;\">\r\n    i. A. Swetlana Abraham</br>\r\n    Assistenz Resortmanagement</br>\r\n   	Feriendorf & Surfschule Pepelow GmbH</br>\r\n    Mobil: 0173 385 44 85</br>\r\n    E-Mail: <a href=\"swetlana@san-pepelone.de\"></a></br>\r\n    Homepage: <a href=\"http://www.san-pepelone.de\">www.san-pepelone.de</a></br>\r\n	<p></p>\r\n  Gesetzliche Informationen:</br>\r\n  Feriendorf und Surfschule Pepelow GmbH * Sandweg 1 * Sitz der Gesellschaft: 18233 Pepelow * Eingetragen beim Amtsgericht Rostock, HRB 8386</br>\r\n   Geschäftsführer: Olaf Winkelmann</br></span>\r\n</body>\r\n</html>',0,3,'2024-02-19 20:12:31.743537','2024-02-19 20:12:31.743556',NULL,NULL,NULL,1,'',NULL,NULL,NULL),(113,'test@san-pepelone.de','carsten@navisense.de','','','Reiseinfos aus San Pepelone - Nicht-Uni','','<!DOCTYPE html>\r\n<html lang=\"de\">\r\n<head>\r\n    <meta charset=\"UTF-8\">\r\n    <meta name=\"viewport\" content=\"width=device-width, initial-scale=1.0\">\r\n    <title>Informationen zur bevorstehenden Reise</title>\r\n</head>\r\n<body>\r\n    <p>Hallo Manfred,</p>\r\n\r\n    <p>Bald ist es wieder so weit und bei Euch steigt vielleicht bereits das \"Reisefieber\".</p>\r\n\r\n    <p>Für deine Planung und Organisation erhältst Du im Anhang:</p>\r\n\r\n    <ol>\r\n        <li>Die Antworten auf die häufigsten Fragen von Lehrpersonen / Gruppenbetreuungspersonen.</li>\r\n        <li>Vorlage Teilnehmerliste (bitte <span style=\"text-decoration: underline;\">vor</span> der Reise per E-Mail zusenden), um den schnellen Ablauf vor Ort zu organisieren.</li>\r\n        <li>Die aktuellen Reiseinformationen für Lehrpersonen, Schüler:innen und Eltern.</li>\r\n        <li>Unsere Hausordnung, die von jedem(r) Schüler:in unterschrieben am Anreisetag mitgebracht werden muss.</li>\r\n        <li>Elternbrief und Teilnahmebedingung Kletterfelsen (falls ihr plant, diese Sportaktivität zu nutzen).</li>\r\n        \r\n    </ol>\r\n\r\n    <p>Für <strong><span style=\"color: #993300;\">unsere Planung</span></strong> bitte den nachfolgenden Link bis spätestens zum <span style=\"color: #993300;\"><strong>24. Februar 2024</strong></span> anklicken und die entsprechenden Felder ausfüllen bzw. überprüfen:</p>\r\n\r\n    <b><a href=\"http://127.0.0.1:8000/update_record/ada3b4c5-e8ff-4406-b4c1-ae8f1a6c6bc8\">Link zur Rückmeldung</a><br>\r\n    Login: carsten@navisense.de<br>\r\n    Passwort: 20<br></b>\r\n\r\n    <p>(Falls der Link nicht anzuklicken geht, diesen kopieren und im Browser einfügen.)</p>\r\n\r\n    <p>Erst ca. <span style=\"color: #993300;\">4 Tage vor Fahrtbeginn </span>wird Christer die Belegung/Zimmerverteilung zumailen. Aus organisatorischen Gründen geht es nicht eher.</p>\r\n\r\n    <p>Bei weiteren Fragen stehe ich Dir gern zur Verfügung.</p>\r\n\r\n    <p>Herzliche Grüße aus San Pepelone</p>\r\n    <p>Swetlana</p>\r\n\r\n    <hr>\r\n \r\n <span style=\"font-size: 12px;\">\r\n    i. A. Swetlana Abraham</br>\r\n    Assistenz Resortmanagement</br>\r\n   	Feriendorf & Surfschule Pepelow GmbH</br>\r\n    Mobil: 0173 385 44 85</br>\r\n    E-Mail: <a href=\"swetlana@san-pepelone.de\"></a></br>\r\n    Homepage: <a href=\"http://www.san-pepelone.de\">www.san-pepelone.de</a></br>\r\n	<p></p>\r\n  Gesetzliche Informationen:</br>\r\n  Feriendorf und Surfschule Pepelow GmbH * Sandweg 1 * Sitz der Gesellschaft: 18233 Pepelow * Eingetragen beim Amtsgericht Rostock, HRB 8386</br>\r\n   Geschäftsführer: Olaf Winkelmann</br></span>\r\n</body>\r\n</html>',0,3,'2024-02-19 20:14:27.783683','2024-02-19 20:14:27.783700',NULL,NULL,NULL,1,'',NULL,NULL,NULL),(114,'test@san-pepelone.de','carsten@navisense.de','','','Reiseinfos aus San Pepelone - Nicht-Uni','','<!DOCTYPE html>\r\n<html lang=\"de\">\r\n<head>\r\n    <meta charset=\"UTF-8\">\r\n    <meta name=\"viewport\" content=\"width=device-width, initial-scale=1.0\">\r\n    <title>Informationen zur bevorstehenden Reise</title>\r\n</head>\r\n<body>\r\n    <p>Hallo Manfred,</p>\r\n\r\n    <p>Bald ist es wieder so weit und bei Euch steigt vielleicht bereits das \"Reisefieber\".</p>\r\n\r\n    <p>Für deine Planung und Organisation erhältst Du im Anhang:</p>\r\n\r\n    <ol>\r\n        <li>Die Antworten auf die häufigsten Fragen von Lehrpersonen / Gruppenbetreuungspersonen.</li>\r\n        <li>Vorlage Teilnehmerliste (bitte <span style=\"text-decoration: underline;\">vor</span> der Reise per E-Mail zusenden), um den schnellen Ablauf vor Ort zu organisieren.</li>\r\n        <li>Die aktuellen Reiseinformationen für Lehrpersonen, Schüler:innen und Eltern.</li>\r\n        <li>Unsere Hausordnung, die von jedem(r) Schüler:in unterschrieben am Anreisetag mitgebracht werden muss.</li>\r\n        <li>Elternbrief und Teilnahmebedingung Kletterfelsen (falls ihr plant, diese Sportaktivität zu nutzen).</li>\r\n        \r\n    </ol>\r\n\r\n    <p>Für <strong><span style=\"color: #993300;\">unsere Planung</span></strong> bitte den nachfolgenden Link bis spätestens zum <span style=\"color: #993300;\"><strong>24. Februar 2024</strong></span> anklicken und die entsprechenden Felder ausfüllen bzw. überprüfen:</p>\r\n\r\n    <b><a href=\"http://127.0.0.1:8000/update_record/ada3b4c5-e8ff-4406-b4c1-ae8f1a6c6bc8\">Link zur Rückmeldung</a><br>\r\n    Login: carsten@navisense.de<br>\r\n    Passwort: 20<br></b>\r\n\r\n    <p>(Falls der Link nicht anzuklicken geht, diesen kopieren und im Browser einfügen.)</p>\r\n\r\n    <p>Erst ca. <span style=\"color: #993300;\">4 Tage vor Fahrtbeginn </span>wird Christer die Belegung/Zimmerverteilung zumailen. Aus organisatorischen Gründen geht es nicht eher.</p>\r\n\r\n    <p>Bei weiteren Fragen stehe ich Dir gern zur Verfügung.</p>\r\n\r\n    <p>Herzliche Grüße aus San Pepelone</p>\r\n    <p>Swetlana</p>\r\n\r\n    <hr>\r\n \r\n <span style=\"font-size: 12px;\">\r\n    i. A. Swetlana Abraham</br>\r\n    Assistenz Resortmanagement</br>\r\n   	Feriendorf & Surfschule Pepelow GmbH</br>\r\n    Mobil: 0173 385 44 85</br>\r\n    E-Mail: <a href=\"swetlana@san-pepelone.de\"></a></br>\r\n    Homepage: <a href=\"http://www.san-pepelone.de\">www.san-pepelone.de</a></br>\r\n	<p></p>\r\n  Gesetzliche Informationen:</br>\r\n  Feriendorf und Surfschule Pepelow GmbH * Sandweg 1 * Sitz der Gesellschaft: 18233 Pepelow * Eingetragen beim Amtsgericht Rostock, HRB 8386</br>\r\n   Geschäftsführer: Olaf Winkelmann</br></span>\r\n</body>\r\n</html>',0,3,'2024-02-19 20:47:04.874505','2024-02-19 20:47:04.874520',NULL,NULL,NULL,1,'',NULL,NULL,NULL),(115,'test@san-pepelone.de','john@marine.media','','','Reiseinfos aus San Pepelone - Nicht-Uni','','<!DOCTYPE html>\r\n<html lang=\"de\">\r\n<head>\r\n    <meta charset=\"UTF-8\">\r\n    <meta name=\"viewport\" content=\"width=device-width, initial-scale=1.0\">\r\n    <title>Informationen zur bevorstehenden Reise</title>\r\n</head>\r\n<body>\r\n    <p>Hallo Test 1,</p>\r\n\r\n    <p>Bald ist es wieder so weit und bei Euch steigt vielleicht bereits das \"Reisefieber\".</p>\r\n\r\n    <p>Für deine Planung und Organisation erhältst Du im Anhang:</p>\r\n\r\n    <ol>\r\n        <li>Die Antworten auf die häufigsten Fragen von Lehrpersonen / Gruppenbetreuungspersonen.</li>\r\n        <li>Vorlage Teilnehmerliste (bitte <span style=\"text-decoration: underline;\">vor</span> der Reise per E-Mail zusenden), um den schnellen Ablauf vor Ort zu organisieren.</li>\r\n        <li>Die aktuellen Reiseinformationen für Lehrpersonen, Schüler:innen und Eltern.</li>\r\n        <li>Unsere Hausordnung, die von jedem(r) Schüler:in unterschrieben am Anreisetag mitgebracht werden muss.</li>\r\n        <li>Elternbrief und Teilnahmebedingung Kletterfelsen (falls ihr plant, diese Sportaktivität zu nutzen).</li>\r\n        \r\n    </ol>\r\n\r\n    <p>Für <strong><span style=\"color: #993300;\">unsere Planung</span></strong> bitte den nachfolgenden Link bis spätestens zum <span style=\"color: #993300;\"><strong>21. April 2024</strong></span> anklicken und die entsprechenden Felder ausfüllen bzw. überprüfen:</p>\r\n\r\n    <b><a href=\"http://192.168.188.26:8000/update_record/8e9c71aa-bab2-48e1-aa58-281f390954c0\">Link zur Rückmeldung</a><br>\r\n    Login: john@marine.media<br>\r\n    Passwort: 31<br></b>\r\n\r\n    <p>(Falls der Link nicht anzuklicken geht, diesen kopieren und im Browser einfügen.)</p>\r\n\r\n    <p>Erst ca. <span style=\"color: #993300;\">4 Tage vor Fahrtbeginn </span>wird Christer die Belegung/Zimmerverteilung zumailen. Aus organisatorischen Gründen geht es nicht eher.</p>\r\n\r\n    <p>Bei weiteren Fragen stehe ich Dir gern zur Verfügung.</p>\r\n\r\n    <p>Herzliche Grüße aus San Pepelone</p>\r\n    <p>Swetlana</p>\r\n\r\n    <hr>\r\n \r\n <span style=\"font-size: 12px;\">\r\n    i. A. Swetlana Abraham</br>\r\n    Assistenz Resortmanagement</br>\r\n   	Feriendorf & Surfschule Pepelow GmbH</br>\r\n    Mobil: 0173 385 44 85</br>\r\n    E-Mail: <a href=\"swetlana@san-pepelone.de\"></a></br>\r\n    Homepage: <a href=\"http://www.san-pepelone.de\">www.san-pepelone.de</a></br>\r\n	<p></p>\r\n  Gesetzliche Informationen:</br>\r\n  Feriendorf und Surfschule Pepelow GmbH * Sandweg 1 * Sitz der Gesellschaft: 18233 Pepelow * Eingetragen beim Amtsgericht Rostock, HRB 8386</br>\r\n   Geschäftsführer: Olaf Winkelmann</br></span>\r\n</body>\r\n</html>',0,3,'2024-02-19 22:18:27.991381','2024-02-19 22:18:27.991401',NULL,NULL,NULL,1,'',NULL,NULL,NULL),(116,'test@san-pepelone.de','john@marine.media','','','Reiseinfos aus San Pepelone - Nicht-Uni','','<!DOCTYPE html>\r\n<html lang=\"de\">\r\n<head>\r\n    <meta charset=\"UTF-8\">\r\n    <meta name=\"viewport\" content=\"width=device-width, initial-scale=1.0\">\r\n    <title>Informationen zur bevorstehenden Reise</title>\r\n</head>\r\n<body>\r\n    <p>Hallo Test 1,</p>\r\n\r\n    <p>Bald ist es wieder so weit und bei Euch steigt vielleicht bereits das \"Reisefieber\".</p>\r\n\r\n    <p>Für deine Planung und Organisation erhältst Du im Anhang:</p>\r\n\r\n    <ol>\r\n        <li>Die Antworten auf die häufigsten Fragen von Lehrpersonen / Gruppenbetreuungspersonen.</li>\r\n        <li>Vorlage Teilnehmerliste (bitte <span style=\"text-decoration: underline;\">vor</span> der Reise per E-Mail zusenden), um den schnellen Ablauf vor Ort zu organisieren.</li>\r\n        <li>Die aktuellen Reiseinformationen für Lehrpersonen, Schüler:innen und Eltern.</li>\r\n        <li>Unsere Hausordnung, die von jedem(r) Schüler:in unterschrieben am Anreisetag mitgebracht werden muss.</li>\r\n        <li>Elternbrief und Teilnahmebedingung Kletterfelsen (falls ihr plant, diese Sportaktivität zu nutzen).</li>\r\n        \r\n    </ol>\r\n\r\n    <p>Für <strong><span style=\"color: #993300;\">unsere Planung</span></strong> bitte den nachfolgenden Link bis spätestens zum <span style=\"color: #993300;\"><strong>21. April 2024</strong></span> anklicken und die entsprechenden Felder ausfüllen bzw. überprüfen:</p>\r\n\r\n    <b><a href=\"http://192.168.188.26:8000/reminder/8e9c71aa-bab2-48e1-aa58-281f390954c0\">Link zur Rückmeldung</a><br>\r\n    Login: john@marine.media<br>\r\n    Passwort: 31<br></b>\r\n\r\n    <p>(Falls der Link nicht anzuklicken geht, diesen kopieren und im Browser einfügen.)</p>\r\n\r\n    <p>Erst ca. <span style=\"color: #993300;\">4 Tage vor Fahrtbeginn </span>wird Christer die Belegung/Zimmerverteilung zumailen. Aus organisatorischen Gründen geht es nicht eher.</p>\r\n\r\n    <p>Bei weiteren Fragen stehe ich Dir gern zur Verfügung.</p>\r\n\r\n    <p>Herzliche Grüße aus San Pepelone</p>\r\n    <p>Swetlana</p>\r\n\r\n    <hr>\r\n \r\n <span style=\"font-size: 12px;\">\r\n    i. A. Swetlana Abraham</br>\r\n    Assistenz Resortmanagement</br>\r\n   	Feriendorf & Surfschule Pepelow GmbH</br>\r\n    Mobil: 0173 385 44 85</br>\r\n    E-Mail: <a href=\"swetlana@san-pepelone.de\"></a></br>\r\n    Homepage: <a href=\"http://www.san-pepelone.de\">www.san-pepelone.de</a></br>\r\n	<p></p>\r\n  Gesetzliche Informationen:</br>\r\n  Feriendorf und Surfschule Pepelow GmbH * Sandweg 1 * Sitz der Gesellschaft: 18233 Pepelow * Eingetragen beim Amtsgericht Rostock, HRB 8386</br>\r\n   Geschäftsführer: Olaf Winkelmann</br></span>\r\n</body>\r\n</html>',0,3,'2024-02-19 22:24:16.295698','2024-02-19 22:24:16.295720',NULL,NULL,NULL,1,'',NULL,NULL,NULL),(117,'test@san-pepelone.de','carsten@navisense.de','','','Reiseinfos aus San Pepelone - Nicht-Uni','','<!DOCTYPE html>\r\n<html lang=\"de\">\r\n<head>\r\n    <meta charset=\"UTF-8\">\r\n    <meta name=\"viewport\" content=\"width=device-width, initial-scale=1.0\">\r\n    <title>Informationen zur bevorstehenden Reise</title>\r\n</head>\r\n<body>\r\n    <p>Hallo Manfred,</p>\r\n\r\n    <p>Bald ist es wieder so weit und bei Euch steigt vielleicht bereits das \"Reisefieber\".</p>\r\n\r\n    <p>Für deine Planung und Organisation erhältst Du im Anhang:</p>\r\n\r\n    <ol>\r\n        <li>Die Antworten auf die häufigsten Fragen von Lehrpersonen / Gruppenbetreuungspersonen.</li>\r\n        <li>Vorlage Teilnehmerliste (bitte <span style=\"text-decoration: underline;\">vor</span> der Reise per E-Mail zusenden), um den schnellen Ablauf vor Ort zu organisieren.</li>\r\n        <li>Die aktuellen Reiseinformationen für Lehrpersonen, Schüler:innen und Eltern.</li>\r\n        <li>Unsere Hausordnung, die von jedem(r) Schüler:in unterschrieben am Anreisetag mitgebracht werden muss.</li>\r\n        <li>Elternbrief und Teilnahmebedingung Kletterfelsen (falls ihr plant, diese Sportaktivität zu nutzen).</li>\r\n        \r\n    </ol>\r\n\r\n    <p>Für <strong><span style=\"color: #993300;\">unsere Planung</span></strong> bitte den nachfolgenden Link bis spätestens zum <span style=\"color: #993300;\"><strong>24. Februar 2024</strong></span> anklicken und die entsprechenden Felder ausfüllen bzw. überprüfen:</p>\r\n\r\n    <b><a href=\"http://127.0.0.1:8000/\">Link zur Rückmeldung</a><br>\r\n    Login: carsten@navisense.de<br>\r\n    Passwort: 20<br></b>\r\n\r\n    <p>(Falls der Link nicht anzuklicken geht, diesen kopieren und im Browser einfügen.)</p>\r\n\r\n    <p>Erst ca. <span style=\"color: #993300;\">4 Tage vor Fahrtbeginn </span>wird Christer die Belegung/Zimmerverteilung zumailen. Aus organisatorischen Gründen geht es nicht eher.</p>\r\n\r\n    <p>Bei weiteren Fragen stehe ich Dir gern zur Verfügung.</p>\r\n\r\n    <p>Herzliche Grüße aus San Pepelone</p>\r\n    <p>Swetlana</p>\r\n\r\n    <hr>\r\n \r\n <span style=\"font-size: 12px;\">\r\n    i. A. Swetlana Abraham</br>\r\n    Assistenz Resortmanagement</br>\r\n   	Feriendorf & Surfschule Pepelow GmbH</br>\r\n    Mobil: 0173 385 44 85</br>\r\n    E-Mail: <a href=\"swetlana@san-pepelone.de\"></a></br>\r\n    Homepage: <a href=\"http://www.san-pepelone.de\">www.san-pepelone.de</a></br>\r\n	<p></p>\r\n  Gesetzliche Informationen:</br>\r\n  Feriendorf und Surfschule Pepelow GmbH * Sandweg 1 * Sitz der Gesellschaft: 18233 Pepelow * Eingetragen beim Amtsgericht Rostock, HRB 8386</br>\r\n   Geschäftsführer: Olaf Winkelmann</br></span>\r\n</body>\r\n</html>',0,3,'2024-02-19 22:29:19.694637','2024-02-19 22:29:19.694662',NULL,NULL,NULL,1,'',NULL,NULL,NULL),(118,'test@san-pepelone.de','john@marine.media','','','Reiseinfos aus San Pepelone - Nicht-Uni','','<!DOCTYPE html>\r\n<html lang=\"de\">\r\n<head>\r\n    <meta charset=\"UTF-8\">\r\n    <meta name=\"viewport\" content=\"width=device-width, initial-scale=1.0\">\r\n    <title>Informationen zur bevorstehenden Reise</title>\r\n</head>\r\n<body>\r\n    <p>Hallo Test 1,</p>\r\n\r\n    <p>Bald ist es wieder so weit und bei Euch steigt vielleicht bereits das \"Reisefieber\".</p>\r\n\r\n    <p>Für deine Planung und Organisation erhältst Du im Anhang:</p>\r\n\r\n    <ol>\r\n        <li>Die Antworten auf die häufigsten Fragen von Lehrpersonen / Gruppenbetreuungspersonen.</li>\r\n        <li>Vorlage Teilnehmerliste (bitte <span style=\"text-decoration: underline;\">vor</span> der Reise per E-Mail zusenden), um den schnellen Ablauf vor Ort zu organisieren.</li>\r\n        <li>Die aktuellen Reiseinformationen für Lehrpersonen, Schüler:innen und Eltern.</li>\r\n        <li>Unsere Hausordnung, die von jedem(r) Schüler:in unterschrieben am Anreisetag mitgebracht werden muss.</li>\r\n        <li>Elternbrief und Teilnahmebedingung Kletterfelsen (falls ihr plant, diese Sportaktivität zu nutzen).</li>\r\n        \r\n    </ol>\r\n\r\n    <p>Für <strong><span style=\"color: #993300;\">unsere Planung</span></strong> bitte den nachfolgenden Link bis spätestens zum <span style=\"color: #993300;\"><strong>21. April 2024</strong></span> anklicken und die entsprechenden Felder ausfüllen bzw. überprüfen:</p>\r\n\r\n    <b><a href=\"http://192.168.188.26:8000/\">Link zur Rückmeldung</a><br>\r\n    Login: john@marine.media<br>\r\n    Passwort: 31<br></b>\r\n\r\n    <p>(Falls der Link nicht anzuklicken geht, diesen kopieren und im Browser einfügen.)</p>\r\n\r\n    <p>Erst ca. <span style=\"color: #993300;\">4 Tage vor Fahrtbeginn </span>wird Christer die Belegung/Zimmerverteilung zumailen. Aus organisatorischen Gründen geht es nicht eher.</p>\r\n\r\n    <p>Bei weiteren Fragen stehe ich Dir gern zur Verfügung.</p>\r\n\r\n    <p>Herzliche Grüße aus San Pepelone</p>\r\n    <p>Swetlana</p>\r\n\r\n    <hr>\r\n \r\n <span style=\"font-size: 12px;\">\r\n    i. A. Swetlana Abraham</br>\r\n    Assistenz Resortmanagement</br>\r\n   	Feriendorf & Surfschule Pepelow GmbH</br>\r\n    Mobil: 0173 385 44 85</br>\r\n    E-Mail: <a href=\"swetlana@san-pepelone.de\"></a></br>\r\n    Homepage: <a href=\"http://www.san-pepelone.de\">www.san-pepelone.de</a></br>\r\n	<p></p>\r\n  Gesetzliche Informationen:</br>\r\n  Feriendorf und Surfschule Pepelow GmbH * Sandweg 1 * Sitz der Gesellschaft: 18233 Pepelow * Eingetragen beim Amtsgericht Rostock, HRB 8386</br>\r\n   Geschäftsführer: Olaf Winkelmann</br></span>\r\n</body>\r\n</html>',0,3,'2024-02-19 22:30:05.541102','2024-02-19 22:30:05.541134',NULL,NULL,NULL,1,'',NULL,NULL,NULL);
/*!40000 ALTER TABLE `post_office_email` ENABLE KEYS */;
UNLOCK TABLES;

--
-- Table structure for table `post_office_emailtemplate`
--

DROP TABLE IF EXISTS `post_office_emailtemplate`;
/*!40101 SET @saved_cs_client     = @@character_set_client */;
/*!50503 SET character_set_client = utf8mb4 */;
CREATE TABLE `post_office_emailtemplate` (
  `id` int NOT NULL AUTO_INCREMENT,
  `name` varchar(255) NOT NULL,
  `description` longtext NOT NULL,
  `subject` varchar(255) NOT NULL,
  `content` longtext NOT NULL,
  `html_content` longtext NOT NULL,
  `created` datetime(6) NOT NULL,
  `last_updated` datetime(6) NOT NULL,
  `default_template_id` int DEFAULT NULL,
  `language` varchar(12) NOT NULL,
  PRIMARY KEY (`id`),
  UNIQUE KEY `post_office_emailtemplat_name_language_default_te_4023e3e4_uniq` (`name`,`language`,`default_template_id`),
  KEY `post_office_emailtem_default_template_id_2ac2f889_fk_post_offi` (`default_template_id`),
  CONSTRAINT `post_office_emailtem_default_template_id_2ac2f889_fk_post_offi` FOREIGN KEY (`default_template_id`) REFERENCES `post_office_emailtemplate` (`id`)
) ENGINE=InnoDB AUTO_INCREMENT=4 DEFAULT CHARSET=utf8mb4 COLLATE=utf8mb4_0900_ai_ci;
/*!40101 SET character_set_client = @saved_cs_client */;

--
-- Dumping data for table `post_office_emailtemplate`
--

LOCK TABLES `post_office_emailtemplate` WRITE;
/*!40000 ALTER TABLE `post_office_emailtemplate` DISABLE KEYS */;
INSERT INTO `post_office_emailtemplate` VALUES (1,'nicht-uni','Mails fuer Schulen, Vereine, Projektgruppen (alles außer Uni)','Reiseinfos aus San Pepelone - Nicht-Uni','','<!DOCTYPE html>\r\n<html lang=\"de\">\r\n<head>\r\n    <meta charset=\"UTF-8\">\r\n    <meta name=\"viewport\" content=\"width=device-width, initial-scale=1.0\">\r\n    <title>Informationen zur bevorstehenden Reise</title>\r\n</head>\r\n<body>\r\n    <p>Hallo {{ firstname }},</p>\r\n\r\n    <p>Bald ist es wieder so weit und bei Euch steigt vielleicht bereits das \"Reisefieber\".</p>\r\n\r\n    <p>Für deine Planung und Organisation erhältst Du im Anhang:</p>\r\n\r\n    <ol>\r\n        <li>Die Antworten auf die häufigsten Fragen von Lehrpersonen / Gruppenbetreuungspersonen.</li>\r\n        <li>Vorlage Teilnehmerliste (bitte <span style=\"text-decoration: underline;\">vor</span> der Reise per E-Mail zusenden), um den schnellen Ablauf vor Ort zu organisieren.</li>\r\n        <li>Die aktuellen Reiseinformationen für Lehrpersonen, Schüler:innen und Eltern.</li>\r\n        <li>Unsere Hausordnung, die von jedem(r) Schüler:in unterschrieben am Anreisetag mitgebracht werden muss.</li>\r\n        <li>Elternbrief und Teilnahmebedingung Kletterfelsen (falls ihr plant, diese Sportaktivität zu nutzen).</li>\r\n        {{ wort_busauftrag }}\r\n    </ol>\r\n\r\n    <p>Für <strong><span style=\"color: #993300;\">unsere Planung</span></strong> bitte den nachfolgenden Link bis spätestens zum <span style=\"color: #993300;\"><strong>{{ response_untill }}</strong></span> anklicken und die entsprechenden Felder ausfüllen bzw. überprüfen:</p>\r\n\r\n    <b><a href=\"{{ portallink }}\">Link zur Rückmeldung</a><br>\r\n    Login: {{ email }}<br>\r\n    Passwort: {{ id }}<br></b>\r\n\r\n    <p>(Falls der Link nicht anzuklicken geht, diesen kopieren und im Browser einfügen.)</p>\r\n\r\n    <p>Erst ca. <span style=\"color: #993300;\">4 Tage vor Fahrtbeginn </span>wird Christer die Belegung/Zimmerverteilung zumailen. Aus organisatorischen Gründen geht es nicht eher.</p>\r\n\r\n    <p>Bei weiteren Fragen stehe ich Dir gern zur Verfügung.</p>\r\n\r\n    <p>Herzliche Grüße aus San Pepelone</p>\r\n    <p>Swetlana</p>\r\n\r\n    <hr>\r\n \r\n <span style=\"font-size: 12px;\">\r\n    i. A. Swetlana Abraham</br>\r\n    Assistenz Resortmanagement</br>\r\n   	Feriendorf & Surfschule Pepelow GmbH</br>\r\n    Mobil: 0173 385 44 85</br>\r\n    E-Mail: <a href=\"swetlana@san-pepelone.de\"></a></br>\r\n    Homepage: <a href=\"http://www.san-pepelone.de\">www.san-pepelone.de</a></br>\r\n	<p></p>\r\n  Gesetzliche Informationen:</br>\r\n  Feriendorf und Surfschule Pepelow GmbH * Sandweg 1 * Sitz der Gesellschaft: 18233 Pepelow * Eingetragen beim Amtsgericht Rostock, HRB 8386</br>\r\n   Geschäftsführer: Olaf Winkelmann</br></span>\r\n</body>\r\n</html>','2024-02-13 20:16:31.344414','2024-02-19 22:23:46.604577',NULL,''),(2,'uni','Mails für Uni','Reiseinfos aus San Pepelone - Uni','','<!DOCTYPE html>\r\n<html lang=\"de\">\r\n<head>\r\n    <meta charset=\"UTF-8\">\r\n    <meta name=\"viewport\" content=\"width=device-width, initial-scale=1.0\">\r\n    <title>Informationen zur bevorstehenden Reise</title>\r\n</head>\r\n<body>\r\n    <p>Hallo {{ firstname }},</p>\r\n\r\n    <p>bald ist es wieder so weit und bei Euch steigt vielleicht bereits das \"Reisefieber\".</p>\r\n\r\n    <p>Für deine Planung und Organisation erhältst Du im Anhang:</p>\r\n\r\n    <ol>\r\n        <li>1.Die Antworten auf die häufigsten Fragen von Lehrpersonen / Gruppenbetreuungspersonen.</li>\r\n        <li>2.Vorlage Teilnehmerliste (bitte vor der Reise per E-Mail zusenden), um den schnellen Ablauf vor Ort zu organisieren.</li>\r\n        <li>3.Die aktuellen Reiseinformationen für Lehrpersonen und Studenten.</li>\r\n        <li>4.Unsere Hausordnung, die von jedem(r) Student:in unterschrieben am Anreisetag mitgebracht werden muss.</li>\r\n        <li>5.Teilnahmebedienung Kletterfelsen (falls ihr plant, diese Sportaktivität zu nutzen).</li>\r\n    </ol>\r\n\r\n    <p>Für unsere Planung bitte den nachfolgenden Link bis spätestens zum <strong>{{ response_untill }}</strong> anklicken und die entsprechenden Felder ausfüllen bzw. überprüfen:</p>\r\n\r\n    <b><a href=\"{{ portallink }}\">Link zur Rückmeldung</a><br>\r\n    Login: {{ email }}<br>\r\n    Passwort: {{ id }}<br></b>\r\n\r\n    <p>(Falls der Link nicht anzuklicken geht, diesen kopieren und im Browser einfügen.)</p>\r\n\r\n    <p>Erst ca. 4 Tage vor Fahrtbeginn wird Christer die Belegung/Zimmerverteilung zumailen. Aus organisatorischen Gründen geht es nicht eher.</p>\r\n\r\n    <p>Bei weiteren Fragen stehe ich Dir gern zur Verfügung.</p>\r\n\r\n    <p>Herzliche Grüße aus San Pepelone</p>\r\n    <p>Swetlana</p>\r\n\r\n    <hr>\r\n\r\n    <span style=\"font-size: 12px;\">\r\n    i. A. Swetlana Abraham</br>\r\n    Assistenz Resortmanagement</br>\r\n   	Feriendorf & Surfschule Pepelow GmbH</br>\r\n    Mobil: 0173 385 44 85</br>\r\n    E-Mail: <a href=\"swetlana@san-pepelone.de\"></a></br>\r\n    Homepage: <a href=\"http://www.san-pepelone.de\">www.san-pepelone.de</a></br>\r\n	<p></p>\r\n  Gesetzliche Informationen:</br>\r\n  Feriendorf und Surfschule Pepelow GmbH * Sandweg 1 * Sitz der Gesellschaft: 18233 Pepelow * Eingetragen beim Amtsgericht Rostock, HRB 8386</br>\r\n   Geschäftsführer: Olaf Winkelmann</br></span>\r\n</body>\r\n</html>','2024-02-14 20:05:21.000648','2024-02-19 22:23:59.400888',NULL,''),(3,'sicherheitsmail','Mail, die nach Reiseinfos versendet wird.','','','','2024-02-18 19:22:34.364543','2024-02-18 19:23:06.291396',NULL,'');
/*!40000 ALTER TABLE `post_office_emailtemplate` ENABLE KEYS */;
UNLOCK TABLES;

--
-- Table structure for table `post_office_log`
--

DROP TABLE IF EXISTS `post_office_log`;
/*!40101 SET @saved_cs_client     = @@character_set_client */;
/*!50503 SET character_set_client = utf8mb4 */;
CREATE TABLE `post_office_log` (
  `id` int NOT NULL AUTO_INCREMENT,
  `date` datetime(6) NOT NULL,
  `status` smallint unsigned NOT NULL,
  `exception_type` varchar(255) NOT NULL,
  `message` longtext NOT NULL,
  `email_id` int NOT NULL,
  PRIMARY KEY (`id`),
  KEY `post_office_log_email_id_d42c8808_fk_post_office_email_id` (`email_id`),
  CONSTRAINT `post_office_log_email_id_d42c8808_fk_post_office_email_id` FOREIGN KEY (`email_id`) REFERENCES `post_office_email` (`id`),
  CONSTRAINT `post_office_log_chk_1` CHECK ((`status` >= 0))
) ENGINE=InnoDB AUTO_INCREMENT=113 DEFAULT CHARSET=utf8mb4 COLLATE=utf8mb4_0900_ai_ci;
/*!40101 SET character_set_client = @saved_cs_client */;

--
-- Dumping data for table `post_office_log`
--

LOCK TABLES `post_office_log` WRITE;
/*!40000 ALTER TABLE `post_office_log` DISABLE KEYS */;
INSERT INTO `post_office_log` VALUES (1,'2024-02-13 19:56:42.414916',1,'SMTPSenderRefused','(550, b\'Requested action not taken: mailbox unavailable\\nSender address is not allowed.\', \'carsten@navisense.de\')',7),(2,'2024-02-13 19:56:44.867533',1,'SMTPSenderRefused','(550, b\'Requested action not taken: mailbox unavailable\\nSender address is not allowed.\', \'carsten@navisense.de\')',8),(3,'2024-02-13 20:04:42.005137',0,'','',9),(4,'2024-02-13 20:38:50.722718',0,'','',10),(5,'2024-02-13 20:44:54.621833',0,'','',11),(6,'2024-02-13 21:02:53.778180',0,'','',12),(7,'2024-02-13 21:05:58.076707',0,'','',13),(8,'2024-02-13 21:06:01.744751',0,'','',14),(9,'2024-02-13 21:06:02.880810',0,'','',15),(10,'2024-02-13 21:07:25.797777',0,'','',16),(11,'2024-02-13 21:49:05.946869',0,'','',17),(12,'2024-02-14 19:33:26.542980',0,'','',18),(13,'2024-02-14 20:11:38.835781',0,'','',19),(14,'2024-02-14 20:11:43.278291',0,'','',20),(15,'2024-02-14 20:13:23.991028',0,'','',21),(16,'2024-02-14 20:13:25.971481',0,'','',22),(17,'2024-02-14 20:14:00.987054',0,'','',23),(18,'2024-02-14 20:14:03.755793',0,'','',24),(19,'2024-02-14 20:17:59.432914',0,'','',25),(20,'2024-02-14 20:18:21.883229',0,'','',26),(21,'2024-02-14 20:18:29.142661',0,'','',27),(22,'2024-02-14 20:18:31.926449',0,'','',28),(23,'2024-02-14 20:18:48.415895',0,'','',29),(24,'2024-02-14 20:58:34.766636',0,'','',30),(25,'2024-02-14 21:12:30.746453',0,'','',31),(26,'2024-02-15 20:41:51.165966',0,'','',32),(27,'2024-02-15 22:20:36.510965',0,'','',33),(28,'2024-02-15 22:20:50.964683',0,'','',34),(29,'2024-02-15 22:24:08.373426',0,'','',35),(30,'2024-02-15 22:27:44.952819',0,'','',36),(31,'2024-02-15 22:28:27.959184',0,'','',37),(32,'2024-02-15 22:29:08.917372',0,'','',38),(33,'2024-02-15 22:30:23.569109',0,'','',39),(34,'2024-02-15 22:31:00.796562',0,'','',40),(35,'2024-02-15 22:31:51.133544',0,'','',41),(36,'2024-02-15 22:31:55.388714',0,'','',42),(37,'2024-02-15 22:32:11.924265',0,'','',43),(38,'2024-02-15 22:34:02.647421',0,'','',44),(39,'2024-02-15 22:34:58.452673',0,'','',45),(40,'2024-02-15 22:35:25.119150',0,'','',46),(41,'2024-02-15 22:35:36.503067',0,'','',47),(42,'2024-02-15 22:36:04.156769',0,'','',48),(43,'2024-02-15 22:36:40.724585',0,'','',49),(44,'2024-02-15 22:37:45.208849',0,'','',50),(45,'2024-02-15 22:38:25.389518',0,'','',51),(46,'2024-02-15 22:38:56.283361',0,'','',52),(47,'2024-02-15 22:39:33.324905',0,'','',53),(48,'2024-02-15 22:40:11.494831',0,'','',54),(49,'2024-02-15 22:42:09.081154',0,'','',55),(50,'2024-02-15 22:42:32.925719',0,'','',56),(51,'2024-02-15 22:42:56.209750',0,'','',57),(52,'2024-02-16 08:30:19.873195',0,'','',58),(53,'2024-02-16 08:30:29.422273',0,'','',59),(54,'2024-02-16 08:34:44.394498',0,'','',60),(55,'2024-02-16 08:59:54.933154',0,'','',61),(56,'2024-02-16 09:08:04.147058',0,'','',62),(57,'2024-02-16 09:15:28.974173',0,'','',63),(58,'2024-02-17 14:21:39.963259',0,'','',64),(59,'2024-02-17 22:48:26.048483',0,'','',65),(60,'2024-02-17 22:58:59.990333',0,'','',66),(61,'2024-02-18 17:25:28.842242',0,'','',67),(62,'2024-02-18 17:47:33.483441',0,'','',68),(63,'2024-02-18 17:48:57.248779',0,'','',69),(64,'2024-02-18 18:07:31.620867',0,'','',70),(65,'2024-02-18 18:08:44.535162',0,'','',71),(66,'2024-02-18 18:10:55.521217',0,'','',72),(67,'2024-02-18 18:11:50.778791',0,'','',73),(68,'2024-02-18 18:12:18.370401',0,'','',74),(69,'2024-02-18 18:16:18.292863',0,'','',75),(70,'2024-02-18 18:21:15.259715',0,'','',76),(71,'2024-02-18 18:22:42.144395',0,'','',77),(72,'2024-02-18 18:26:03.094167',0,'','',78),(73,'2024-02-18 19:34:14.771139',0,'','',79),(74,'2024-02-18 19:39:25.676196',0,'','',80),(75,'2024-02-18 19:40:32.921056',0,'','',81),(76,'2024-02-18 19:40:44.625535',0,'','',82),(77,'2024-02-18 19:40:48.668341',0,'','',83),(78,'2024-02-18 19:48:29.322386',0,'','',84),(79,'2024-02-18 19:51:58.752923',0,'','',85),(80,'2024-02-18 19:52:38.951241',0,'','',86),(81,'2024-02-18 19:56:11.194319',0,'','',87),(82,'2024-02-18 19:57:02.825295',0,'','',88),(83,'2024-02-18 19:59:11.459755',0,'','',89),(84,'2024-02-18 20:03:43.457132',0,'','',90),(85,'2024-02-18 20:07:16.392380',0,'','',91),(86,'2024-02-18 20:08:05.972144',0,'','',92),(87,'2024-02-18 20:11:09.135355',0,'','',93),(88,'2024-02-18 20:13:04.873570',0,'','',94),(89,'2024-02-18 20:16:22.597936',0,'','',95),(90,'2024-02-18 20:18:04.801454',0,'','',96),(91,'2024-02-18 20:21:14.572539',0,'','',97),(92,'2024-02-18 20:23:31.233587',0,'','',98),(93,'2024-02-18 20:33:35.253606',0,'','',99),(94,'2024-02-18 20:35:12.302275',0,'','',100),(95,'2024-02-18 20:35:37.318216',0,'','',101),(96,'2024-02-18 20:37:16.311912',0,'','',102),(97,'2024-02-18 20:38:35.777789',0,'','',103),(98,'2024-02-19 13:52:04.669759',0,'','',104),(99,'2024-02-19 14:01:16.084425',0,'','',105),(100,'2024-02-19 14:03:25.090278',0,'','',106),(101,'2024-02-19 14:07:24.299498',0,'','',107),(102,'2024-02-19 14:23:08.250814',0,'','',108),(103,'2024-02-19 14:35:17.105781',0,'','',109),(104,'2024-02-19 14:51:46.568118',0,'','',110),(105,'2024-02-19 15:57:22.239663',0,'','',111),(106,'2024-02-19 20:12:32.470919',0,'','',112),(107,'2024-02-19 20:14:28.483100',0,'','',113),(108,'2024-02-19 20:47:05.634950',0,'','',114),(109,'2024-02-19 22:18:28.711248',0,'','',115),(110,'2024-02-19 22:24:16.985852',0,'','',116),(111,'2024-02-19 22:29:20.430576',0,'','',117),(112,'2024-02-19 22:30:06.570960',0,'','',118);
/*!40000 ALTER TABLE `post_office_log` ENABLE KEYS */;
UNLOCK TABLES;

--
-- Table structure for table `simple_mail_simplemail`
--

DROP TABLE IF EXISTS `simple_mail_simplemail`;
/*!40101 SET @saved_cs_client     = @@character_set_client */;
/*!50503 SET character_set_client = utf8mb4 */;
CREATE TABLE `simple_mail_simplemail` (
  `id` bigint NOT NULL AUTO_INCREMENT,
  `key` varchar(100) NOT NULL,
  `subject` varchar(255) NOT NULL,
  `title` varchar(255) NOT NULL,
  `body` longtext NOT NULL,
  `banner` varchar(100) DEFAULT NULL,
  `button_label` varchar(80) NOT NULL,
  `button_link` varchar(255) NOT NULL,
  `created_at` datetime(6) NOT NULL,
  `updated_at` datetime(6) NOT NULL,
  PRIMARY KEY (`id`),
  UNIQUE KEY `key` (`key`)
) ENGINE=InnoDB DEFAULT CHARSET=utf8mb4 COLLATE=utf8mb4_0900_ai_ci;
/*!40101 SET character_set_client = @saved_cs_client */;

--
-- Dumping data for table `simple_mail_simplemail`
--

LOCK TABLES `simple_mail_simplemail` WRITE;
/*!40000 ALTER TABLE `simple_mail_simplemail` DISABLE KEYS */;
/*!40000 ALTER TABLE `simple_mail_simplemail` ENABLE KEYS */;
UNLOCK TABLES;

--
-- Table structure for table `simple_mail_simplemailconfig`
--

DROP TABLE IF EXISTS `simple_mail_simplemailconfig`;
/*!40101 SET @saved_cs_client     = @@character_set_client */;
/*!50503 SET character_set_client = utf8mb4 */;
CREATE TABLE `simple_mail_simplemailconfig` (
  `id` bigint NOT NULL AUTO_INCREMENT,
  `logo` varchar(100) DEFAULT NULL,
  `footer_content` longtext NOT NULL,
  `facebook_url` varchar(255) NOT NULL,
  `twitter_url` varchar(255) NOT NULL,
  `instagram_url` varchar(255) NOT NULL,
  `website_url` varchar(255) NOT NULL,
  `color_header_bg` varchar(7) NOT NULL,
  `color_title` varchar(7) NOT NULL,
  `title_size` varchar(2) NOT NULL,
  `color_body_bg` varchar(7) NOT NULL,
  `color_body` varchar(7) NOT NULL,
  `color_body_link` varchar(7) NOT NULL,
  `color_button` varchar(7) NOT NULL,
  `color_button_bg` varchar(7) NOT NULL,
  `border_radius_button` smallint unsigned NOT NULL,
  `color_footer` varchar(7) NOT NULL,
  `color_footer_link` varchar(7) NOT NULL,
  `color_footer_bg` varchar(7) NOT NULL,
  `color_footer_divider` varchar(7) NOT NULL,
  PRIMARY KEY (`id`),
  CONSTRAINT `simple_mail_simplemailconfig_chk_1` CHECK ((`border_radius_button` >= 0))
) ENGINE=InnoDB AUTO_INCREMENT=2 DEFAULT CHARSET=utf8mb4 COLLATE=utf8mb4_0900_ai_ci;
/*!40101 SET character_set_client = @saved_cs_client */;

--
-- Dumping data for table `simple_mail_simplemailconfig`
--

LOCK TABLES `simple_mail_simplemailconfig` WRITE;
/*!40000 ALTER TABLE `simple_mail_simplemailconfig` DISABLE KEYS */;
INSERT INTO `simple_mail_simplemailconfig` VALUES (1,'','<p>c dc ddc dc&nbsp;</p>','','','','','#f7f7f7','#222222','h1','#ffffff','#808080','#007e9e','#ffffff','#00add8',3,'#ffffff','#ffffff','#333333','#505050');
/*!40000 ALTER TABLE `simple_mail_simplemailconfig` ENABLE KEYS */;
UNLOCK TABLES;

--
-- Table structure for table `website_ausflugspaket`
--

DROP TABLE IF EXISTS `website_ausflugspaket`;
/*!40101 SET @saved_cs_client     = @@character_set_client */;
/*!50503 SET character_set_client = utf8mb4 */;
CREATE TABLE `website_ausflugspaket` (
  `id` bigint NOT NULL AUTO_INCREMENT,
  `bezeichnung` varchar(50) DEFAULT NULL,
  `content` varchar(800) DEFAULT NULL,
  PRIMARY KEY (`id`)
) ENGINE=InnoDB AUTO_INCREMENT=5 DEFAULT CHARSET=utf8mb4 COLLATE=utf8mb4_0900_ai_ci;
/*!40101 SET character_set_client = @saved_cs_client */;

--
-- Dumping data for table `website_ausflugspaket`
--

LOCK TABLES `website_ausflugspaket` WRITE;
/*!40000 ALTER TABLE `website_ausflugspaket` DISABLE KEYS */;
INSERT INTO `website_ausflugspaket` VALUES (2,'Windsurf Premium Paket','Beinhaltet: Am Anreisetag 1. Wassereinheit (1-1,5h); 5 Surfkurse + 1 Theorieunterricht; freie Übungszeit an 3 Tagen; Theorieunterricht (1h)'),(4,'Wassersport und Freizeit Paket',NULL);
/*!40000 ALTER TABLE `website_ausflugspaket` ENABLE KEYS */;
UNLOCK TABLES;

--
-- Table structure for table `website_record`
--

DROP TABLE IF EXISTS `website_record`;
/*!40101 SET @saved_cs_client     = @@character_set_client */;
/*!50503 SET character_set_client = utf8mb4 */;
CREATE TABLE `website_record` (
  `first_name` varchar(50) DEFAULT NULL,
  `last_name` varchar(50) DEFAULT NULL,
  `arrival_date` date DEFAULT NULL,
  `response_untill` date DEFAULT NULL,
  `email` varchar(100) DEFAULT NULL,
  `phone` varchar(15) DEFAULT NULL,
  `city` varchar(50) DEFAULT NULL,
  `busplan` varchar(100) DEFAULT NULL,
  `remark` varchar(800) DEFAULT NULL,
  `initals` varchar(20) NOT NULL,
  `organisation` varchar(50) DEFAULT NULL,
  `created_at` datetime(6) NOT NULL,
  `modified_by_id` int DEFAULT NULL,
  `organisationtype` varchar(20) DEFAULT NULL,
  `schoolclass` varchar(50) DEFAULT NULL,
  `id` bigint NOT NULL AUTO_INCREMENT,
  `uuid` char(32) NOT NULL,
  `traveldetail` varchar(40) NOT NULL,
  `planned_arrival_time` varchar(5) DEFAULT NULL,
  `amount_organizer_female` int unsigned DEFAULT NULL,
  `amount_organizer_male` int unsigned DEFAULT NULL,
  `amount_students_female` int unsigned DEFAULT NULL,
  `amount_students_male` int unsigned DEFAULT NULL,
  `status` varchar(20) NOT NULL,
  `ausflugspaket_id` bigint DEFAULT NULL,
  `remark_client` varchar(800) DEFAULT NULL,
  `vdws_schein` tinyint(1) DEFAULT NULL,
  `planned_departure_time` varchar(5) DEFAULT NULL,
  `created_by_id` int DEFAULT NULL,
  PRIMARY KEY (`id`),
  KEY `website_record_modified_by_id_25eb649d_fk_auth_user_id` (`modified_by_id`),
  KEY `website_record_ausflugspaket_id_8310f0cc_fk_website_a` (`ausflugspaket_id`),
  KEY `website_record_created_by_id_44a6fb82_fk_auth_user_id` (`created_by_id`),
  CONSTRAINT `website_record_ausflugspaket_id_8310f0cc_fk_website_a` FOREIGN KEY (`ausflugspaket_id`) REFERENCES `website_ausflugspaket` (`id`),
  CONSTRAINT `website_record_created_by_id_44a6fb82_fk_auth_user_id` FOREIGN KEY (`created_by_id`) REFERENCES `auth_user` (`id`),
  CONSTRAINT `website_record_modified_by_id_25eb649d_fk_auth_user_id` FOREIGN KEY (`modified_by_id`) REFERENCES `auth_user` (`id`),
  CONSTRAINT `website_record_chk_1` CHECK ((`amount_organizer_female` >= 0)),
  CONSTRAINT `website_record_chk_2` CHECK ((`amount_organizer_male` >= 0)),
  CONSTRAINT `website_record_chk_3` CHECK ((`amount_students_female` >= 0)),
  CONSTRAINT `website_record_chk_4` CHECK ((`amount_students_male` >= 0))
) ENGINE=InnoDB AUTO_INCREMENT=32 DEFAULT CHARSET=utf8mb4 COLLATE=utf8mb4_0900_ai_ci;
/*!40101 SET character_set_client = @saved_cs_client */;

--
-- Dumping data for table `website_record`
--

LOCK TABLES `website_record` WRITE;
/*!40000 ALTER TABLE `website_record` DISABLE KEYS */;
INSERT INTO `website_record` VALUES ('Carsten','Bullemer','2024-02-03','2024-02-08','carsten@navisense.de','01629460280','fvfvvf','','','Herr','vffvfv','2024-02-03 19:53:16.625752',NULL,'Schule',NULL,6,'4137d57df83d4188ace666d193abd5d5','San Pepelone Reisebus','11:00',NULL,NULL,NULL,NULL,'UNANSWERED',2,NULL,0,NULL,NULL),('Lehrer','Welch','2024-02-15','2024-02-15','welch@kayass','rr000','Köln','','','Herr','Kayass Nr 0','2024-02-03 20:28:31.225780',NULL,'Schule','fff',7,'8e88f42fd08942779c819fe847bed2e1','San Pepelone Reisebus','12:00',3,5,5,18954,'UNANSWERED',2,NULL,0,NULL,NULL),('Klaus','Schulz','2024-04-07','2024-12-12','','988888','HAmburg','pdfs/2023-12-20-RG.pdf',NULL,'Herr','Schule Winterhude','2024-02-13 21:01:14.557973',NULL,'Schule','2',10,'5e768d5237d949bcb9890a536395c38e','San Pepelone Reisebus','13:00',3,2,55,3,'UNANSWERED',2,'',0,'15:00',NULL),('meier','meier','2024-02-01','2024-02-15','bullemer@maritimedatasystems.com','+491629460280','ffef','','','Herr','hauptschule','2024-02-14 17:12:36.713522',NULL,'Verein','klasse1',12,'ca534792e0f24d4997785ce2648ad503','San Pepelone Reisebus','10:00',NULL,NULL,NULL,NULL,'UNANSWERED',2,NULL,0,NULL,NULL),('Carsten','Bullemer','2024-02-15','2024-02-15','carsten@navisense.de','01629460280','Hamburg Barmbek - Hamburg Barmbek-Süd','','','Herr','Navisense','2024-02-14 18:00:44.855500',NULL,'Schule','fff',13,'40b90e5847ac498abec60710ad8b9952','San Pepelone Reisebus','10:00',NULL,NULL,NULL,NULL,'UNANSWERED',2,NULL,0,NULL,NULL),('Nadine','Cumpelik','2024-04-07','2024-04-07','john@marine.media','','','',NULL,'Frau','Verein Holzfuß','2024-02-14 21:12:07.834204',NULL,'Verein','Verein',16,'acb47326cebe47649a18e15cb662c523','PKW','10:00',1,1,1,1,'ANSWERED',2,'',1,'10:00',NULL),('Carsten','Bullemer','2024-02-02','2024-02-16','bullemer@maritimedatasystems.com','+491629460280','Hamburg Barmbek-Süd','','','Herr','fecfecd','2024-02-15 17:39:55.451375',NULL,'Schule','',17,'d930e5e13a544720afc1948c2b691315','San Pepelone Reisebus','10:00',NULL,NULL,NULL,NULL,'UNANSWERED',2,NULL,1,NULL,NULL),('Carsten','Bullemer','2024-02-29','2024-02-28','carsten@navisense.de','01629460280','Hamburg Barmbek - Hamburg Barmbek-Süd','',NULL,'Herr','Navisense','2024-02-15 17:49:46.839448',NULL,'Schule','fff',18,'300673e1b66246cdae9e46b3311987b4','San Pepelone Reisebus','10:00',5,6,5,5,'ANSWERED',2,'hallo 1243',1,'10:00',NULL),('Anne','Wendt','2024-04-07','2024-03-10','john@marine.media','','HAmburg','pdfs/5863674115559204-1-1.pdf',NULL,'Frau','Sup Retreat','2024-02-15 19:25:16.762627',NULL,'Uni','Germanistik Studiengang',19,'e7a29f596ab3454da019efcd1725a5d6','Bahn','15:00',4,4,10,1,'ANSWERED',2,'Mehr Bier bitte',0,'10:00',NULL),('Manfred','Wolny','2024-02-21','2024-02-24','carsten@navisense.de','01629460280','Hamburg Barmbek - Hamburg Barmbek-Süd','','Ich bin eine Notiz von San Pepelone','Herr','Fortuna','2024-02-17 14:20:46.546869',NULL,'Verein','F Jugend',20,'ada3b4c5e8ff4406b4c1ae8f1a6c6bc8','bitte wählen','15:00',10,1,10,10,'EMAIL SEND',2,NULL,1,'13:00',NULL),('Annett','Bullemer','2024-04-21','2024-05-17','john@marine.media','123456','','',NULL,'Frau','Uni Regensburg','2024-02-18 15:30:11.836252',NULL,'Uni','1',21,'c02d0b6f8306418c822d106057997245','Bahn','10:00',1,1,1,1,'UNANSWERED',2,'',1,'10:00',NULL),('www','www','2024-05-25','2024-05-17','john@marine.media','','','','','Frau','www','2024-02-18 16:05:39.348745',NULL,'Verein','www',22,'9ef992f13f4f4b9e966a2fb35970ea2b','San Pepelone Reisebus','10:00',NULL,NULL,NULL,NULL,'UNANSWERED',2,NULL,0,'10:00',NULL),('aaaaa','rrr','2024-03-10','2024-03-10','john@marine.media','','','','','Herr','aaaaa','2024-02-18 16:40:34.965862',NULL,'','',23,'0e93e40b118a471ea55e176fd631cdb3','San Pepelone Reisebus','10:00',NULL,NULL,NULL,NULL,'UNANSWERED',2,NULL,0,'10:00',NULL),('Alex','Schlicht','2024-02-22','2024-02-16','john@marine.media','','','pdfs/Vecteezy-1.pdf','','Frau','Campinggruppe','2024-02-19 13:53:05.506538',NULL,'Uni','',24,'de20a1f82c0c45a2a4172bc63cad149f','San Pepelone Reisebus','10:00',NULL,NULL,NULL,NULL,'UNANSWERED',2,NULL,0,'10:00',NULL),('Neuer','Eintrag','2024-02-23','2024-02-22','john@marine.media','','','','','Herr','Neuer Eintrag Schule','2024-02-19 14:51:20.312954',NULL,'Uni','7c',25,'4e90aed8a979461a8244a0204b401302','San Pepelone Reisebus','10:00',NULL,NULL,NULL,NULL,'UNANSWERED',4,NULL,0,'10:00',NULL),('Ding','Dong','2024-04-28','2024-02-24','john@marine.media','','','','','Herr','Jungfräuliches','2024-02-19 15:56:53.943598',NULL,'','',26,'d3cc421b58234b8e8f38b1c0e3ca9f96','bitte wählen','10:00',NULL,NULL,NULL,NULL,'UNANSWERED',2,NULL,0,'10:00',NULL),('Carsten','Bullemer','2024-02-01','2024-02-22','carsten@navisense.de','01629460280','Hamburg Barmbek - Hamburg Barmbek-Süd','','','Herr','Navisense','2024-02-19 21:12:02.004054',NULL,'Schule','',27,'308c23b403274c2da820079152ae6575','San Pepelone Reisebus','10:00',NULL,NULL,NULL,NULL,'UNANSWERED',2,NULL,0,'10:00',NULL),('Alle','Doof','2024-02-20','2024-02-29','bullemer@maritimedatasystems.com','+491629460280','Oeln','','','Herr','FC Koelle','2024-02-19 21:17:41.363454',NULL,'Schule','f',28,'1ceae378039a4abdb5f0cd2ec6b1d10b','San Pepelone Reisebus','10:00',NULL,NULL,NULL,NULL,'UNANSWERED',2,NULL,1,'10:00',NULL),('Carsten','Bullemer','2024-02-02','2024-02-14','bullemer@maritimedatasystems.com','+491629460280','Hamburg Barmbek-Süd','','','Herr','Maritime Data Systems GmbH','2024-02-19 21:23:40.212508',NULL,'Schule','',29,'1bc91bb383ad4909abba834fecf3ccfd','bitte wählen','10:00',NULL,NULL,NULL,NULL,'UNANSWERED',4,NULL,0,'10:00',NULL),('Carsten','Bullemer','2024-02-08','2024-02-14','bullemer@maritimedatasystems.com','+491629460280','Hamburg Barmbek-Süd','','','Frau','Maritime Data Systems GmbH','2024-02-19 21:36:35.091411',NULL,'Schule','',30,'c08e99a4ba084f748e6c5736272e4cb0','bitte wählen','10:00',NULL,NULL,NULL,NULL,'UNANSWERED',4,NULL,0,'10:00',5),('Test 1','Nachname','2024-04-28','2024-04-21','john@marine.media','','','',NULL,'Herr','Schule 1','2024-02-19 22:13:05.198136',NULL,'Schule','Klasse Test1',31,'8e9c71aabab248e1aa58281f390954c0','bitte wählen','10:00',1,1,1,1,'ANSWERED',2,'',1,'10:00',5);
/*!40000 ALTER TABLE `website_record` ENABLE KEYS */;
UNLOCK TABLES;

--
-- Table structure for table `website_record_subpaket`
--

DROP TABLE IF EXISTS `website_record_subpaket`;
/*!40101 SET @saved_cs_client     = @@character_set_client */;
/*!50503 SET character_set_client = utf8mb4 */;
CREATE TABLE `website_record_subpaket` (
  `id` bigint NOT NULL AUTO_INCREMENT,
  `record_id` bigint NOT NULL,
  `subpaket_id` bigint NOT NULL,
  PRIMARY KEY (`id`),
  UNIQUE KEY `website_record_subpakete_record_id_subpaket_id_ea0f103a_uniq` (`record_id`,`subpaket_id`),
  KEY `website_record_subpa_subpaket_id_dc56cadc_fk_website_s` (`subpaket_id`),
  CONSTRAINT `website_record_subpa_subpaket_id_dc56cadc_fk_website_s` FOREIGN KEY (`subpaket_id`) REFERENCES `website_subpaket` (`id`),
  CONSTRAINT `website_record_subpakete_record_id_1c37fac8_fk_website_record_id` FOREIGN KEY (`record_id`) REFERENCES `website_record` (`id`)
) ENGINE=InnoDB AUTO_INCREMENT=67 DEFAULT CHARSET=utf8mb4 COLLATE=utf8mb4_0900_ai_ci;
/*!40101 SET character_set_client = @saved_cs_client */;

--
-- Dumping data for table `website_record_subpaket`
--

LOCK TABLES `website_record_subpaket` WRITE;
/*!40000 ALTER TABLE `website_record_subpaket` DISABLE KEYS */;
INSERT INTO `website_record_subpaket` VALUES (55,10,8),(61,16,7),(59,18,6),(66,19,8),(57,20,9),(60,21,7);
/*!40000 ALTER TABLE `website_record_subpaket` ENABLE KEYS */;
UNLOCK TABLES;

--
-- Table structure for table `website_subpaket`
--

DROP TABLE IF EXISTS `website_subpaket`;
/*!40101 SET @saved_cs_client     = @@character_set_client */;
/*!50503 SET character_set_client = utf8mb4 */;
CREATE TABLE `website_subpaket` (
  `id` bigint NOT NULL AUTO_INCREMENT,
  `bezeichnung` varchar(50) DEFAULT NULL,
  `content` varchar(800) DEFAULT NULL,
  `ausflugspaket_id` bigint DEFAULT NULL,
  PRIMARY KEY (`id`),
  KEY `website_subpaket_ausflugspaket_id_8e7c1541_fk_website_a` (`ausflugspaket_id`),
  CONSTRAINT `website_subpaket_ausflugspaket_id_8e7c1541_fk_website_a` FOREIGN KEY (`ausflugspaket_id`) REFERENCES `website_ausflugspaket` (`id`)
) ENGINE=InnoDB AUTO_INCREMENT=15 DEFAULT CHARSET=utf8mb4 COLLATE=utf8mb4_0900_ai_ci;
/*!40101 SET character_set_client = @saved_cs_client */;

--
-- Dumping data for table `website_subpaket`
--

LOCK TABLES `website_subpaket` WRITE;
/*!40000 ALTER TABLE `website_subpaket` DISABLE KEYS */;
INSERT INTO `website_subpaket` VALUES (6,'Radtour','-- Dauer: 3,5 h (nicht betreut) Kosten: 5 Euro p.P.',2),(7,'Kletterfelsen','-- (betreut) Kosten: 5 Euro p.P.',2),(8,'Kanu/SUP','-- (nicht betreut) Kosten: 5 Euro p.P.',2),(9,'Wismar','-- (nicht betreut) Kosten: 5 Euro p.P.',4),(10,'Windsurfen / Klettern / Kanu & SUP','-- (betreut) Kosten: 5 Euro p.P.',4),(11,'Sozial Pädagogische oder H²O Spiele','-- (betreut) Kosten: 5 Euro p.P.',4),(12,'Windsurfen / Kanu & SUP','-- (nicht betreut) Kosten: 5 Euro p.P.',4),(13,'Radtour','-- Dauer: 3,5 h (nicht betreut) Kosten: 5 Euro p.P.',4),(14,'Nutzung kostenfreie Angebote','-- z.B. Fußball, Volleyball, TT, Set sozial pädagogische Spiele, SP Rally',4);
/*!40000 ALTER TABLE `website_subpaket` ENABLE KEYS */;
UNLOCK TABLES;
/*!40103 SET TIME_ZONE=@OLD_TIME_ZONE */;

/*!40101 SET SQL_MODE=@OLD_SQL_MODE */;
/*!40014 SET FOREIGN_KEY_CHECKS=@OLD_FOREIGN_KEY_CHECKS */;
/*!40014 SET UNIQUE_CHECKS=@OLD_UNIQUE_CHECKS */;
/*!40101 SET CHARACTER_SET_CLIENT=@OLD_CHARACTER_SET_CLIENT */;
/*!40101 SET CHARACTER_SET_RESULTS=@OLD_CHARACTER_SET_RESULTS */;
/*!40101 SET COLLATION_CONNECTION=@OLD_COLLATION_CONNECTION */;
/*!40111 SET SQL_NOTES=@OLD_SQL_NOTES */;

-- Dump completed on 2024-02-20  0:02:44
