-- MySQL dump 10.13  Distrib 8.0.35, for Linux (x86_64)
--
-- Host: localhost    Database: RESERVATION
-- ------------------------------------------------------
-- Server version	8.0.35-0ubuntu0.22.04.1

/*!40101 SET @OLD_CHARACTER_SET_CLIENT=@@CHARACTER_SET_CLIENT */;
/*!40101 SET @OLD_CHARACTER_SET_RESULTS=@@CHARACTER_SET_RESULTS */;
/*!40101 SET @OLD_COLLATION_CONNECTION=@@COLLATION_CONNECTION */;
/*!50503 SET NAMES utf8mb4 */;
/*!40103 SET @OLD_TIME_ZONE=@@TIME_ZONE */;
/*!40103 SET TIME_ZONE='+00:00' */;
/*!40014 SET @OLD_UNIQUE_CHECKS=@@UNIQUE_CHECKS, UNIQUE_CHECKS=0 */;
/*!40014 SET @OLD_FOREIGN_KEY_CHECKS=@@FOREIGN_KEY_CHECKS, FOREIGN_KEY_CHECKS=0 */;
/*!40101 SET @OLD_SQL_MODE=@@SQL_MODE, SQL_MODE='NO_AUTO_VALUE_ON_ZERO' */;
/*!40111 SET @OLD_SQL_NOTES=@@SQL_NOTES, SQL_NOTES=0 */;

--
-- Table structure for table `auth_group`
--

DROP TABLE IF EXISTS `auth_group`;
/*!40101 SET @saved_cs_client     = @@character_set_client */;
/*!50503 SET character_set_client = utf8mb4 */;
CREATE TABLE `auth_group` (
  `id` int NOT NULL AUTO_INCREMENT,
  `name` varchar(150) NOT NULL,
  PRIMARY KEY (`id`),
  UNIQUE KEY `name` (`name`)
) ENGINE=InnoDB DEFAULT CHARSET=utf8mb4 COLLATE=utf8mb4_0900_ai_ci;
/*!40101 SET character_set_client = @saved_cs_client */;

--
-- Dumping data for table `auth_group`
--

LOCK TABLES `auth_group` WRITE;
/*!40000 ALTER TABLE `auth_group` DISABLE KEYS */;
/*!40000 ALTER TABLE `auth_group` ENABLE KEYS */;
UNLOCK TABLES;

--
-- Table structure for table `auth_group_permissions`
--

DROP TABLE IF EXISTS `auth_group_permissions`;
/*!40101 SET @saved_cs_client     = @@character_set_client */;
/*!50503 SET character_set_client = utf8mb4 */;
CREATE TABLE `auth_group_permissions` (
  `id` bigint NOT NULL AUTO_INCREMENT,
  `group_id` int NOT NULL,
  `permission_id` int NOT NULL,
  PRIMARY KEY (`id`),
  UNIQUE KEY `auth_group_permissions_group_id_permission_id_0cd325b0_uniq` (`group_id`,`permission_id`),
  KEY `auth_group_permissio_permission_id_84c5c92e_fk_auth_perm` (`permission_id`),
  CONSTRAINT `auth_group_permissio_permission_id_84c5c92e_fk_auth_perm` FOREIGN KEY (`permission_id`) REFERENCES `auth_permission` (`id`),
  CONSTRAINT `auth_group_permissions_group_id_b120cbf9_fk_auth_group_id` FOREIGN KEY (`group_id`) REFERENCES `auth_group` (`id`)
) ENGINE=InnoDB DEFAULT CHARSET=utf8mb4 COLLATE=utf8mb4_0900_ai_ci;
/*!40101 SET character_set_client = @saved_cs_client */;

--
-- Dumping data for table `auth_group_permissions`
--

LOCK TABLES `auth_group_permissions` WRITE;
/*!40000 ALTER TABLE `auth_group_permissions` DISABLE KEYS */;
/*!40000 ALTER TABLE `auth_group_permissions` ENABLE KEYS */;
UNLOCK TABLES;

--
-- Table structure for table `auth_permission`
--

DROP TABLE IF EXISTS `auth_permission`;
/*!40101 SET @saved_cs_client     = @@character_set_client */;
/*!50503 SET character_set_client = utf8mb4 */;
CREATE TABLE `auth_permission` (
  `id` int NOT NULL AUTO_INCREMENT,
  `name` varchar(255) NOT NULL,
  `content_type_id` int NOT NULL,
  `codename` varchar(100) NOT NULL,
  PRIMARY KEY (`id`),
  UNIQUE KEY `auth_permission_content_type_id_codename_01ab375a_uniq` (`content_type_id`,`codename`),
  CONSTRAINT `auth_permission_content_type_id_2f476e4b_fk_django_co` FOREIGN KEY (`content_type_id`) REFERENCES `django_content_type` (`id`)
) ENGINE=InnoDB AUTO_INCREMENT=85 DEFAULT CHARSET=utf8mb4 COLLATE=utf8mb4_0900_ai_ci;
/*!40101 SET character_set_client = @saved_cs_client */;

--
-- Dumping data for table `auth_permission`
--

LOCK TABLES `auth_permission` WRITE;
/*!40000 ALTER TABLE `auth_permission` DISABLE KEYS */;
INSERT INTO `auth_permission` VALUES (1,'Can add log entry',1,'add_logentry'),(2,'Can change log entry',1,'change_logentry'),(3,'Can delete log entry',1,'delete_logentry'),(4,'Can view log entry',1,'view_logentry'),(5,'Can add permission',2,'add_permission'),(6,'Can change permission',2,'change_permission'),(7,'Can delete permission',2,'delete_permission'),(8,'Can view permission',2,'view_permission'),(9,'Can add group',3,'add_group'),(10,'Can change group',3,'change_group'),(11,'Can delete group',3,'delete_group'),(12,'Can view group',3,'view_group'),(13,'Can add user',4,'add_user'),(14,'Can change user',4,'change_user'),(15,'Can delete user',4,'delete_user'),(16,'Can view user',4,'view_user'),(17,'Can add content type',5,'add_contenttype'),(18,'Can change content type',5,'change_contenttype'),(19,'Can delete content type',5,'delete_contenttype'),(20,'Can view content type',5,'view_contenttype'),(21,'Can add session',6,'add_session'),(22,'Can change session',6,'change_session'),(23,'Can delete session',6,'delete_session'),(24,'Can view session',6,'view_session'),(25,'Can add record',7,'add_record'),(26,'Can change record',7,'change_record'),(27,'Can delete record',7,'delete_record'),(28,'Can view record',7,'view_record'),(29,'Can add guest',8,'add_guest'),(30,'Can change guest',8,'change_guest'),(31,'Can delete guest',8,'delete_guest'),(32,'Can view guest',8,'view_guest'),(33,'Can add room',9,'add_room'),(34,'Can change room',9,'change_room'),(35,'Can delete room',9,'delete_room'),(36,'Can view room',9,'view_room'),(37,'Can add reservation',10,'add_reservation'),(38,'Can change reservation',10,'change_reservation'),(39,'Can delete reservation',10,'delete_reservation'),(40,'Can view reservation',10,'view_reservation'),(41,'Can add ausflugspaket',11,'add_ausflugspaket'),(42,'Can change ausflugspaket',11,'change_ausflugspaket'),(43,'Can delete ausflugspaket',11,'delete_ausflugspaket'),(44,'Can view ausflugspaket',11,'view_ausflugspaket'),(45,'Can add emailtemplate',12,'add_emailtemplate'),(46,'Can change emailtemplate',12,'change_emailtemplate'),(47,'Can delete emailtemplate',12,'delete_emailtemplate'),(48,'Can view emailtemplate',12,'view_emailtemplate'),(49,'Can add subpaket',13,'add_subpaket'),(50,'Can change subpaket',13,'change_subpaket'),(51,'Can delete subpaket',13,'delete_subpaket'),(52,'Can view subpaket',13,'view_subpaket'),(53,'Can add email',14,'add_email'),(54,'Can change email',14,'change_email'),(55,'Can delete email',14,'delete_email'),(56,'Can view email',14,'view_email'),(57,'Can add email log',15,'add_emaillog'),(58,'Can change email log',15,'change_emaillog'),(59,'Can delete email log',15,'delete_emaillog'),(60,'Can view email log',15,'view_emaillog'),(61,'Can add Email',16,'add_simplemail'),(62,'Can change Email',16,'change_simplemail'),(63,'Can delete Email',16,'delete_simplemail'),(64,'Can view Email',16,'view_simplemail'),(65,'Can add Configuration',17,'add_simplemailconfig'),(66,'Can change Configuration',17,'change_simplemailconfig'),(67,'Can delete Configuration',17,'delete_simplemailconfig'),(68,'Can view Configuration',17,'view_simplemailconfig'),(69,'Can add Attachment',18,'add_attachment'),(70,'Can change Attachment',18,'change_attachment'),(71,'Can delete Attachment',18,'delete_attachment'),(72,'Can view Attachment',18,'view_attachment'),(73,'Can add Email',19,'add_email'),(74,'Can change Email',19,'change_email'),(75,'Can delete Email',19,'delete_email'),(76,'Can view Email',19,'view_email'),(77,'Can add Email Template',20,'add_emailtemplate'),(78,'Can change Email Template',20,'change_emailtemplate'),(79,'Can delete Email Template',20,'delete_emailtemplate'),(80,'Can view Email Template',20,'view_emailtemplate'),(81,'Can add Log',21,'add_log'),(82,'Can change Log',21,'change_log'),(83,'Can delete Log',21,'delete_log'),(84,'Can view Log',21,'view_log');
/*!40000 ALTER TABLE `auth_permission` ENABLE KEYS */;
UNLOCK TABLES;

--
-- Table structure for table `auth_user`
--

DROP TABLE IF EXISTS `auth_user`;
/*!40101 SET @saved_cs_client     = @@character_set_client */;
/*!50503 SET character_set_client = utf8mb4 */;
CREATE TABLE `auth_user` (
  `id` int NOT NULL AUTO_INCREMENT,
  `password` varchar(128) NOT NULL,
  `last_login` datetime(6) DEFAULT NULL,
  `is_superuser` tinyint(1) NOT NULL,
  `username` varchar(150) NOT NULL,
  `first_name` varchar(150) NOT NULL,
  `last_name` varchar(150) NOT NULL,
  `email` varchar(254) NOT NULL,
  `is_staff` tinyint(1) NOT NULL,
  `is_active` tinyint(1) NOT NULL,
  `date_joined` datetime(6) NOT NULL,
  PRIMARY KEY (`id`),
  UNIQUE KEY `username` (`username`)
) ENGINE=InnoDB AUTO_INCREMENT=6 DEFAULT CHARSET=utf8mb4 COLLATE=utf8mb4_0900_ai_ci;
/*!40101 SET character_set_client = @saved_cs_client */;

--
-- Dumping data for table `auth_user`
--

LOCK TABLES `auth_user` WRITE;
/*!40000 ALTER TABLE `auth_user` DISABLE KEYS */;
INSERT INTO `auth_user` VALUES (1,'pbkdf2_sha256$720000$gFdr9mSqFWbSUSUmGVmhGE$cnFD4F2MC5I8sAeh7DcteYz4iwla7G83gyW6IqVSbo8=','2024-01-25 00:30:54.304184',1,'admin','','','carsten@navisense.de',1,1,'2024-01-24 22:57:13.489390'),(5,'pbkdf2_sha256$720000$u0XtdplIPU8UR8PibUHx9m$sGlTOoFAXmEhjBYQeK1F/dVftnzPkRcis+IznvnD57Q=','2024-02-17 15:19:30.352659',1,'superuser','','','',1,1,'2024-01-25 09:01:07.000000');
/*!40000 ALTER TABLE `auth_user` ENABLE KEYS */;
UNLOCK TABLES;

--
-- Table structure for table `auth_user_groups`
--

DROP TABLE IF EXISTS `auth_user_groups`;
/*!40101 SET @saved_cs_client     = @@character_set_client */;
/*!50503 SET character_set_client = utf8mb4 */;
CREATE TABLE `auth_user_groups` (
  `id` bigint NOT NULL AUTO_INCREMENT,
  `user_id` int NOT NULL,
  `group_id` int NOT NULL,
  PRIMARY KEY (`id`),
  UNIQUE KEY `auth_user_groups_user_id_group_id_94350c0c_uniq` (`user_id`,`group_id`),
  KEY `auth_user_groups_group_id_97559544_fk_auth_group_id` (`group_id`),
  CONSTRAINT `auth_user_groups_group_id_97559544_fk_auth_group_id` FOREIGN KEY (`group_id`) REFERENCES `auth_group` (`id`),
  CONSTRAINT `auth_user_groups_user_id_6a12ed8b_fk_auth_user_id` FOREIGN KEY (`user_id`) REFERENCES `auth_user` (`id`)
) ENGINE=InnoDB DEFAULT CHARSET=utf8mb4 COLLATE=utf8mb4_0900_ai_ci;
/*!40101 SET character_set_client = @saved_cs_client */;

--
-- Dumping data for table `auth_user_groups`
--

LOCK TABLES `auth_user_groups` WRITE;
/*!40000 ALTER TABLE `auth_user_groups` DISABLE KEYS */;
/*!40000 ALTER TABLE `auth_user_groups` ENABLE KEYS */;
UNLOCK TABLES;

--
-- Table structure for table `auth_user_user_permissions`
--

DROP TABLE IF EXISTS `auth_user_user_permissions`;
/*!40101 SET @saved_cs_client     = @@character_set_client */;
/*!50503 SET character_set_client = utf8mb4 */;
CREATE TABLE `auth_user_user_permissions` (
  `id` bigint NOT NULL AUTO_INCREMENT,
  `user_id` int NOT NULL,
  `permission_id` int NOT NULL,
  PRIMARY KEY (`id`),
  UNIQUE KEY `auth_user_user_permissions_user_id_permission_id_14a6b632_uniq` (`user_id`,`permission_id`),
  KEY `auth_user_user_permi_permission_id_1fbb5f2c_fk_auth_perm` (`permission_id`),
  CONSTRAINT `auth_user_user_permi_permission_id_1fbb5f2c_fk_auth_perm` FOREIGN KEY (`permission_id`) REFERENCES `auth_permission` (`id`),
  CONSTRAINT `auth_user_user_permissions_user_id_a95ead1b_fk_auth_user_id` FOREIGN KEY (`user_id`) REFERENCES `auth_user` (`id`)
) ENGINE=InnoDB AUTO_INCREMENT=85 DEFAULT CHARSET=utf8mb4 COLLATE=utf8mb4_0900_ai_ci;
/*!40101 SET character_set_client = @saved_cs_client */;

--
-- Dumping data for table `auth_user_user_permissions`
--

LOCK TABLES `auth_user_user_permissions` WRITE;
/*!40000 ALTER TABLE `auth_user_user_permissions` DISABLE KEYS */;
INSERT INTO `auth_user_user_permissions` VALUES (1,5,1),(2,5,2),(3,5,3),(4,5,4),(5,5,5),(6,5,6),(7,5,7),(8,5,8),(9,5,9),(10,5,10),(11,5,11),(12,5,12),(13,5,13),(14,5,14),(15,5,15),(16,5,16),(17,5,17),(18,5,18),(19,5,19),(20,5,20),(21,5,21),(22,5,22),(23,5,23),(24,5,24),(25,5,25),(26,5,26),(27,5,27),(28,5,28),(29,5,29),(30,5,30),(31,5,31),(32,5,32),(33,5,33),(34,5,34),(35,5,35),(36,5,36),(37,5,37),(38,5,38),(39,5,39),(40,5,40),(41,5,41),(42,5,42),(43,5,43),(44,5,44),(45,5,45),(46,5,46),(47,5,47),(48,5,48),(49,5,49),(50,5,50),(51,5,51),(52,5,52),(53,5,53),(54,5,54),(55,5,55),(56,5,56),(57,5,57),(58,5,58),(59,5,59),(60,5,60),(61,5,61),(62,5,62),(63,5,63),(64,5,64),(65,5,65),(66,5,66),(67,5,67),(68,5,68),(69,5,69),(70,5,70),(71,5,71),(72,5,72),(73,5,73),(74,5,74),(75,5,75),(76,5,76),(77,5,77),(78,5,78),(79,5,79),(80,5,80),(81,5,81),(82,5,82),(83,5,83),(84,5,84);
/*!40000 ALTER TABLE `auth_user_user_permissions` ENABLE KEYS */;
UNLOCK TABLES;

--
-- Table structure for table `django_admin_log`
--

DROP TABLE IF EXISTS `django_admin_log`;
/*!40101 SET @saved_cs_client     = @@character_set_client */;
/*!50503 SET character_set_client = utf8mb4 */;
CREATE TABLE `django_admin_log` (
  `id` int NOT NULL AUTO_INCREMENT,
  `action_time` datetime(6) NOT NULL,
  `object_id` longtext,
  `object_repr` varchar(200) NOT NULL,
  `action_flag` smallint unsigned NOT NULL,
  `change_message` longtext NOT NULL,
  `content_type_id` int DEFAULT NULL,
  `user_id` int NOT NULL,
  PRIMARY KEY (`id`),
  KEY `django_admin_log_content_type_id_c4bce8eb_fk_django_co` (`content_type_id`),
  KEY `django_admin_log_user_id_c564eba6_fk_auth_user_id` (`user_id`),
  CONSTRAINT `django_admin_log_content_type_id_c4bce8eb_fk_django_co` FOREIGN KEY (`content_type_id`) REFERENCES `django_content_type` (`id`),
  CONSTRAINT `django_admin_log_user_id_c564eba6_fk_auth_user_id` FOREIGN KEY (`user_id`) REFERENCES `auth_user` (`id`),
  CONSTRAINT `django_admin_log_chk_1` CHECK ((`action_flag` >= 0))
) ENGINE=InnoDB AUTO_INCREMENT=54 DEFAULT CHARSET=utf8mb4 COLLATE=utf8mb4_0900_ai_ci;
/*!40101 SET character_set_client = @saved_cs_client */;

--
-- Dumping data for table `django_admin_log`
--

LOCK TABLES `django_admin_log` WRITE;
/*!40000 ALTER TABLE `django_admin_log` DISABLE KEYS */;
INSERT INTO `django_admin_log` VALUES (1,'2024-01-25 00:33:09.727611','2','carsten',3,'',4,1),(2,'2024-01-25 00:33:32.529631','3','carsten',1,'[{\"added\": {}}]',4,1),(3,'2024-01-25 09:02:33.555187','3','carsten',3,'',4,5),(4,'2024-01-25 09:02:33.565677','4','test',3,'',4,5),(5,'2024-02-01 18:37:05.915691','1','Ausflugspaket object (1)',1,'[{\"added\": {}}]',11,5),(6,'2024-02-01 18:37:36.495766','2','Ausflugspaket object (2)',1,'[{\"added\": {}}]',11,5),(7,'2024-02-01 18:39:20.594157','1','Subpaket object (1)',1,'[{\"added\": {}}]',13,5),(8,'2024-02-01 18:39:29.161819','2','Subpaket object (2)',1,'[{\"added\": {}}]',13,5),(9,'2024-02-01 18:42:52.452793','2','Ausflugspaket object (2)',2,'[]',11,5),(10,'2024-02-01 23:26:13.021025','5','hamburg Bullemer',2,'[{\"changed\": {\"fields\": [\"Arrival date\", \"Planned arrival time\"]}}]',7,5),(11,'2024-02-03 22:07:51.821628','2','A- Ausflugspaket Kanutour',2,'[{\"changed\": {\"fields\": [\"Content\"]}}]',13,5),(12,'2024-02-03 22:08:04.306291','3','B - Ausflugspaket Puffbesuch',1,'[{\"added\": {}}]',13,5),(13,'2024-02-03 22:08:21.510365','4','B - Ausflugspaket Zoo',1,'[{\"added\": {}}]',13,5),(14,'2024-02-13 16:36:17.019720','1','Simple Mail Configuration',2,'[{\"changed\": {\"fields\": [\"Footer\", \"Header background\", \"Body background\", \"Body links\", \"Button content\", \"Button background\", \"Footer content\", \"Footer Link\"]}}]',17,5),(15,'2024-02-13 19:03:56.515552','5','superuser',2,'[{\"changed\": {\"fields\": [\"User permissions\"]}}]',4,5),(16,'2024-02-13 19:04:18.605722','5','superuser',2,'[]',4,5),(17,'2024-02-13 20:16:31.347402','1','Schule ',1,'[{\"added\": {}}]',20,5),(18,'2024-02-13 20:17:44.262337','5','superuser',2,'[{\"changed\": {\"fields\": [\"User permissions\"]}}]',4,5),(19,'2024-02-13 20:21:49.676504','5','superuser',2,'[]',4,5),(20,'2024-02-13 20:29:21.993122','1','schule ',2,'[{\"changed\": {\"fields\": [\"Name\"]}}]',20,5),(21,'2024-02-13 21:40:56.902397','2','Option 1: Windsurf Premium Paket',2,'[{\"changed\": {\"fields\": [\"Bezeichnung\", \"Content\"]}}]',11,5),(22,'2024-02-13 21:42:04.490823','1','Option 2: Wassersport und Freizeit Paket',2,'[{\"changed\": {\"fields\": [\"Bezeichnung\", \"Content\"]}}]',11,5),(23,'2024-02-13 21:42:23.740769','2','Windsurf Premium Paket',2,'[{\"changed\": {\"fields\": [\"Bezeichnung\"]}}]',11,5),(24,'2024-02-13 21:42:29.368964','1','Wassersport und Freizeit Paket',2,'[{\"changed\": {\"fields\": [\"Bezeichnung\"]}}]',11,5),(25,'2024-02-13 21:45:49.359376','5',' VDWS Schein',1,'[{\"added\": {}}]',13,5),(26,'2024-02-13 21:46:51.824183','6',' Radtour',1,'[{\"added\": {}}]',13,5),(27,'2024-02-13 21:47:44.255500','7',' Kletterfelsen',1,'[{\"added\": {}}]',13,5),(28,'2024-02-13 21:48:10.980855','8',' Kanu/SUP',1,'[{\"added\": {}}]',13,5),(29,'2024-02-13 22:01:18.646626','4',' Zoo',3,'',13,5),(30,'2024-02-13 22:01:27.867393','3',' Puffbesuch',3,'',13,5),(31,'2024-02-13 22:14:10.438401','9',' Wismar',1,'[{\"added\": {}}]',13,5),(32,'2024-02-13 22:14:59.297424','10',' Windsurfen / Klettern / Kanu & SUP',1,'[{\"added\": {}}]',13,5),(33,'2024-02-13 22:15:33.699318','11',' Sozial Pädagogische oder H²O Spiele',1,'[{\"added\": {}}]',13,5),(34,'2024-02-13 22:16:22.467838','12',' Windsurfen / Kanu & SUP',1,'[{\"added\": {}}]',13,5),(35,'2024-02-13 22:16:50.200285','13',' Radtour',1,'[{\"added\": {}}]',13,5),(36,'2024-02-13 22:17:17.024301','1',' VDWS Windsurfing',3,'',13,5),(37,'2024-02-14 20:05:21.007346','2','test ',1,'[{\"added\": {}}]',20,5),(38,'2024-02-14 20:05:36.848544','2','test ',2,'[{\"changed\": {\"fields\": [\"HTML content\"]}}]',20,5),(39,'2024-02-14 21:04:22.937572','1','Wassersport und Freizeit Paket',3,'',11,5),(40,'2024-02-14 21:09:29.124109','3','Windsurf Premium Paket',1,'[{\"added\": {}}]',11,5),(41,'2024-02-14 21:10:22.262875','3','Windsurf Premium Paket',3,'',11,5),(42,'2024-02-14 21:10:34.879542','4','Wassersport und Freizeit Paket',1,'[{\"added\": {}}]',11,5),(43,'2024-02-14 21:14:34.994767','13',' Radtour',2,'[{\"changed\": {\"fields\": [\"Ausflugspaket\"]}}]',13,5),(44,'2024-02-14 21:14:41.618871','12',' Windsurfen / Kanu & SUP',2,'[{\"changed\": {\"fields\": [\"Ausflugspaket\"]}}]',13,5),(45,'2024-02-14 21:14:46.044462','11',' Sozial Pädagogische oder H²O Spiele',2,'[{\"changed\": {\"fields\": [\"Ausflugspaket\"]}}]',13,5),(46,'2024-02-14 21:14:50.029324','10',' Windsurfen / Klettern / Kanu & SUP',2,'[{\"changed\": {\"fields\": [\"Ausflugspaket\"]}}]',13,5),(47,'2024-02-14 21:14:54.501837','9',' Wismar',2,'[{\"changed\": {\"fields\": [\"Ausflugspaket\"]}}]',13,5),(48,'2024-02-14 21:14:57.836093','8',' Kanu/SUP',2,'[]',13,5),(49,'2024-02-14 21:15:02.526814','8',' Kanu/SUP',2,'[]',13,5),(50,'2024-02-14 21:15:04.885118','7',' Kletterfelsen',2,'[]',13,5),(51,'2024-02-14 21:15:08.983387','6',' Radtour',2,'[]',13,5),(52,'2024-02-14 21:15:12.879467','5',' VDWS Schein',2,'[]',13,5),(53,'2024-02-17 14:52:44.045025','2',' Kanutour',3,'',13,5);
/*!40000 ALTER TABLE `django_admin_log` ENABLE KEYS */;
UNLOCK TABLES;

--
-- Table structure for table `django_content_type`
--

DROP TABLE IF EXISTS `django_content_type`;
/*!40101 SET @saved_cs_client     = @@character_set_client */;
/*!50503 SET character_set_client = utf8mb4 */;
CREATE TABLE `django_content_type` (
  `id` int NOT NULL AUTO_INCREMENT,
  `app_label` varchar(100) NOT NULL,
  `model` varchar(100) NOT NULL,
  PRIMARY KEY (`id`),
  UNIQUE KEY `django_content_type_app_label_model_76bd3d3b_uniq` (`app_label`,`model`)
) ENGINE=InnoDB AUTO_INCREMENT=22 DEFAULT CHARSET=utf8mb4 COLLATE=utf8mb4_0900_ai_ci;
/*!40101 SET character_set_client = @saved_cs_client */;

--
-- Dumping data for table `django_content_type`
--

LOCK TABLES `django_content_type` WRITE;
/*!40000 ALTER TABLE `django_content_type` DISABLE KEYS */;
INSERT INTO `django_content_type` VALUES (1,'admin','logentry'),(3,'auth','group'),(2,'auth','permission'),(4,'auth','user'),(5,'contenttypes','contenttype'),(8,'guest','guest'),(10,'main','reservation'),(18,'post_office','attachment'),(19,'post_office','email'),(20,'post_office','emailtemplate'),(21,'post_office','log'),(9,'room','room'),(6,'sessions','session'),(16,'simple_mail','simplemail'),(17,'simple_mail','simplemailconfig'),(11,'website','ausflugspaket'),(14,'website','email'),(15,'website','emaillog'),(12,'website','emailtemplate'),(7,'website','record'),(13,'website','subpaket');
/*!40000 ALTER TABLE `django_content_type` ENABLE KEYS */;
UNLOCK TABLES;

--
-- Table structure for table `django_migrations`
--

DROP TABLE IF EXISTS `django_migrations`;
/*!40101 SET @saved_cs_client     = @@character_set_client */;
/*!50503 SET character_set_client = utf8mb4 */;
CREATE TABLE `django_migrations` (
  `id` bigint NOT NULL AUTO_INCREMENT,
  `app` varchar(255) NOT NULL,
  `name` varchar(255) NOT NULL,
  `applied` datetime(6) NOT NULL,
  PRIMARY KEY (`id`)
) ENGINE=InnoDB AUTO_INCREMENT=71 DEFAULT CHARSET=utf8mb4 COLLATE=utf8mb4_0900_ai_ci;
/*!40101 SET character_set_client = @saved_cs_client */;

--
-- Dumping data for table `django_migrations`
--

LOCK TABLES `django_migrations` WRITE;
/*!40000 ALTER TABLE `django_migrations` DISABLE KEYS */;
INSERT INTO `django_migrations` VALUES (1,'contenttypes','0001_initial','2024-01-24 22:49:10.326829'),(2,'auth','0001_initial','2024-01-24 22:49:12.048882'),(3,'admin','0001_initial','2024-01-24 22:49:12.465016'),(4,'admin','0002_logentry_remove_auto_add','2024-01-24 22:49:12.487712'),(5,'admin','0003_logentry_add_action_flag_choices','2024-01-24 22:49:12.502032'),(6,'contenttypes','0002_remove_content_type_name','2024-01-24 22:49:12.735174'),(7,'auth','0002_alter_permission_name_max_length','2024-01-24 22:49:12.919468'),(8,'auth','0003_alter_user_email_max_length','2024-01-24 22:49:12.975196'),(9,'auth','0004_alter_user_username_opts','2024-01-24 22:49:13.006088'),(10,'auth','0005_alter_user_last_login_null','2024-01-24 22:49:13.166239'),(11,'auth','0006_require_contenttypes_0002','2024-01-24 22:49:13.178754'),(12,'auth','0007_alter_validators_add_error_messages','2024-01-24 22:49:13.202618'),(13,'auth','0008_alter_user_username_max_length','2024-01-24 22:49:13.392463'),(14,'auth','0009_alter_user_last_name_max_length','2024-01-24 22:49:13.588444'),(15,'auth','0010_alter_group_name_max_length','2024-01-24 22:49:13.637626'),(16,'auth','0011_update_proxy_permissions','2024-01-24 22:49:13.663266'),(17,'auth','0012_alter_user_first_name_max_length','2024-01-24 22:49:13.870155'),(18,'sessions','0001_initial','2024-01-24 22:49:14.003811'),(25,'website','0001_initial','2024-02-01 11:55:15.235287'),(26,'website','0002_record_organisationtype_record_schoolclass_and_more','2024-02-01 12:40:04.896958'),(27,'website','0003_alter_record_reservation','2024-02-01 12:59:37.338973'),(28,'website','0004_remove_record_id_alter_record_reservation','2024-02-01 13:20:04.802822'),(29,'website','0002_alter_record_id','2024-02-01 13:40:34.280720'),(30,'website','0003_alter_record_id','2024-02-01 13:40:34.449050'),(31,'website','0004_record_uuid_alter_record_id','2024-02-01 13:50:23.523827'),(32,'website','0005_record_traveldetail','2024-02-01 17:08:48.518153'),(33,'website','0006_record_planned_arrival_time','2024-02-01 17:13:20.196983'),(34,'website','0007_record_amount_organizer_female_and_more','2024-02-01 17:31:37.338036'),(35,'website','0008_ausflugspaket_emailtemplate_and_more','2024-02-01 18:27:38.522655'),(36,'website','0009_alter_ausflugspaket_content_and_more','2024-02-01 18:34:56.413787'),(37,'website','0010_alter_ausflugspaket_content_and_more','2024-02-01 18:36:42.322241'),(38,'website','0011_alter_record_amount_organizer_female_and_more','2024-02-01 19:43:22.756218'),(39,'website','0012_alter_record_arrival_date_alter_record_city_and_more','2024-02-01 19:44:38.420431'),(40,'website','0013_record_status','2024-02-01 21:55:08.134553'),(41,'website','0014_alter_record_response_untill','2024-02-01 23:12:28.652545'),(42,'website','0015_alter_record_arrival_date_and_more','2024-02-01 23:27:33.048164'),(43,'website','0016_alter_record_initals_alter_record_schoolclass_and_more','2024-02-02 21:37:55.881810'),(44,'website','0017_remove_record_ausflugspaket_record_ausflugspaket','2024-02-02 23:02:33.650227'),(45,'website','0018_remove_record_ausflugspaket_record_ausflugspaket','2024-02-03 15:31:06.202389'),(46,'website','0019_record_subpakete','2024-02-03 21:50:30.624418'),(47,'website','0020_rename_subpakete_record_subpaket','2024-02-03 22:31:03.437575'),(48,'website','0021_email_alter_record_subpaket','2024-02-07 12:13:26.030829'),(49,'website','0022_emaillog_remove_emailtemplate_bezeichnung_and_more','2024-02-12 17:58:09.647116'),(50,'website','0023_record_remark_client','2024-02-12 18:51:09.793968'),(51,'website','0024_alter_record_organisation','2024-02-12 19:57:34.759896'),(52,'website','0025_delete_email_delete_emaillog_delete_emailtemplate','2024-02-13 15:54:45.533393'),(53,'simple_mail','0001_initial','2024-02-13 16:05:50.808989'),(54,'simple_mail','0002_alter_simplemail_banner_alter_simplemail_id_and_more','2024-02-13 16:05:51.192778'),(55,'post_office','0001_initial','2024-02-13 19:30:04.600037'),(56,'post_office','0002_add_i18n_and_backend_alias','2024-02-13 19:30:05.014716'),(57,'post_office','0003_longer_subject','2024-02-13 19:30:05.067300'),(58,'post_office','0004_auto_20160607_0901','2024-02-13 19:30:05.131417'),(59,'post_office','0005_auto_20170515_0013','2024-02-13 19:30:05.243640'),(60,'post_office','0006_attachment_mimetype','2024-02-13 19:30:05.336334'),(61,'post_office','0007_auto_20170731_1342','2024-02-13 19:30:05.352778'),(62,'post_office','0008_attachment_headers','2024-02-13 19:30:05.416336'),(63,'post_office','0009_requeued_mode','2024-02-13 19:30:05.727839'),(64,'post_office','0010_message_id','2024-02-13 19:30:05.814527'),(65,'post_office','0011_models_help_text','2024-02-13 19:30:05.831320'),(66,'website','0026_alter_record_status','2024-02-14 16:54:38.857913'),(67,'website','0027_record_vdws_schein','2024-02-14 21:08:25.063751'),(68,'website','0028_alter_record_vdws_schein','2024-02-17 15:27:05.121949'),(69,'website','0029_record_planned_depature_time','2024-02-17 16:07:14.110996'),(70,'website','0030_rename_planned_depature_time_record_planned_departure_time','2024-02-17 16:15:29.850256');
/*!40000 ALTER TABLE `django_migrations` ENABLE KEYS */;
UNLOCK TABLES;

--
-- Table structure for table `django_session`
--

DROP TABLE IF EXISTS `django_session`;
/*!40101 SET @saved_cs_client     = @@character_set_client */;
/*!50503 SET character_set_client = utf8mb4 */;
CREATE TABLE `django_session` (
  `session_key` varchar(40) NOT NULL,
  `session_data` longtext NOT NULL,
  `expire_date` datetime(6) NOT NULL,
  PRIMARY KEY (`session_key`),
  KEY `django_session_expire_date_a5c62663` (`expire_date`)
) ENGINE=InnoDB DEFAULT CHARSET=utf8mb4 COLLATE=utf8mb4_0900_ai_ci;
/*!40101 SET character_set_client = @saved_cs_client */;

--
-- Dumping data for table `django_session`
--

LOCK TABLES `django_session` WRITE;
/*!40000 ALTER TABLE `django_session` DISABLE KEYS */;
INSERT INTO `django_session` VALUES ('1nkb8ocovq6stu7nmwc5bm644l7efegi','.eJxVjEEOwiAQRe_C2hBmFAGX7nuGZmAGqRpISrsy3l2bdKHb_977LzXSupRx7TKPE6uLsurwu0VKD6kb4DvVW9Op1WWeot4UvdOuh8byvO7u30GhXr415IwmeCs5GMt8MoBEEIPPUQRQICWykQA8GMR0NAzkzuwhIKJzrN4f7S43tA:1rSyS5:ZpP3w130ogDlTRF9yAaL-W4eiy_zJNps5GahyxQZjZ0','2024-02-08 12:03:25.492810'),('2qekuzh0sibz4kqkw17b0wvfvj66tnkx','e30:1rT9DZ:8mbsK7G7ns9IdlkuzSz9QI4VaFuT0speqXnElk_hgOQ','2024-02-08 23:33:09.252454'),('6rw3m7y65af5hfoi3a4ioyrb1swfmoyf','.eJxVjEEOwiAQRe_C2hBmFAGX7nuGZmAGqRpISrsy3l2bdKHb_977LzXSupRx7TKPE6uLsurwu0VKD6kb4DvVW9Op1WWeot4UvdOuh8byvO7u30GhXr415IwmeCs5GMt8MoBEEIPPUQRQICWykQA8GMR0NAzkzuwhIKJzrN4f7S43tA:1rbM2C:jLMUxuFMzaoy_2XRzkzXwOI7CuyC8nyTTeN67IxRIO8','2024-03-02 14:51:20.960929'),('cabol6041qnocnskrkmo98yw4su8qi8m','.eJxVjEEOwiAQRe_C2hBmFAGX7nuGZmAGqRpISrsy3l2bdKHb_977LzXSupRx7TKPE6uLsurwu0VKD6kb4DvVW9Op1WWeot4UvdOuh8byvO7u30GhXr415IwmeCs5GMt8MoBEEIPPUQRQICWykQA8GMR0NAzkzuwhIKJzrN4f7S43tA:1raEyf:mAPOUQgXSM_3mqi-Mg5U7_3Rt1l9k1xDT73HdDd_Y0M','2024-02-28 13:07:05.014265'),('cermqth68gd8y0szm6y7u53g7zjv3apo','.eJxVjEEOwiAQRe_C2hBmFAGX7nuGZmAGqRpISrsy3l2bdKHb_977LzXSupRx7TKPE6uLsurwu0VKD6kb4DvVW9Op1WWeot4UvdOuh8byvO7u30GhXr415IwmeCs5GMt8MoBEEIPPUQRQICWykQA8GMR0NAzkzuwhIKJzrN4f7S43tA:1rbMT0:HW5_MhgPFN_HE7b14_JyQnRSf1rwqE6WlgfugyTrzpE','2024-03-02 15:19:02.874811'),('ghxmk3xybw839xm3ourrz1mt4kmg227a','e30:1rT9HO:TEl2nmHs5oEEcA-o6mbMeFeDyNBzdeeXoj_RwKV4Yiw','2024-02-08 23:37:06.122819'),('gviwde4dq4uuip03a7peqx8640nhzami','e30:1rT9KB:62hrRTbiZBrwmlzAtCw5Y-0kRusP3qYpF2-_V-eqaB8','2024-02-08 23:39:59.545512'),('i0bkgs46efaxu8xpgabsafo0p4wzeave','.eJxVjEEOwiAQRe_C2hBmFAGX7nuGZmAGqRpISrsy3l2bdKHb_977LzXSupRx7TKPE6uLsurwu0VKD6kb4DvVW9Op1WWeot4UvdOuh8byvO7u30GhXr415IwmeCs5GMt8MoBEEIPPUQRQICWykQA8GMR0NAzkzuwhIKJzrN4f7S43tA:1rVhJc:XtUvnKE3UJBxyOLpQqSudCBysx00kTsTO9GskYo-wsw','2024-02-16 00:21:56.277275'),('ikijip6vkztghko4r7bm2fbir39o3s60','e30:1rVVYS:owGoCMPe8fYFe0o3PgwOybkusRi_btoXXJNRpVq2JX4','2024-02-15 11:48:28.362947'),('k4apazbeckkb7rdhav2pdfxhttha4t7z','e30:1rVVPL:iO3lj-g7VBLePt1pwqVR2mlcF9MRW2rXQoK0Q99Hv08','2024-02-15 11:39:03.297839'),('pus455tr17qlv318cg49qgd0lpc0mihn','e30:1rT9Vv:G0fzzcp1wSeiByho87KlnzeToXJpzanG4Egd8viku1s','2024-02-08 23:52:07.176617'),('rf2oeaqtoc8r5ms42ci2mlyi9e9ralc6','e30:1rT9N8:wggZbYR8BONhtDtTxv7JRNKp1y8FKW8b9jJdKdbvJw4','2024-02-08 23:43:02.071484'),('v01tebtz1ig4a3k8kgpfkxngu7u1atbk','.eJxVjEEOwiAQRe_C2hBmFAGX7nuGZmAGqRpISrsy3l2bdKHb_977LzXSupRx7TKPE6uLsurwu0VKD6kb4DvVW9Op1WWeot4UvdOuh8byvO7u30GhXr415IwmeCs5GMt8MoBEEIPPUQRQICWykQA8GMR0NAzkzuwhIKJzrN4f7S43tA:1rVVZ8:OxGWBtS24_N-pZQSUgHJ0rSSzoa5sWaop6kWNuR1Bxg','2024-02-15 11:49:10.307640'),('vc5zrsgxieo35jckxb6993mvby4ds96m','e30:1rT9WT:EXE0lDWrojvuk5RrkbyY7Iv2Ldr6M2FqqdYIjEVgtE0','2024-02-08 23:52:41.100863');
/*!40000 ALTER TABLE `django_session` ENABLE KEYS */;
UNLOCK TABLES;

--
-- Table structure for table `post_office_attachment`
--

DROP TABLE IF EXISTS `post_office_attachment`;
/*!40101 SET @saved_cs_client     = @@character_set_client */;
/*!50503 SET character_set_client = utf8mb4 */;
CREATE TABLE `post_office_attachment` (
  `id` int NOT NULL AUTO_INCREMENT,
  `file` varchar(100) NOT NULL,
  `name` varchar(255) NOT NULL,
  `mimetype` varchar(255) NOT NULL,
  `headers` json DEFAULT NULL,
  PRIMARY KEY (`id`)
) ENGINE=InnoDB DEFAULT CHARSET=utf8mb4 COLLATE=utf8mb4_0900_ai_ci;
/*!40101 SET character_set_client = @saved_cs_client */;

--
-- Dumping data for table `post_office_attachment`
--

LOCK TABLES `post_office_attachment` WRITE;
/*!40000 ALTER TABLE `post_office_attachment` DISABLE KEYS */;
/*!40000 ALTER TABLE `post_office_attachment` ENABLE KEYS */;
UNLOCK TABLES;

--
-- Table structure for table `post_office_attachment_emails`
--

DROP TABLE IF EXISTS `post_office_attachment_emails`;
/*!40101 SET @saved_cs_client     = @@character_set_client */;
/*!50503 SET character_set_client = utf8mb4 */;
CREATE TABLE `post_office_attachment_emails` (
  `id` bigint NOT NULL AUTO_INCREMENT,
  `attachment_id` int NOT NULL,
  `email_id` int NOT NULL,
  PRIMARY KEY (`id`),
  UNIQUE KEY `post_office_attachment_e_attachment_id_email_id_8e046917_uniq` (`attachment_id`,`email_id`),
  KEY `post_office_attachme_email_id_96875fd9_fk_post_offi` (`email_id`),
  CONSTRAINT `post_office_attachme_attachment_id_6136fd9a_fk_post_offi` FOREIGN KEY (`attachment_id`) REFERENCES `post_office_attachment` (`id`),
  CONSTRAINT `post_office_attachme_email_id_96875fd9_fk_post_offi` FOREIGN KEY (`email_id`) REFERENCES `post_office_email` (`id`)
) ENGINE=InnoDB DEFAULT CHARSET=utf8mb4 COLLATE=utf8mb4_0900_ai_ci;
/*!40101 SET character_set_client = @saved_cs_client */;

--
-- Dumping data for table `post_office_attachment_emails`
--

LOCK TABLES `post_office_attachment_emails` WRITE;
/*!40000 ALTER TABLE `post_office_attachment_emails` DISABLE KEYS */;
/*!40000 ALTER TABLE `post_office_attachment_emails` ENABLE KEYS */;
UNLOCK TABLES;

--
-- Table structure for table `post_office_email`
--

DROP TABLE IF EXISTS `post_office_email`;
/*!40101 SET @saved_cs_client     = @@character_set_client */;
/*!50503 SET character_set_client = utf8mb4 */;
CREATE TABLE `post_office_email` (
  `id` int NOT NULL AUTO_INCREMENT,
  `from_email` varchar(254) NOT NULL,
  `to` longtext NOT NULL,
  `cc` longtext NOT NULL,
  `bcc` longtext NOT NULL,
  `subject` varchar(989) NOT NULL,
  `message` longtext NOT NULL,
  `html_message` longtext NOT NULL,
  `status` smallint unsigned DEFAULT NULL,
  `priority` smallint unsigned DEFAULT NULL,
  `created` datetime(6) NOT NULL,
  `last_updated` datetime(6) NOT NULL,
  `scheduled_time` datetime(6) DEFAULT NULL,
  `headers` json DEFAULT NULL,
  `context` json DEFAULT NULL,
  `template_id` int DEFAULT NULL,
  `backend_alias` varchar(64) NOT NULL,
  `number_of_retries` int unsigned DEFAULT NULL,
  `expires_at` datetime(6) DEFAULT NULL,
  `message_id` varchar(255) DEFAULT NULL,
  PRIMARY KEY (`id`),
  KEY `post_office_email_template_id_417da7da_fk_post_offi` (`template_id`),
  KEY `post_office_email_status_013a896c` (`status`),
  KEY `post_office_email_created_1306952f` (`created`),
  KEY `post_office_email_last_updated_0ffcec35` (`last_updated`),
  KEY `post_office_email_scheduled_time_3869ebec` (`scheduled_time`),
  CONSTRAINT `post_office_email_template_id_417da7da_fk_post_offi` FOREIGN KEY (`template_id`) REFERENCES `post_office_emailtemplate` (`id`),
  CONSTRAINT `post_office_email_chk_1` CHECK ((`status` >= 0)),
  CONSTRAINT `post_office_email_chk_2` CHECK ((`priority` >= 0)),
  CONSTRAINT `post_office_email_chk_3` CHECK ((`number_of_retries` >= 0))
) ENGINE=InnoDB AUTO_INCREMENT=65 DEFAULT CHARSET=utf8mb4 COLLATE=utf8mb4_0900_ai_ci;
/*!40101 SET character_set_client = @saved_cs_client */;

--
-- Dumping data for table `post_office_email`
--

LOCK TABLES `post_office_email` WRITE;
/*!40000 ALTER TABLE `post_office_email` DISABLE KEYS */;
INSERT INTO `post_office_email` VALUES (1,'from@example.com','recipient@example.com','','','My email','Hi there!','Hi <strong>there</strong>!',2,1,'2024-02-13 19:53:09.046925','2024-02-13 19:53:09.046980',NULL,NULL,NULL,NULL,'',NULL,NULL,NULL),(2,'from@example.com','recipient@example.com','','','My email','Hi there!','Hi <strong>there</strong>!',2,1,'2024-02-13 19:53:12.295882','2024-02-13 19:53:12.295930',NULL,NULL,NULL,NULL,'',NULL,NULL,NULL),(3,'from@example.com','recipient@example.com','','','My email','Hi there!','Hi <strong>there</strong>!',2,1,'2024-02-13 19:53:24.856410','2024-02-13 19:53:24.856489',NULL,NULL,NULL,NULL,'',NULL,NULL,NULL),(4,'from@example.com','recipient@example.com','','','My email','Hi there!','Hi <strong>there</strong>!',2,1,'2024-02-13 19:53:28.023569','2024-02-13 19:53:28.023666',NULL,NULL,NULL,NULL,'',NULL,NULL,NULL),(5,'from@example.com','recipient@example.com','','','My email','Hi there!','Hi <strong>there</strong>!',2,1,'2024-02-13 19:54:10.169952','2024-02-13 19:54:10.169996',NULL,NULL,NULL,NULL,'',NULL,NULL,NULL),(6,'carsten@navisense.de','carsten@navisense.de','','','My email','Hi there!','Hi <strong>there</strong>!',2,1,'2024-02-13 19:55:19.112307','2024-02-13 19:55:19.112340',NULL,NULL,NULL,NULL,'',NULL,NULL,NULL),(7,'carsten@navisense.de','carsten@navisense.de','','','My email','Hi there!','Hi <strong>there</strong>!',1,3,'2024-02-13 19:56:42.001587','2024-02-13 19:56:42.001647',NULL,NULL,NULL,NULL,'',NULL,NULL,NULL),(8,'carsten@navisense.de','carsten@navisense.de','','','My email','Hi there!','Hi <strong>there</strong>!',1,3,'2024-02-13 19:56:44.438755','2024-02-13 19:56:44.438792',NULL,NULL,NULL,NULL,'',NULL,NULL,NULL),(9,'test@san-pepelone.de','carsten@navisense.de','','','My email','Hi there!','Hi <strong>there</strong>!',0,3,'2024-02-13 20:04:41.568641','2024-02-13 20:04:41.568659',NULL,NULL,NULL,NULL,'',NULL,NULL,NULL),(10,'test@san-pepelone.de','carsten@navisense.de','','','Reiseinfos aus St. Pepelone','','<!DOCTYPE html>\n<html lang=\"de\">\n<head>\n    <meta charset=\"UTF-8\">\n    <meta name=\"viewport\" content=\"width=device-width, initial-scale=1.0\">\n    <title>Informationen zur bevorstehenden Reise</title>\n</head>\n<body>\n    <p>Hallo Lehrer,</p>\n\n    <p>Bald ist es wieder so weit und bei Euch steigt vielleicht bereits das \"Reisefieber\".</p>\n\n    <p>Für deine Planung und Organisation erhältst Du im Anhang:</p>\n\n    <ol>\n        <li>Die Antworten auf die häufigsten Fragen von Lehrpersonen / Gruppenbetreuungspersonen.</li>\n        <li>Vorlage Teilnehmerliste (bitte vor der Reise per E-Mail zusenden), um den schnellen Ablauf vor Ort zu organisieren.</li>\n        <li>Die aktuellen Reiseinformationen für Lehrpersonen, Schüler:innen und Eltern.</li>\n        <li>Unsere Hausordnung, die von jedem(r) Schüler:in unterschrieben am Anreisetag mitgebracht werden muss.</li>\n        <li>Elternbrief und Teilnahmebedienung Kletterfelsen (falls ihr plant, diese Sportaktivität zu nutzen).</li>\n    </ol>\n\n    <p>Für unsere Planung bitte den nachfolgenden Link bis spätestens zum  anklicken und die entsprechenden Felder ausfüllen bzw. überprüfen:</p>\n\n    <b><a href=\"8e88f42f-d089-4277-9c81-9fe847bed2e1\">Link zur Rückmeldung</a><br>\n    Login: welch@kayass<br>\n    Passwort: 7<br></b>\n\n    <p>(Falls der Link nicht anzuklicken geht, diesen kopieren und im Browser einfügen.)</p>\n\n    <p>Erst ca. 4 Tage vor Fahrtbeginn wird Christer die Belegung/Zimmerverteilung zumailen. Aus organisatorischen Gründen geht es nicht eher.</p>\n\n    <p>Bei weiteren Fragen stehe ich Dir gern zur Verfügung.</p>\n\n    <p>Herzliche Grüße aus San Pepelone</p>\n    <p>Swetlana</p>\n\n    <hr>\n\n    <p>i. A. Swetlana Abraham</p>\n    <p>Assistenz Resortmanagement</p>\n    <p>Feriendorf & Surfschule Pepelow GmbH</p>\n    <p>Mobil: 0173 385 44 85</p>\n    <p>E-Mail: swetlana@san-pepelone.de</p>\n    <p>Homepage: <a href=\"http://www.san-pepelone.de\">www.san-pepelone.de</a></p>\n\n    <p>Gesetzliche Informationen:</p>\n    <p>Feriendorf und Surfschule Pepelow GmbH * Sandweg 1 * Sitz der Gesellschaft: 18233 Pepelow * Eingetragen beim Amtsgericht Rostock, HRB 8386</p>\n    <p>Geschäftsführer: Olaf Winkelmann</p>\n</body>\n</html>',0,3,'2024-02-13 20:38:50.309763','2024-02-13 20:38:50.309778',NULL,NULL,NULL,1,'',NULL,NULL,NULL),(11,'test@san-pepelone.de','carsten@navisense.de','','','Reiseinfos aus St. Pepelone','','<!DOCTYPE html>\n<html lang=\"de\">\n<head>\n    <meta charset=\"UTF-8\">\n    <meta name=\"viewport\" content=\"width=device-width, initial-scale=1.0\">\n    <title>Informationen zur bevorstehenden Reise</title>\n</head>\n<body>\n    <p>Hallo Lehrer,</p>\n\n    <p>Bald ist es wieder so weit und bei Euch steigt vielleicht bereits das \"Reisefieber\".</p>\n\n    <p>Für deine Planung und Organisation erhältst Du im Anhang:</p>\n\n    <ol>\n        <li>Die Antworten auf die häufigsten Fragen von Lehrpersonen / Gruppenbetreuungspersonen.</li>\n        <li>Vorlage Teilnehmerliste (bitte vor der Reise per E-Mail zusenden), um den schnellen Ablauf vor Ort zu organisieren.</li>\n        <li>Die aktuellen Reiseinformationen für Lehrpersonen, Schüler:innen und Eltern.</li>\n        <li>Unsere Hausordnung, die von jedem(r) Schüler:in unterschrieben am Anreisetag mitgebracht werden muss.</li>\n        <li>Elternbrief und Teilnahmebedienung Kletterfelsen (falls ihr plant, diese Sportaktivität zu nutzen).</li>\n    </ol>\n\n    <p>Für unsere Planung bitte den nachfolgenden Link bis spätestens zum  anklicken und die entsprechenden Felder ausfüllen bzw. überprüfen:</p>\n\n    <b><a href=\"http://127.0.0.1:8000/update_record/8e88f42f-d089-4277-9c81-9fe847bed2e1\">Link zur Rückmeldung</a><br>\n    Login: welch@kayass<br>\n    Passwort: 7<br></b>\n\n    <p>(Falls der Link nicht anzuklicken geht, diesen kopieren und im Browser einfügen.)</p>\n\n    <p>Erst ca. 4 Tage vor Fahrtbeginn wird Christer die Belegung/Zimmerverteilung zumailen. Aus organisatorischen Gründen geht es nicht eher.</p>\n\n    <p>Bei weiteren Fragen stehe ich Dir gern zur Verfügung.</p>\n\n    <p>Herzliche Grüße aus San Pepelone</p>\n    <p>Swetlana</p>\n\n    <hr>\n\n    <p>i. A. Swetlana Abraham</p>\n    <p>Assistenz Resortmanagement</p>\n    <p>Feriendorf & Surfschule Pepelow GmbH</p>\n    <p>Mobil: 0173 385 44 85</p>\n    <p>E-Mail: swetlana@san-pepelone.de</p>\n    <p>Homepage: <a href=\"http://www.san-pepelone.de\">www.san-pepelone.de</a></p>\n\n    <p>Gesetzliche Informationen:</p>\n    <p>Feriendorf und Surfschule Pepelow GmbH * Sandweg 1 * Sitz der Gesellschaft: 18233 Pepelow * Eingetragen beim Amtsgericht Rostock, HRB 8386</p>\n    <p>Geschäftsführer: Olaf Winkelmann</p>\n</body>\n</html>',0,3,'2024-02-13 20:44:54.213377','2024-02-13 20:44:54.213406',NULL,NULL,NULL,1,'',NULL,NULL,NULL),(12,'test@san-pepelone.de','carsten@navisense.de','','','Reiseinfos aus St. Pepelone','','<!DOCTYPE html>\n<html lang=\"de\">\n<head>\n    <meta charset=\"UTF-8\">\n    <meta name=\"viewport\" content=\"width=device-width, initial-scale=1.0\">\n    <title>Informationen zur bevorstehenden Reise</title>\n</head>\n<body>\n    <p>Hallo Klaus,</p>\n\n    <p>Bald ist es wieder so weit und bei Euch steigt vielleicht bereits das \"Reisefieber\".</p>\n\n    <p>Für deine Planung und Organisation erhältst Du im Anhang:</p>\n\n    <ol>\n        <li>Die Antworten auf die häufigsten Fragen von Lehrpersonen / Gruppenbetreuungspersonen.</li>\n        <li>Vorlage Teilnehmerliste (bitte vor der Reise per E-Mail zusenden), um den schnellen Ablauf vor Ort zu organisieren.</li>\n        <li>Die aktuellen Reiseinformationen für Lehrpersonen, Schüler:innen und Eltern.</li>\n        <li>Unsere Hausordnung, die von jedem(r) Schüler:in unterschrieben am Anreisetag mitgebracht werden muss.</li>\n        <li>Elternbrief und Teilnahmebedienung Kletterfelsen (falls ihr plant, diese Sportaktivität zu nutzen).</li>\n    </ol>\n\n    <p>Für unsere Planung bitte den nachfolgenden Link bis spätestens zum  anklicken und die entsprechenden Felder ausfüllen bzw. überprüfen:</p>\n\n    <b><a href=\"http://127.0.0.1:8000/update_record/5e768d52-37d9-49bc-b989-0a536395c38e\">Link zur Rückmeldung</a><br>\n    Login: john@marine.media<br>\n    Passwort: 10<br></b>\n\n    <p>(Falls der Link nicht anzuklicken geht, diesen kopieren und im Browser einfügen.)</p>\n\n    <p>Erst ca. 4 Tage vor Fahrtbeginn wird Christer die Belegung/Zimmerverteilung zumailen. Aus organisatorischen Gründen geht es nicht eher.</p>\n\n    <p>Bei weiteren Fragen stehe ich Dir gern zur Verfügung.</p>\n\n    <p>Herzliche Grüße aus San Pepelone</p>\n    <p>Swetlana</p>\n\n    <hr>\n\n    <p>i. A. Swetlana Abraham</p>\n    <p>Assistenz Resortmanagement</p>\n    <p>Feriendorf & Surfschule Pepelow GmbH</p>\n    <p>Mobil: 0173 385 44 85</p>\n    <p>E-Mail: swetlana@san-pepelone.de</p>\n    <p>Homepage: <a href=\"http://www.san-pepelone.de\">www.san-pepelone.de</a></p>\n\n    <p>Gesetzliche Informationen:</p>\n    <p>Feriendorf und Surfschule Pepelow GmbH * Sandweg 1 * Sitz der Gesellschaft: 18233 Pepelow * Eingetragen beim Amtsgericht Rostock, HRB 8386</p>\n    <p>Geschäftsführer: Olaf Winkelmann</p>\n</body>\n</html>',0,3,'2024-02-13 21:02:53.355439','2024-02-13 21:02:53.355463',NULL,NULL,NULL,1,'',NULL,NULL,NULL),(13,'test@san-pepelone.de','carsten@navisense.de','','','Reiseinfos aus St. Pepelone','','<!DOCTYPE html>\n<html lang=\"de\">\n<head>\n    <meta charset=\"UTF-8\">\n    <meta name=\"viewport\" content=\"width=device-width, initial-scale=1.0\">\n    <title>Informationen zur bevorstehenden Reise</title>\n</head>\n<body>\n    <p>Hallo Klaus,</p>\n\n    <p>Bald ist es wieder so weit und bei Euch steigt vielleicht bereits das \"Reisefieber\".</p>\n\n    <p>Für deine Planung und Organisation erhältst Du im Anhang:</p>\n\n    <ol>\n        <li>Die Antworten auf die häufigsten Fragen von Lehrpersonen / Gruppenbetreuungspersonen.</li>\n        <li>Vorlage Teilnehmerliste (bitte vor der Reise per E-Mail zusenden), um den schnellen Ablauf vor Ort zu organisieren.</li>\n        <li>Die aktuellen Reiseinformationen für Lehrpersonen, Schüler:innen und Eltern.</li>\n        <li>Unsere Hausordnung, die von jedem(r) Schüler:in unterschrieben am Anreisetag mitgebracht werden muss.</li>\n        <li>Elternbrief und Teilnahmebedienung Kletterfelsen (falls ihr plant, diese Sportaktivität zu nutzen).</li>\n    </ol>\n\n    <p>Für unsere Planung bitte den nachfolgenden Link bis spätestens zum  anklicken und die entsprechenden Felder ausfüllen bzw. überprüfen:</p>\n\n    <b><a href=\"http://127.0.0.1:8000/update_record/5e768d52-37d9-49bc-b989-0a536395c38e\">Link zur Rückmeldung</a><br>\n    Login: john@marine.media<br>\n    Passwort: 10<br></b>\n\n    <p>(Falls der Link nicht anzuklicken geht, diesen kopieren und im Browser einfügen.)</p>\n\n    <p>Erst ca. 4 Tage vor Fahrtbeginn wird Christer die Belegung/Zimmerverteilung zumailen. Aus organisatorischen Gründen geht es nicht eher.</p>\n\n    <p>Bei weiteren Fragen stehe ich Dir gern zur Verfügung.</p>\n\n    <p>Herzliche Grüße aus San Pepelone</p>\n    <p>Swetlana</p>\n\n    <hr>\n\n    <p>i. A. Swetlana Abraham</p>\n    <p>Assistenz Resortmanagement</p>\n    <p>Feriendorf & Surfschule Pepelow GmbH</p>\n    <p>Mobil: 0173 385 44 85</p>\n    <p>E-Mail: swetlana@san-pepelone.de</p>\n    <p>Homepage: <a href=\"http://www.san-pepelone.de\">www.san-pepelone.de</a></p>\n\n    <p>Gesetzliche Informationen:</p>\n    <p>Feriendorf und Surfschule Pepelow GmbH * Sandweg 1 * Sitz der Gesellschaft: 18233 Pepelow * Eingetragen beim Amtsgericht Rostock, HRB 8386</p>\n    <p>Geschäftsführer: Olaf Winkelmann</p>\n</body>\n</html>',0,3,'2024-02-13 21:05:57.674258','2024-02-13 21:05:57.674285',NULL,NULL,NULL,1,'',NULL,NULL,NULL),(14,'test@san-pepelone.de','carsten@navisense.de','','','Reiseinfos aus St. Pepelone','','<!DOCTYPE html>\n<html lang=\"de\">\n<head>\n    <meta charset=\"UTF-8\">\n    <meta name=\"viewport\" content=\"width=device-width, initial-scale=1.0\">\n    <title>Informationen zur bevorstehenden Reise</title>\n</head>\n<body>\n    <p>Hallo Klaus,</p>\n\n    <p>Bald ist es wieder so weit und bei Euch steigt vielleicht bereits das \"Reisefieber\".</p>\n\n    <p>Für deine Planung und Organisation erhältst Du im Anhang:</p>\n\n    <ol>\n        <li>Die Antworten auf die häufigsten Fragen von Lehrpersonen / Gruppenbetreuungspersonen.</li>\n        <li>Vorlage Teilnehmerliste (bitte vor der Reise per E-Mail zusenden), um den schnellen Ablauf vor Ort zu organisieren.</li>\n        <li>Die aktuellen Reiseinformationen für Lehrpersonen, Schüler:innen und Eltern.</li>\n        <li>Unsere Hausordnung, die von jedem(r) Schüler:in unterschrieben am Anreisetag mitgebracht werden muss.</li>\n        <li>Elternbrief und Teilnahmebedienung Kletterfelsen (falls ihr plant, diese Sportaktivität zu nutzen).</li>\n    </ol>\n\n    <p>Für unsere Planung bitte den nachfolgenden Link bis spätestens zum  anklicken und die entsprechenden Felder ausfüllen bzw. überprüfen:</p>\n\n    <b><a href=\"http://127.0.0.1:8000/update_record/5e768d52-37d9-49bc-b989-0a536395c38e\">Link zur Rückmeldung</a><br>\n    Login: john@marine.media<br>\n    Passwort: 10<br></b>\n\n    <p>(Falls der Link nicht anzuklicken geht, diesen kopieren und im Browser einfügen.)</p>\n\n    <p>Erst ca. 4 Tage vor Fahrtbeginn wird Christer die Belegung/Zimmerverteilung zumailen. Aus organisatorischen Gründen geht es nicht eher.</p>\n\n    <p>Bei weiteren Fragen stehe ich Dir gern zur Verfügung.</p>\n\n    <p>Herzliche Grüße aus San Pepelone</p>\n    <p>Swetlana</p>\n\n    <hr>\n\n    <p>i. A. Swetlana Abraham</p>\n    <p>Assistenz Resortmanagement</p>\n    <p>Feriendorf & Surfschule Pepelow GmbH</p>\n    <p>Mobil: 0173 385 44 85</p>\n    <p>E-Mail: swetlana@san-pepelone.de</p>\n    <p>Homepage: <a href=\"http://www.san-pepelone.de\">www.san-pepelone.de</a></p>\n\n    <p>Gesetzliche Informationen:</p>\n    <p>Feriendorf und Surfschule Pepelow GmbH * Sandweg 1 * Sitz der Gesellschaft: 18233 Pepelow * Eingetragen beim Amtsgericht Rostock, HRB 8386</p>\n    <p>Geschäftsführer: Olaf Winkelmann</p>\n</body>\n</html>',0,3,'2024-02-13 21:06:01.357941','2024-02-13 21:06:01.357964',NULL,NULL,NULL,1,'',NULL,NULL,NULL),(15,'test@san-pepelone.de','carsten@navisense.de','','','Reiseinfos aus St. Pepelone','','<!DOCTYPE html>\n<html lang=\"de\">\n<head>\n    <meta charset=\"UTF-8\">\n    <meta name=\"viewport\" content=\"width=device-width, initial-scale=1.0\">\n    <title>Informationen zur bevorstehenden Reise</title>\n</head>\n<body>\n    <p>Hallo Klaus,</p>\n\n    <p>Bald ist es wieder so weit und bei Euch steigt vielleicht bereits das \"Reisefieber\".</p>\n\n    <p>Für deine Planung und Organisation erhältst Du im Anhang:</p>\n\n    <ol>\n        <li>Die Antworten auf die häufigsten Fragen von Lehrpersonen / Gruppenbetreuungspersonen.</li>\n        <li>Vorlage Teilnehmerliste (bitte vor der Reise per E-Mail zusenden), um den schnellen Ablauf vor Ort zu organisieren.</li>\n        <li>Die aktuellen Reiseinformationen für Lehrpersonen, Schüler:innen und Eltern.</li>\n        <li>Unsere Hausordnung, die von jedem(r) Schüler:in unterschrieben am Anreisetag mitgebracht werden muss.</li>\n        <li>Elternbrief und Teilnahmebedienung Kletterfelsen (falls ihr plant, diese Sportaktivität zu nutzen).</li>\n    </ol>\n\n    <p>Für unsere Planung bitte den nachfolgenden Link bis spätestens zum  anklicken und die entsprechenden Felder ausfüllen bzw. überprüfen:</p>\n\n    <b><a href=\"http://127.0.0.1:8000/update_record/5e768d52-37d9-49bc-b989-0a536395c38e\">Link zur Rückmeldung</a><br>\n    Login: john@marine.media<br>\n    Passwort: 10<br></b>\n\n    <p>(Falls der Link nicht anzuklicken geht, diesen kopieren und im Browser einfügen.)</p>\n\n    <p>Erst ca. 4 Tage vor Fahrtbeginn wird Christer die Belegung/Zimmerverteilung zumailen. Aus organisatorischen Gründen geht es nicht eher.</p>\n\n    <p>Bei weiteren Fragen stehe ich Dir gern zur Verfügung.</p>\n\n    <p>Herzliche Grüße aus San Pepelone</p>\n    <p>Swetlana</p>\n\n    <hr>\n\n    <p>i. A. Swetlana Abraham</p>\n    <p>Assistenz Resortmanagement</p>\n    <p>Feriendorf & Surfschule Pepelow GmbH</p>\n    <p>Mobil: 0173 385 44 85</p>\n    <p>E-Mail: swetlana@san-pepelone.de</p>\n    <p>Homepage: <a href=\"http://www.san-pepelone.de\">www.san-pepelone.de</a></p>\n\n    <p>Gesetzliche Informationen:</p>\n    <p>Feriendorf und Surfschule Pepelow GmbH * Sandweg 1 * Sitz der Gesellschaft: 18233 Pepelow * Eingetragen beim Amtsgericht Rostock, HRB 8386</p>\n    <p>Geschäftsführer: Olaf Winkelmann</p>\n</body>\n</html>',0,3,'2024-02-13 21:06:02.494340','2024-02-13 21:06:02.494378',NULL,NULL,NULL,1,'',NULL,NULL,NULL),(16,'test@san-pepelone.de','john@marine.media','','','Reiseinfos aus St. Pepelone','','<!DOCTYPE html>\n<html lang=\"de\">\n<head>\n    <meta charset=\"UTF-8\">\n    <meta name=\"viewport\" content=\"width=device-width, initial-scale=1.0\">\n    <title>Informationen zur bevorstehenden Reise</title>\n</head>\n<body>\n    <p>Hallo Klaus,</p>\n\n    <p>Bald ist es wieder so weit und bei Euch steigt vielleicht bereits das \"Reisefieber\".</p>\n\n    <p>Für deine Planung und Organisation erhältst Du im Anhang:</p>\n\n    <ol>\n        <li>Die Antworten auf die häufigsten Fragen von Lehrpersonen / Gruppenbetreuungspersonen.</li>\n        <li>Vorlage Teilnehmerliste (bitte vor der Reise per E-Mail zusenden), um den schnellen Ablauf vor Ort zu organisieren.</li>\n        <li>Die aktuellen Reiseinformationen für Lehrpersonen, Schüler:innen und Eltern.</li>\n        <li>Unsere Hausordnung, die von jedem(r) Schüler:in unterschrieben am Anreisetag mitgebracht werden muss.</li>\n        <li>Elternbrief und Teilnahmebedienung Kletterfelsen (falls ihr plant, diese Sportaktivität zu nutzen).</li>\n    </ol>\n\n    <p>Für unsere Planung bitte den nachfolgenden Link bis spätestens zum  anklicken und die entsprechenden Felder ausfüllen bzw. überprüfen:</p>\n\n    <b><a href=\"http://127.0.0.1:8000/update_record/5e768d52-37d9-49bc-b989-0a536395c38e\">Link zur Rückmeldung</a><br>\n    Login: john@marine.media<br>\n    Passwort: 10<br></b>\n\n    <p>(Falls der Link nicht anzuklicken geht, diesen kopieren und im Browser einfügen.)</p>\n\n    <p>Erst ca. 4 Tage vor Fahrtbeginn wird Christer die Belegung/Zimmerverteilung zumailen. Aus organisatorischen Gründen geht es nicht eher.</p>\n\n    <p>Bei weiteren Fragen stehe ich Dir gern zur Verfügung.</p>\n\n    <p>Herzliche Grüße aus San Pepelone</p>\n    <p>Swetlana</p>\n\n    <hr>\n\n    <p>i. A. Swetlana Abraham</p>\n    <p>Assistenz Resortmanagement</p>\n    <p>Feriendorf & Surfschule Pepelow GmbH</p>\n    <p>Mobil: 0173 385 44 85</p>\n    <p>E-Mail: swetlana@san-pepelone.de</p>\n    <p>Homepage: <a href=\"http://www.san-pepelone.de\">www.san-pepelone.de</a></p>\n\n    <p>Gesetzliche Informationen:</p>\n    <p>Feriendorf und Surfschule Pepelow GmbH * Sandweg 1 * Sitz der Gesellschaft: 18233 Pepelow * Eingetragen beim Amtsgericht Rostock, HRB 8386</p>\n    <p>Geschäftsführer: Olaf Winkelmann</p>\n</body>\n</html>',0,3,'2024-02-13 21:07:25.160002','2024-02-13 21:07:25.160030',NULL,NULL,NULL,1,'',NULL,NULL,NULL),(17,'test@san-pepelone.de','john@marine.media','','','Reiseinfos aus St. Pepelone','','<!DOCTYPE html>\n<html lang=\"de\">\n<head>\n    <meta charset=\"UTF-8\">\n    <meta name=\"viewport\" content=\"width=device-width, initial-scale=1.0\">\n    <title>Informationen zur bevorstehenden Reise</title>\n</head>\n<body>\n    <p>Hallo Klaus,</p>\n\n    <p>Bald ist es wieder so weit und bei Euch steigt vielleicht bereits das \"Reisefieber\".</p>\n\n    <p>Für deine Planung und Organisation erhältst Du im Anhang:</p>\n\n    <ol>\n        <li>Die Antworten auf die häufigsten Fragen von Lehrpersonen / Gruppenbetreuungspersonen.</li>\n        <li>Vorlage Teilnehmerliste (bitte vor der Reise per E-Mail zusenden), um den schnellen Ablauf vor Ort zu organisieren.</li>\n        <li>Die aktuellen Reiseinformationen für Lehrpersonen, Schüler:innen und Eltern.</li>\n        <li>Unsere Hausordnung, die von jedem(r) Schüler:in unterschrieben am Anreisetag mitgebracht werden muss.</li>\n        <li>Elternbrief und Teilnahmebedienung Kletterfelsen (falls ihr plant, diese Sportaktivität zu nutzen).</li>\n    </ol>\n\n    <p>Für unsere Planung bitte den nachfolgenden Link bis spätestens zum  anklicken und die entsprechenden Felder ausfüllen bzw. überprüfen:</p>\n\n    <b><a href=\"http://127.0.0.1:8000/update_record/5e768d52-37d9-49bc-b989-0a536395c38e\">Link zur Rückmeldung</a><br>\n    Login: john@marine.media<br>\n    Passwort: 10<br></b>\n\n    <p>(Falls der Link nicht anzuklicken geht, diesen kopieren und im Browser einfügen.)</p>\n\n    <p>Erst ca. 4 Tage vor Fahrtbeginn wird Christer die Belegung/Zimmerverteilung zumailen. Aus organisatorischen Gründen geht es nicht eher.</p>\n\n    <p>Bei weiteren Fragen stehe ich Dir gern zur Verfügung.</p>\n\n    <p>Herzliche Grüße aus San Pepelone</p>\n    <p>Swetlana</p>\n\n    <hr>\n\n    <p>i. A. Swetlana Abraham</p>\n    <p>Assistenz Resortmanagement</p>\n    <p>Feriendorf & Surfschule Pepelow GmbH</p>\n    <p>Mobil: 0173 385 44 85</p>\n    <p>E-Mail: swetlana@san-pepelone.de</p>\n    <p>Homepage: <a href=\"http://www.san-pepelone.de\">www.san-pepelone.de</a></p>\n\n    <p>Gesetzliche Informationen:</p>\n    <p>Feriendorf und Surfschule Pepelow GmbH * Sandweg 1 * Sitz der Gesellschaft: 18233 Pepelow * Eingetragen beim Amtsgericht Rostock, HRB 8386</p>\n    <p>Geschäftsführer: Olaf Winkelmann</p>\n</body>\n</html>',0,3,'2024-02-13 21:49:05.560182','2024-02-13 21:49:05.560196',NULL,NULL,NULL,1,'',NULL,NULL,NULL),(18,'test@san-pepelone.de','bullemer@maritimedatasystems.com','','','Reiseinfos aus St. Pepelone','','<!DOCTYPE html>\n<html lang=\"de\">\n<head>\n    <meta charset=\"UTF-8\">\n    <meta name=\"viewport\" content=\"width=device-width, initial-scale=1.0\">\n    <title>Informationen zur bevorstehenden Reise</title>\n</head>\n<body>\n    <p>Hallo Carsten,</p>\n\n    <p>Bald ist es wieder so weit und bei Euch steigt vielleicht bereits das \"Reisefieber\".</p>\n\n    <p>Für deine Planung und Organisation erhältst Du im Anhang:</p>\n\n    <ol>\n        <li>Die Antworten auf die häufigsten Fragen von Lehrpersonen / Gruppenbetreuungspersonen.</li>\n        <li>Vorlage Teilnehmerliste (bitte vor der Reise per E-Mail zusenden), um den schnellen Ablauf vor Ort zu organisieren.</li>\n        <li>Die aktuellen Reiseinformationen für Lehrpersonen, Schüler:innen und Eltern.</li>\n        <li>Unsere Hausordnung, die von jedem(r) Schüler:in unterschrieben am Anreisetag mitgebracht werden muss.</li>\n        <li>Elternbrief und Teilnahmebedienung Kletterfelsen (falls ihr plant, diese Sportaktivität zu nutzen).</li>\n    </ol>\n\n    <p>Für unsere Planung bitte den nachfolgenden Link bis spätestens zum  anklicken und die entsprechenden Felder ausfüllen bzw. überprüfen:</p>\n\n    <b><a href=\"http://127.0.0.1:8000/update_record/3c82b1da-2630-4706-b642-4c79a4d2b5dd\">Link zur Rückmeldung</a><br>\n    Login: bullemer@maritimedatasystems.com<br>\n    Passwort: 11<br></b>\n\n    <p>(Falls der Link nicht anzuklicken geht, diesen kopieren und im Browser einfügen.)</p>\n\n    <p>Erst ca. 4 Tage vor Fahrtbeginn wird Christer die Belegung/Zimmerverteilung zumailen. Aus organisatorischen Gründen geht es nicht eher.</p>\n\n    <p>Bei weiteren Fragen stehe ich Dir gern zur Verfügung.</p>\n\n    <p>Herzliche Grüße aus San Pepelone</p>\n    <p>Swetlana</p>\n\n    <hr>\n\n    <p>i. A. Swetlana Abraham</p>\n    <p>Assistenz Resortmanagement</p>\n    <p>Feriendorf & Surfschule Pepelow GmbH</p>\n    <p>Mobil: 0173 385 44 85</p>\n    <p>E-Mail: swetlana@san-pepelone.de</p>\n    <p>Homepage: <a href=\"http://www.san-pepelone.de\">www.san-pepelone.de</a></p>\n\n    <p>Gesetzliche Informationen:</p>\n    <p>Feriendorf und Surfschule Pepelow GmbH * Sandweg 1 * Sitz der Gesellschaft: 18233 Pepelow * Eingetragen beim Amtsgericht Rostock, HRB 8386</p>\n    <p>Geschäftsführer: Olaf Winkelmann</p>\n</body>\n</html>',0,3,'2024-02-14 19:33:26.023535','2024-02-14 19:33:26.023589',NULL,NULL,NULL,1,'',NULL,NULL,NULL),(19,'test@san-pepelone.de','bullemer@maritimedatasystems.com','','','Reiseinfos aus St. Pepelone','','<!DOCTYPE html>\n<html lang=\"de\">\n<head>\n    <meta charset=\"UTF-8\">\n    <meta name=\"viewport\" content=\"width=device-width, initial-scale=1.0\">\n    <title>Informationen zur bevorstehenden Reise</title>\n</head>\n<body>\n    <p>Hallo Carsten,</p>\n\n    <p>Bald ist es wieder so weit und bei Euch steigt vielleicht bereits das \"Reisefieber\".</p>\n\n    <p>Für deine Planung und Organisation erhältst Du im Anhang:</p>\n\n    <ol>\n        <li>Die Antworten auf die häufigsten Fragen von Lehrpersonen / Gruppenbetreuungspersonen.</li>\n        <li>Vorlage Teilnehmerliste (bitte vor der Reise per E-Mail zusenden), um den schnellen Ablauf vor Ort zu organisieren.</li>\n        <li>Die aktuellen Reiseinformationen für Lehrpersonen, Schüler:innen und Eltern.</li>\n        <li>Unsere Hausordnung, die von jedem(r) Schüler:in unterschrieben am Anreisetag mitgebracht werden muss.</li>\n        <li>Elternbrief und Teilnahmebedienung Kletterfelsen (falls ihr plant, diese Sportaktivität zu nutzen).</li>\n    </ol>\n\n    <p>Für unsere Planung bitte den nachfolgenden Link bis spätestens zum  anklicken und die entsprechenden Felder ausfüllen bzw. überprüfen:</p>\n\n    <b><a href=\"http://127.0.0.1:8000/update_record/3c82b1da-2630-4706-b642-4c79a4d2b5dd\">Link zur Rückmeldung</a><br>\n    Login: bullemer@maritimedatasystems.com<br>\n    Passwort: 11<br></b>\n\n    <p>(Falls der Link nicht anzuklicken geht, diesen kopieren und im Browser einfügen.)</p>\n\n    <p>Erst ca. 4 Tage vor Fahrtbeginn wird Christer die Belegung/Zimmerverteilung zumailen. Aus organisatorischen Gründen geht es nicht eher.</p>\n\n    <p>Bei weiteren Fragen stehe ich Dir gern zur Verfügung.</p>\n\n    <p>Herzliche Grüße aus San Pepelone</p>\n    <p>Swetlana</p>\n\n    <hr>\n\n    <p>i. A. Swetlana Abraham</p>\n    <p>Assistenz Resortmanagement</p>\n    <p>Feriendorf & Surfschule Pepelow GmbH</p>\n    <p>Mobil: 0173 385 44 85</p>\n    <p>E-Mail: swetlana@san-pepelone.de</p>\n    <p>Homepage: <a href=\"http://www.san-pepelone.de\">www.san-pepelone.de</a></p>\n\n    <p>Gesetzliche Informationen:</p>\n    <p>Feriendorf und Surfschule Pepelow GmbH * Sandweg 1 * Sitz der Gesellschaft: 18233 Pepelow * Eingetragen beim Amtsgericht Rostock, HRB 8386</p>\n    <p>Geschäftsführer: Olaf Winkelmann</p>\n</body>\n</html>',0,3,'2024-02-14 20:11:38.359101','2024-02-14 20:11:38.359147',NULL,NULL,NULL,1,'',NULL,NULL,NULL),(20,'test@san-pepelone.de','bullemer@maritimedatasystems.com','','','Reiseinfos aus St. Pepelone','','<!DOCTYPE html>\n<html lang=\"de\">\n<head>\n    <meta charset=\"UTF-8\">\n    <meta name=\"viewport\" content=\"width=device-width, initial-scale=1.0\">\n    <title>Informationen zur bevorstehenden Reise</title>\n</head>\n<body>\n    <p>Hallo Carsten,</p>\n\n    <p>Bald ist es wieder so weit und bei Euch steigt vielleicht bereits das \"Reisefieber\".</p>\n\n    <p>Für deine Planung und Organisation erhältst Du im Anhang:</p>\n\n    <ol>\n        <li>Die Antworten auf die häufigsten Fragen von Lehrpersonen / Gruppenbetreuungspersonen.</li>\n        <li>Vorlage Teilnehmerliste (bitte vor der Reise per E-Mail zusenden), um den schnellen Ablauf vor Ort zu organisieren.</li>\n        <li>Die aktuellen Reiseinformationen für Lehrpersonen, Schüler:innen und Eltern.</li>\n        <li>Unsere Hausordnung, die von jedem(r) Schüler:in unterschrieben am Anreisetag mitgebracht werden muss.</li>\n        <li>Elternbrief und Teilnahmebedienung Kletterfelsen (falls ihr plant, diese Sportaktivität zu nutzen).</li>\n    </ol>\n\n    <p>Für unsere Planung bitte den nachfolgenden Link bis spätestens zum  anklicken und die entsprechenden Felder ausfüllen bzw. überprüfen:</p>\n\n    <b><a href=\"http://127.0.0.1:8000/update_record/3c82b1da-2630-4706-b642-4c79a4d2b5dd\">Link zur Rückmeldung</a><br>\n    Login: bullemer@maritimedatasystems.com<br>\n    Passwort: 11<br></b>\n\n    <p>(Falls der Link nicht anzuklicken geht, diesen kopieren und im Browser einfügen.)</p>\n\n    <p>Erst ca. 4 Tage vor Fahrtbeginn wird Christer die Belegung/Zimmerverteilung zumailen. Aus organisatorischen Gründen geht es nicht eher.</p>\n\n    <p>Bei weiteren Fragen stehe ich Dir gern zur Verfügung.</p>\n\n    <p>Herzliche Grüße aus San Pepelone</p>\n    <p>Swetlana</p>\n\n    <hr>\n\n    <p>i. A. Swetlana Abraham</p>\n    <p>Assistenz Resortmanagement</p>\n    <p>Feriendorf & Surfschule Pepelow GmbH</p>\n    <p>Mobil: 0173 385 44 85</p>\n    <p>E-Mail: swetlana@san-pepelone.de</p>\n    <p>Homepage: <a href=\"http://www.san-pepelone.de\">www.san-pepelone.de</a></p>\n\n    <p>Gesetzliche Informationen:</p>\n    <p>Feriendorf und Surfschule Pepelow GmbH * Sandweg 1 * Sitz der Gesellschaft: 18233 Pepelow * Eingetragen beim Amtsgericht Rostock, HRB 8386</p>\n    <p>Geschäftsführer: Olaf Winkelmann</p>\n</body>\n</html>',0,3,'2024-02-14 20:11:42.859352','2024-02-14 20:11:42.859379',NULL,NULL,NULL,1,'',NULL,NULL,NULL),(21,'test@san-pepelone.de','bullemer@maritimedatasystems.com','','','Reiseinfos aus St. Pepelone','','<!DOCTYPE html>\n<html lang=\"de\">\n<head>\n    <meta charset=\"UTF-8\">\n    <meta name=\"viewport\" content=\"width=device-width, initial-scale=1.0\">\n    <title>Informationen zur bevorstehenden Reise</title>\n</head>\n<body>\n    <p>Hallo Carsten,</p>\n\n    <p>Bald ist es wieder so weit und bei Euch steigt vielleicht bereits das \"Reisefieber\".</p>\n\n    <p>Für deine Planung und Organisation erhältst Du im Anhang:</p>\n\n    <ol>\n        <li>Die Antworten auf die häufigsten Fragen von Lehrpersonen / Gruppenbetreuungspersonen.</li>\n        <li>Vorlage Teilnehmerliste (bitte vor der Reise per E-Mail zusenden), um den schnellen Ablauf vor Ort zu organisieren.</li>\n        <li>Die aktuellen Reiseinformationen für Lehrpersonen, Schüler:innen und Eltern.</li>\n        <li>Unsere Hausordnung, die von jedem(r) Schüler:in unterschrieben am Anreisetag mitgebracht werden muss.</li>\n        <li>Elternbrief und Teilnahmebedienung Kletterfelsen (falls ihr plant, diese Sportaktivität zu nutzen).</li>\n    </ol>\n\n    <p>Für unsere Planung bitte den nachfolgenden Link bis spätestens zum  anklicken und die entsprechenden Felder ausfüllen bzw. überprüfen:</p>\n\n    <b><a href=\"http://127.0.0.1:8000/update_record/3c82b1da-2630-4706-b642-4c79a4d2b5dd\">Link zur Rückmeldung</a><br>\n    Login: bullemer@maritimedatasystems.com<br>\n    Passwort: 11<br></b>\n\n    <p>(Falls der Link nicht anzuklicken geht, diesen kopieren und im Browser einfügen.)</p>\n\n    <p>Erst ca. 4 Tage vor Fahrtbeginn wird Christer die Belegung/Zimmerverteilung zumailen. Aus organisatorischen Gründen geht es nicht eher.</p>\n\n    <p>Bei weiteren Fragen stehe ich Dir gern zur Verfügung.</p>\n\n    <p>Herzliche Grüße aus San Pepelone</p>\n    <p>Swetlana</p>\n\n    <hr>\n\n    <p>i. A. Swetlana Abraham</p>\n    <p>Assistenz Resortmanagement</p>\n    <p>Feriendorf & Surfschule Pepelow GmbH</p>\n    <p>Mobil: 0173 385 44 85</p>\n    <p>E-Mail: swetlana@san-pepelone.de</p>\n    <p>Homepage: <a href=\"http://www.san-pepelone.de\">www.san-pepelone.de</a></p>\n\n    <p>Gesetzliche Informationen:</p>\n    <p>Feriendorf und Surfschule Pepelow GmbH * Sandweg 1 * Sitz der Gesellschaft: 18233 Pepelow * Eingetragen beim Amtsgericht Rostock, HRB 8386</p>\n    <p>Geschäftsführer: Olaf Winkelmann</p>\n</body>\n</html>',0,3,'2024-02-14 20:13:23.478364','2024-02-14 20:13:23.478472',NULL,NULL,NULL,1,'',NULL,NULL,NULL),(22,'test@san-pepelone.de','bullemer@maritimedatasystems.com','','','Reiseinfos aus St. Pepelone','','<!DOCTYPE html>\n<html lang=\"de\">\n<head>\n    <meta charset=\"UTF-8\">\n    <meta name=\"viewport\" content=\"width=device-width, initial-scale=1.0\">\n    <title>Informationen zur bevorstehenden Reise</title>\n</head>\n<body>\n    <p>Hallo Carsten,</p>\n\n    <p>Bald ist es wieder so weit und bei Euch steigt vielleicht bereits das \"Reisefieber\".</p>\n\n    <p>Für deine Planung und Organisation erhältst Du im Anhang:</p>\n\n    <ol>\n        <li>Die Antworten auf die häufigsten Fragen von Lehrpersonen / Gruppenbetreuungspersonen.</li>\n        <li>Vorlage Teilnehmerliste (bitte vor der Reise per E-Mail zusenden), um den schnellen Ablauf vor Ort zu organisieren.</li>\n        <li>Die aktuellen Reiseinformationen für Lehrpersonen, Schüler:innen und Eltern.</li>\n        <li>Unsere Hausordnung, die von jedem(r) Schüler:in unterschrieben am Anreisetag mitgebracht werden muss.</li>\n        <li>Elternbrief und Teilnahmebedienung Kletterfelsen (falls ihr plant, diese Sportaktivität zu nutzen).</li>\n    </ol>\n\n    <p>Für unsere Planung bitte den nachfolgenden Link bis spätestens zum  anklicken und die entsprechenden Felder ausfüllen bzw. überprüfen:</p>\n\n    <b><a href=\"http://127.0.0.1:8000/update_record/3c82b1da-2630-4706-b642-4c79a4d2b5dd\">Link zur Rückmeldung</a><br>\n    Login: bullemer@maritimedatasystems.com<br>\n    Passwort: 11<br></b>\n\n    <p>(Falls der Link nicht anzuklicken geht, diesen kopieren und im Browser einfügen.)</p>\n\n    <p>Erst ca. 4 Tage vor Fahrtbeginn wird Christer die Belegung/Zimmerverteilung zumailen. Aus organisatorischen Gründen geht es nicht eher.</p>\n\n    <p>Bei weiteren Fragen stehe ich Dir gern zur Verfügung.</p>\n\n    <p>Herzliche Grüße aus San Pepelone</p>\n    <p>Swetlana</p>\n\n    <hr>\n\n    <p>i. A. Swetlana Abraham</p>\n    <p>Assistenz Resortmanagement</p>\n    <p>Feriendorf & Surfschule Pepelow GmbH</p>\n    <p>Mobil: 0173 385 44 85</p>\n    <p>E-Mail: swetlana@san-pepelone.de</p>\n    <p>Homepage: <a href=\"http://www.san-pepelone.de\">www.san-pepelone.de</a></p>\n\n    <p>Gesetzliche Informationen:</p>\n    <p>Feriendorf und Surfschule Pepelow GmbH * Sandweg 1 * Sitz der Gesellschaft: 18233 Pepelow * Eingetragen beim Amtsgericht Rostock, HRB 8386</p>\n    <p>Geschäftsführer: Olaf Winkelmann</p>\n</body>\n</html>',0,3,'2024-02-14 20:13:25.570986','2024-02-14 20:13:25.571029',NULL,NULL,NULL,1,'',NULL,NULL,NULL),(23,'test@san-pepelone.de','bullemer@maritimedatasystems.com','','','Reiseinfos aus St. Pepelone','','<!DOCTYPE html>\n<html lang=\"de\">\n<head>\n    <meta charset=\"UTF-8\">\n    <meta name=\"viewport\" content=\"width=device-width, initial-scale=1.0\">\n    <title>Informationen zur bevorstehenden Reise</title>\n</head>\n<body>\n    <p>Hallo Carsten,</p>\n\n    <p>Bald ist es wieder so weit und bei Euch steigt vielleicht bereits das \"Reisefieber\".</p>\n\n    <p>Für deine Planung und Organisation erhältst Du im Anhang:</p>\n\n    <ol>\n        <li>Die Antworten auf die häufigsten Fragen von Lehrpersonen / Gruppenbetreuungspersonen.</li>\n        <li>Vorlage Teilnehmerliste (bitte vor der Reise per E-Mail zusenden), um den schnellen Ablauf vor Ort zu organisieren.</li>\n        <li>Die aktuellen Reiseinformationen für Lehrpersonen, Schüler:innen und Eltern.</li>\n        <li>Unsere Hausordnung, die von jedem(r) Schüler:in unterschrieben am Anreisetag mitgebracht werden muss.</li>\n        <li>Elternbrief und Teilnahmebedienung Kletterfelsen (falls ihr plant, diese Sportaktivität zu nutzen).</li>\n    </ol>\n\n    <p>Für unsere Planung bitte den nachfolgenden Link bis spätestens zum  anklicken und die entsprechenden Felder ausfüllen bzw. überprüfen:</p>\n\n    <b><a href=\"http://127.0.0.1:8000/update_record/3c82b1da-2630-4706-b642-4c79a4d2b5dd\">Link zur Rückmeldung</a><br>\n    Login: bullemer@maritimedatasystems.com<br>\n    Passwort: 11<br></b>\n\n    <p>(Falls der Link nicht anzuklicken geht, diesen kopieren und im Browser einfügen.)</p>\n\n    <p>Erst ca. 4 Tage vor Fahrtbeginn wird Christer die Belegung/Zimmerverteilung zumailen. Aus organisatorischen Gründen geht es nicht eher.</p>\n\n    <p>Bei weiteren Fragen stehe ich Dir gern zur Verfügung.</p>\n\n    <p>Herzliche Grüße aus San Pepelone</p>\n    <p>Swetlana</p>\n\n    <hr>\n\n    <p>i. A. Swetlana Abraham</p>\n    <p>Assistenz Resortmanagement</p>\n    <p>Feriendorf & Surfschule Pepelow GmbH</p>\n    <p>Mobil: 0173 385 44 85</p>\n    <p>E-Mail: swetlana@san-pepelone.de</p>\n    <p>Homepage: <a href=\"http://www.san-pepelone.de\">www.san-pepelone.de</a></p>\n\n    <p>Gesetzliche Informationen:</p>\n    <p>Feriendorf und Surfschule Pepelow GmbH * Sandweg 1 * Sitz der Gesellschaft: 18233 Pepelow * Eingetragen beim Amtsgericht Rostock, HRB 8386</p>\n    <p>Geschäftsführer: Olaf Winkelmann</p>\n</body>\n</html>',0,3,'2024-02-14 20:14:00.596291','2024-02-14 20:14:00.596337',NULL,NULL,NULL,1,'',NULL,NULL,NULL),(24,'test@san-pepelone.de','bullemer@maritimedatasystems.com','','','Reiseinfos aus St. Pepelone','','<!DOCTYPE html>\n<html lang=\"de\">\n<head>\n    <meta charset=\"UTF-8\">\n    <meta name=\"viewport\" content=\"width=device-width, initial-scale=1.0\">\n    <title>Informationen zur bevorstehenden Reise</title>\n</head>\n<body>\n    <p>Hallo Carsten,</p>\n\n    <p>Bald ist es wieder so weit und bei Euch steigt vielleicht bereits das \"Reisefieber\".</p>\n\n    <p>Für deine Planung und Organisation erhältst Du im Anhang:</p>\n\n    <ol>\n        <li>Die Antworten auf die häufigsten Fragen von Lehrpersonen / Gruppenbetreuungspersonen.</li>\n        <li>Vorlage Teilnehmerliste (bitte vor der Reise per E-Mail zusenden), um den schnellen Ablauf vor Ort zu organisieren.</li>\n        <li>Die aktuellen Reiseinformationen für Lehrpersonen, Schüler:innen und Eltern.</li>\n        <li>Unsere Hausordnung, die von jedem(r) Schüler:in unterschrieben am Anreisetag mitgebracht werden muss.</li>\n        <li>Elternbrief und Teilnahmebedienung Kletterfelsen (falls ihr plant, diese Sportaktivität zu nutzen).</li>\n    </ol>\n\n    <p>Für unsere Planung bitte den nachfolgenden Link bis spätestens zum  anklicken und die entsprechenden Felder ausfüllen bzw. überprüfen:</p>\n\n    <b><a href=\"http://127.0.0.1:8000/update_record/3c82b1da-2630-4706-b642-4c79a4d2b5dd\">Link zur Rückmeldung</a><br>\n    Login: bullemer@maritimedatasystems.com<br>\n    Passwort: 11<br></b>\n\n    <p>(Falls der Link nicht anzuklicken geht, diesen kopieren und im Browser einfügen.)</p>\n\n    <p>Erst ca. 4 Tage vor Fahrtbeginn wird Christer die Belegung/Zimmerverteilung zumailen. Aus organisatorischen Gründen geht es nicht eher.</p>\n\n    <p>Bei weiteren Fragen stehe ich Dir gern zur Verfügung.</p>\n\n    <p>Herzliche Grüße aus San Pepelone</p>\n    <p>Swetlana</p>\n\n    <hr>\n\n    <p>i. A. Swetlana Abraham</p>\n    <p>Assistenz Resortmanagement</p>\n    <p>Feriendorf & Surfschule Pepelow GmbH</p>\n    <p>Mobil: 0173 385 44 85</p>\n    <p>E-Mail: swetlana@san-pepelone.de</p>\n    <p>Homepage: <a href=\"http://www.san-pepelone.de\">www.san-pepelone.de</a></p>\n\n    <p>Gesetzliche Informationen:</p>\n    <p>Feriendorf und Surfschule Pepelow GmbH * Sandweg 1 * Sitz der Gesellschaft: 18233 Pepelow * Eingetragen beim Amtsgericht Rostock, HRB 8386</p>\n    <p>Geschäftsführer: Olaf Winkelmann</p>\n</body>\n</html>',0,3,'2024-02-14 20:14:03.276390','2024-02-14 20:14:03.276442',NULL,NULL,NULL,1,'',NULL,NULL,NULL),(25,'test@san-pepelone.de','bullemer@maritimedatasystems.com','','','Reiseinfos aus St. Pepelone','','<!DOCTYPE html>\n<html lang=\"de\">\n<head>\n    <meta charset=\"UTF-8\">\n    <meta name=\"viewport\" content=\"width=device-width, initial-scale=1.0\">\n    <title>Informationen zur bevorstehenden Reise</title>\n</head>\n<body>\n    <p>Hallo Carsten,</p>\n\n    <p>Bald ist es wieder so weit und bei Euch steigt vielleicht bereits das \"Reisefieber\".</p>\n\n    <p>Für deine Planung und Organisation erhältst Du im Anhang:</p>\n\n    <ol>\n        <li>Die Antworten auf die häufigsten Fragen von Lehrpersonen / Gruppenbetreuungspersonen.</li>\n        <li>Vorlage Teilnehmerliste (bitte vor der Reise per E-Mail zusenden), um den schnellen Ablauf vor Ort zu organisieren.</li>\n        <li>Die aktuellen Reiseinformationen für Lehrpersonen, Schüler:innen und Eltern.</li>\n        <li>Unsere Hausordnung, die von jedem(r) Schüler:in unterschrieben am Anreisetag mitgebracht werden muss.</li>\n        <li>Elternbrief und Teilnahmebedienung Kletterfelsen (falls ihr plant, diese Sportaktivität zu nutzen).</li>\n    </ol>\n\n    <p>Für unsere Planung bitte den nachfolgenden Link bis spätestens zum  anklicken und die entsprechenden Felder ausfüllen bzw. überprüfen:</p>\n\n    <b><a href=\"http://127.0.0.1:8000/update_record/3c82b1da-2630-4706-b642-4c79a4d2b5dd\">Link zur Rückmeldung</a><br>\n    Login: bullemer@maritimedatasystems.com<br>\n    Passwort: 11<br></b>\n\n    <p>(Falls der Link nicht anzuklicken geht, diesen kopieren und im Browser einfügen.)</p>\n\n    <p>Erst ca. 4 Tage vor Fahrtbeginn wird Christer die Belegung/Zimmerverteilung zumailen. Aus organisatorischen Gründen geht es nicht eher.</p>\n\n    <p>Bei weiteren Fragen stehe ich Dir gern zur Verfügung.</p>\n\n    <p>Herzliche Grüße aus San Pepelone</p>\n    <p>Swetlana</p>\n\n    <hr>\n\n    <p>i. A. Swetlana Abraham</p>\n    <p>Assistenz Resortmanagement</p>\n    <p>Feriendorf & Surfschule Pepelow GmbH</p>\n    <p>Mobil: 0173 385 44 85</p>\n    <p>E-Mail: swetlana@san-pepelone.de</p>\n    <p>Homepage: <a href=\"http://www.san-pepelone.de\">www.san-pepelone.de</a></p>\n\n    <p>Gesetzliche Informationen:</p>\n    <p>Feriendorf und Surfschule Pepelow GmbH * Sandweg 1 * Sitz der Gesellschaft: 18233 Pepelow * Eingetragen beim Amtsgericht Rostock, HRB 8386</p>\n    <p>Geschäftsführer: Olaf Winkelmann</p>\n</body>\n</html>',0,3,'2024-02-14 20:17:58.947686','2024-02-14 20:17:58.947730',NULL,NULL,NULL,1,'',NULL,NULL,NULL),(26,'test@san-pepelone.de','bullemer@maritimedatasystems.com','','','Reiseinfos aus St. Pepelone','','<!DOCTYPE html>\n<html lang=\"de\">\n<head>\n    <meta charset=\"UTF-8\">\n    <meta name=\"viewport\" content=\"width=device-width, initial-scale=1.0\">\n    <title>Informationen zur bevorstehenden Reise</title>\n</head>\n<body>\n    <p>Hallo Carsten,</p>\n\n    <p>Bald ist es wieder so weit und bei Euch steigt vielleicht bereits das \"Reisefieber\".</p>\n\n    <p>Für deine Planung und Organisation erhältst Du im Anhang:</p>\n\n    <ol>\n        <li>Die Antworten auf die häufigsten Fragen von Lehrpersonen / Gruppenbetreuungspersonen.</li>\n        <li>Vorlage Teilnehmerliste (bitte vor der Reise per E-Mail zusenden), um den schnellen Ablauf vor Ort zu organisieren.</li>\n        <li>Die aktuellen Reiseinformationen für Lehrpersonen, Schüler:innen und Eltern.</li>\n        <li>Unsere Hausordnung, die von jedem(r) Schüler:in unterschrieben am Anreisetag mitgebracht werden muss.</li>\n        <li>Elternbrief und Teilnahmebedienung Kletterfelsen (falls ihr plant, diese Sportaktivität zu nutzen).</li>\n    </ol>\n\n    <p>Für unsere Planung bitte den nachfolgenden Link bis spätestens zum  anklicken und die entsprechenden Felder ausfüllen bzw. überprüfen:</p>\n\n    <b><a href=\"http://127.0.0.1:8000/update_record/3c82b1da-2630-4706-b642-4c79a4d2b5dd\">Link zur Rückmeldung</a><br>\n    Login: bullemer@maritimedatasystems.com<br>\n    Passwort: 11<br></b>\n\n    <p>(Falls der Link nicht anzuklicken geht, diesen kopieren und im Browser einfügen.)</p>\n\n    <p>Erst ca. 4 Tage vor Fahrtbeginn wird Christer die Belegung/Zimmerverteilung zumailen. Aus organisatorischen Gründen geht es nicht eher.</p>\n\n    <p>Bei weiteren Fragen stehe ich Dir gern zur Verfügung.</p>\n\n    <p>Herzliche Grüße aus San Pepelone</p>\n    <p>Swetlana</p>\n\n    <hr>\n\n    <p>i. A. Swetlana Abraham</p>\n    <p>Assistenz Resortmanagement</p>\n    <p>Feriendorf & Surfschule Pepelow GmbH</p>\n    <p>Mobil: 0173 385 44 85</p>\n    <p>E-Mail: swetlana@san-pepelone.de</p>\n    <p>Homepage: <a href=\"http://www.san-pepelone.de\">www.san-pepelone.de</a></p>\n\n    <p>Gesetzliche Informationen:</p>\n    <p>Feriendorf und Surfschule Pepelow GmbH * Sandweg 1 * Sitz der Gesellschaft: 18233 Pepelow * Eingetragen beim Amtsgericht Rostock, HRB 8386</p>\n    <p>Geschäftsführer: Olaf Winkelmann</p>\n</body>\n</html>',0,3,'2024-02-14 20:18:21.423584','2024-02-14 20:18:21.423698',NULL,NULL,NULL,1,'',NULL,NULL,NULL),(27,'test@san-pepelone.de','bullemer@maritimedatasystems.com','','','Reiseinfos aus St. Pepelone','','<!DOCTYPE html>\n<html lang=\"de\">\n<head>\n    <meta charset=\"UTF-8\">\n    <meta name=\"viewport\" content=\"width=device-width, initial-scale=1.0\">\n    <title>Informationen zur bevorstehenden Reise</title>\n</head>\n<body>\n    <p>Hallo Carsten,</p>\n\n    <p>Bald ist es wieder so weit und bei Euch steigt vielleicht bereits das \"Reisefieber\".</p>\n\n    <p>Für deine Planung und Organisation erhältst Du im Anhang:</p>\n\n    <ol>\n        <li>Die Antworten auf die häufigsten Fragen von Lehrpersonen / Gruppenbetreuungspersonen.</li>\n        <li>Vorlage Teilnehmerliste (bitte vor der Reise per E-Mail zusenden), um den schnellen Ablauf vor Ort zu organisieren.</li>\n        <li>Die aktuellen Reiseinformationen für Lehrpersonen, Schüler:innen und Eltern.</li>\n        <li>Unsere Hausordnung, die von jedem(r) Schüler:in unterschrieben am Anreisetag mitgebracht werden muss.</li>\n        <li>Elternbrief und Teilnahmebedienung Kletterfelsen (falls ihr plant, diese Sportaktivität zu nutzen).</li>\n    </ol>\n\n    <p>Für unsere Planung bitte den nachfolgenden Link bis spätestens zum  anklicken und die entsprechenden Felder ausfüllen bzw. überprüfen:</p>\n\n    <b><a href=\"http://127.0.0.1:8000/update_record/3c82b1da-2630-4706-b642-4c79a4d2b5dd\">Link zur Rückmeldung</a><br>\n    Login: bullemer@maritimedatasystems.com<br>\n    Passwort: 11<br></b>\n\n    <p>(Falls der Link nicht anzuklicken geht, diesen kopieren und im Browser einfügen.)</p>\n\n    <p>Erst ca. 4 Tage vor Fahrtbeginn wird Christer die Belegung/Zimmerverteilung zumailen. Aus organisatorischen Gründen geht es nicht eher.</p>\n\n    <p>Bei weiteren Fragen stehe ich Dir gern zur Verfügung.</p>\n\n    <p>Herzliche Grüße aus San Pepelone</p>\n    <p>Swetlana</p>\n\n    <hr>\n\n    <p>i. A. Swetlana Abraham</p>\n    <p>Assistenz Resortmanagement</p>\n    <p>Feriendorf & Surfschule Pepelow GmbH</p>\n    <p>Mobil: 0173 385 44 85</p>\n    <p>E-Mail: swetlana@san-pepelone.de</p>\n    <p>Homepage: <a href=\"http://www.san-pepelone.de\">www.san-pepelone.de</a></p>\n\n    <p>Gesetzliche Informationen:</p>\n    <p>Feriendorf und Surfschule Pepelow GmbH * Sandweg 1 * Sitz der Gesellschaft: 18233 Pepelow * Eingetragen beim Amtsgericht Rostock, HRB 8386</p>\n    <p>Geschäftsführer: Olaf Winkelmann</p>\n</body>\n</html>',0,3,'2024-02-14 20:18:28.696060','2024-02-14 20:18:28.696108',NULL,NULL,NULL,1,'',NULL,NULL,NULL),(28,'test@san-pepelone.de','bullemer@maritimedatasystems.com','','','Reiseinfos aus St. Pepelone','','<!DOCTYPE html>\n<html lang=\"de\">\n<head>\n    <meta charset=\"UTF-8\">\n    <meta name=\"viewport\" content=\"width=device-width, initial-scale=1.0\">\n    <title>Informationen zur bevorstehenden Reise</title>\n</head>\n<body>\n    <p>Hallo Carsten,</p>\n\n    <p>Bald ist es wieder so weit und bei Euch steigt vielleicht bereits das \"Reisefieber\".</p>\n\n    <p>Für deine Planung und Organisation erhältst Du im Anhang:</p>\n\n    <ol>\n        <li>Die Antworten auf die häufigsten Fragen von Lehrpersonen / Gruppenbetreuungspersonen.</li>\n        <li>Vorlage Teilnehmerliste (bitte vor der Reise per E-Mail zusenden), um den schnellen Ablauf vor Ort zu organisieren.</li>\n        <li>Die aktuellen Reiseinformationen für Lehrpersonen, Schüler:innen und Eltern.</li>\n        <li>Unsere Hausordnung, die von jedem(r) Schüler:in unterschrieben am Anreisetag mitgebracht werden muss.</li>\n        <li>Elternbrief und Teilnahmebedienung Kletterfelsen (falls ihr plant, diese Sportaktivität zu nutzen).</li>\n    </ol>\n\n    <p>Für unsere Planung bitte den nachfolgenden Link bis spätestens zum  anklicken und die entsprechenden Felder ausfüllen bzw. überprüfen:</p>\n\n    <b><a href=\"http://127.0.0.1:8000/update_record/3c82b1da-2630-4706-b642-4c79a4d2b5dd\">Link zur Rückmeldung</a><br>\n    Login: bullemer@maritimedatasystems.com<br>\n    Passwort: 11<br></b>\n\n    <p>(Falls der Link nicht anzuklicken geht, diesen kopieren und im Browser einfügen.)</p>\n\n    <p>Erst ca. 4 Tage vor Fahrtbeginn wird Christer die Belegung/Zimmerverteilung zumailen. Aus organisatorischen Gründen geht es nicht eher.</p>\n\n    <p>Bei weiteren Fragen stehe ich Dir gern zur Verfügung.</p>\n\n    <p>Herzliche Grüße aus San Pepelone</p>\n    <p>Swetlana</p>\n\n    <hr>\n\n    <p>i. A. Swetlana Abraham</p>\n    <p>Assistenz Resortmanagement</p>\n    <p>Feriendorf & Surfschule Pepelow GmbH</p>\n    <p>Mobil: 0173 385 44 85</p>\n    <p>E-Mail: swetlana@san-pepelone.de</p>\n    <p>Homepage: <a href=\"http://www.san-pepelone.de\">www.san-pepelone.de</a></p>\n\n    <p>Gesetzliche Informationen:</p>\n    <p>Feriendorf und Surfschule Pepelow GmbH * Sandweg 1 * Sitz der Gesellschaft: 18233 Pepelow * Eingetragen beim Amtsgericht Rostock, HRB 8386</p>\n    <p>Geschäftsführer: Olaf Winkelmann</p>\n</body>\n</html>',0,3,'2024-02-14 20:18:31.360520','2024-02-14 20:18:31.360643',NULL,NULL,NULL,1,'',NULL,NULL,NULL),(29,'test@san-pepelone.de','bullemer@maritimedatasystems.com','','','Reiseinfos aus St. Pepelone','','<!DOCTYPE html>\n<html lang=\"de\">\n<head>\n    <meta charset=\"UTF-8\">\n    <meta name=\"viewport\" content=\"width=device-width, initial-scale=1.0\">\n    <title>Informationen zur bevorstehenden Reise</title>\n</head>\n<body>\n    <p>Hallo Carsten,</p>\n\n    <p>Bald ist es wieder so weit und bei Euch steigt vielleicht bereits das \"Reisefieber\".</p>\n\n    <p>Für deine Planung und Organisation erhältst Du im Anhang:</p>\n\n    <ol>\n        <li>Die Antworten auf die häufigsten Fragen von Lehrpersonen / Gruppenbetreuungspersonen.</li>\n        <li>Vorlage Teilnehmerliste (bitte vor der Reise per E-Mail zusenden), um den schnellen Ablauf vor Ort zu organisieren.</li>\n        <li>Die aktuellen Reiseinformationen für Lehrpersonen, Schüler:innen und Eltern.</li>\n        <li>Unsere Hausordnung, die von jedem(r) Schüler:in unterschrieben am Anreisetag mitgebracht werden muss.</li>\n        <li>Elternbrief und Teilnahmebedienung Kletterfelsen (falls ihr plant, diese Sportaktivität zu nutzen).</li>\n    </ol>\n\n    <p>Für unsere Planung bitte den nachfolgenden Link bis spätestens zum  anklicken und die entsprechenden Felder ausfüllen bzw. überprüfen:</p>\n\n    <b><a href=\"http://127.0.0.1:8000/update_record/3c82b1da-2630-4706-b642-4c79a4d2b5dd\">Link zur Rückmeldung</a><br>\n    Login: bullemer@maritimedatasystems.com<br>\n    Passwort: 11<br></b>\n\n    <p>(Falls der Link nicht anzuklicken geht, diesen kopieren und im Browser einfügen.)</p>\n\n    <p>Erst ca. 4 Tage vor Fahrtbeginn wird Christer die Belegung/Zimmerverteilung zumailen. Aus organisatorischen Gründen geht es nicht eher.</p>\n\n    <p>Bei weiteren Fragen stehe ich Dir gern zur Verfügung.</p>\n\n    <p>Herzliche Grüße aus San Pepelone</p>\n    <p>Swetlana</p>\n\n    <hr>\n\n    <p>i. A. Swetlana Abraham</p>\n    <p>Assistenz Resortmanagement</p>\n    <p>Feriendorf & Surfschule Pepelow GmbH</p>\n    <p>Mobil: 0173 385 44 85</p>\n    <p>E-Mail: swetlana@san-pepelone.de</p>\n    <p>Homepage: <a href=\"http://www.san-pepelone.de\">www.san-pepelone.de</a></p>\n\n    <p>Gesetzliche Informationen:</p>\n    <p>Feriendorf und Surfschule Pepelow GmbH * Sandweg 1 * Sitz der Gesellschaft: 18233 Pepelow * Eingetragen beim Amtsgericht Rostock, HRB 8386</p>\n    <p>Geschäftsführer: Olaf Winkelmann</p>\n</body>\n</html>',0,3,'2024-02-14 20:18:47.986794','2024-02-14 20:18:47.986833',NULL,NULL,NULL,1,'',NULL,NULL,NULL),(30,'test@san-pepelone.de','john@marine.media','','','Reiseinfos aus St. Pepelone','','<!DOCTYPE html>\n<html lang=\"de\">\n<head>\n    <meta charset=\"UTF-8\">\n    <meta name=\"viewport\" content=\"width=device-width, initial-scale=1.0\">\n    <title>Informationen zur bevorstehenden Reise</title>\n</head>\n<body>\n    <p>Hallo Tompeter,</p>\n\n    <p>Bald ist es wieder so weit und bei Euch steigt vielleicht bereits das \"Reisefieber\".</p>\n\n    <p>Für deine Planung und Organisation erhältst Du im Anhang:</p>\n\n    <ol>\n        <li>Die Antworten auf die häufigsten Fragen von Lehrpersonen / Gruppenbetreuungspersonen.</li>\n        <li>Vorlage Teilnehmerliste (bitte vor der Reise per E-Mail zusenden), um den schnellen Ablauf vor Ort zu organisieren.</li>\n        <li>Die aktuellen Reiseinformationen für Lehrpersonen, Schüler:innen und Eltern.</li>\n        <li>Unsere Hausordnung, die von jedem(r) Schüler:in unterschrieben am Anreisetag mitgebracht werden muss.</li>\n        <li>Elternbrief und Teilnahmebedienung Kletterfelsen (falls ihr plant, diese Sportaktivität zu nutzen).</li>\n    </ol>\n\n    <p>Für unsere Planung bitte den nachfolgenden Link bis spätestens zum  anklicken und die entsprechenden Felder ausfüllen bzw. überprüfen:</p>\n\n    <b><a href=\"http://127.0.0.1:8000/update_record/78923e8a-7cce-4e67-b90c-9abb47001e4d\">Link zur Rückmeldung</a><br>\n    Login: john@marine.media<br>\n    Passwort: 15<br></b>\n\n    <p>(Falls der Link nicht anzuklicken geht, diesen kopieren und im Browser einfügen.)</p>\n\n    <p>Erst ca. 4 Tage vor Fahrtbeginn wird Christer die Belegung/Zimmerverteilung zumailen. Aus organisatorischen Gründen geht es nicht eher.</p>\n\n    <p>Bei weiteren Fragen stehe ich Dir gern zur Verfügung.</p>\n\n    <p>Herzliche Grüße aus San Pepelone</p>\n    <p>Swetlana</p>\n\n    <hr>\n\n    <p>i. A. Swetlana Abraham</p>\n    <p>Assistenz Resortmanagement</p>\n    <p>Feriendorf & Surfschule Pepelow GmbH</p>\n    <p>Mobil: 0173 385 44 85</p>\n    <p>E-Mail: swetlana@san-pepelone.de</p>\n    <p>Homepage: <a href=\"http://www.san-pepelone.de\">www.san-pepelone.de</a></p>\n\n    <p>Gesetzliche Informationen:</p>\n    <p>Feriendorf und Surfschule Pepelow GmbH * Sandweg 1 * Sitz der Gesellschaft: 18233 Pepelow * Eingetragen beim Amtsgericht Rostock, HRB 8386</p>\n    <p>Geschäftsführer: Olaf Winkelmann</p>\n</body>\n</html>',0,3,'2024-02-14 20:58:34.359433','2024-02-14 20:58:34.359456',NULL,NULL,NULL,1,'',NULL,NULL,NULL),(31,'test@san-pepelone.de','john@marine.media','','','Reiseinfos aus St. Pepelone','','<!DOCTYPE html>\n<html lang=\"de\">\n<head>\n    <meta charset=\"UTF-8\">\n    <meta name=\"viewport\" content=\"width=device-width, initial-scale=1.0\">\n    <title>Informationen zur bevorstehenden Reise</title>\n</head>\n<body>\n    <p>Hallo Nadine,</p>\n\n    <p>Bald ist es wieder so weit und bei Euch steigt vielleicht bereits das \"Reisefieber\".</p>\n\n    <p>Für deine Planung und Organisation erhältst Du im Anhang:</p>\n\n    <ol>\n        <li>Die Antworten auf die häufigsten Fragen von Lehrpersonen / Gruppenbetreuungspersonen.</li>\n        <li>Vorlage Teilnehmerliste (bitte vor der Reise per E-Mail zusenden), um den schnellen Ablauf vor Ort zu organisieren.</li>\n        <li>Die aktuellen Reiseinformationen für Lehrpersonen, Schüler:innen und Eltern.</li>\n        <li>Unsere Hausordnung, die von jedem(r) Schüler:in unterschrieben am Anreisetag mitgebracht werden muss.</li>\n        <li>Elternbrief und Teilnahmebedienung Kletterfelsen (falls ihr plant, diese Sportaktivität zu nutzen).</li>\n    </ol>\n\n    <p>Für unsere Planung bitte den nachfolgenden Link bis spätestens zum  anklicken und die entsprechenden Felder ausfüllen bzw. überprüfen:</p>\n\n    <b><a href=\"http://127.0.0.1:8000/update_record/acb47326-cebe-4764-9a18-e15cb662c523\">Link zur Rückmeldung</a><br>\n    Login: john@marine.media<br>\n    Passwort: 16<br></b>\n\n    <p>(Falls der Link nicht anzuklicken geht, diesen kopieren und im Browser einfügen.)</p>\n\n    <p>Erst ca. 4 Tage vor Fahrtbeginn wird Christer die Belegung/Zimmerverteilung zumailen. Aus organisatorischen Gründen geht es nicht eher.</p>\n\n    <p>Bei weiteren Fragen stehe ich Dir gern zur Verfügung.</p>\n\n    <p>Herzliche Grüße aus San Pepelone</p>\n    <p>Swetlana</p>\n\n    <hr>\n\n    <p>i. A. Swetlana Abraham</p>\n    <p>Assistenz Resortmanagement</p>\n    <p>Feriendorf & Surfschule Pepelow GmbH</p>\n    <p>Mobil: 0173 385 44 85</p>\n    <p>E-Mail: swetlana@san-pepelone.de</p>\n    <p>Homepage: <a href=\"http://www.san-pepelone.de\">www.san-pepelone.de</a></p>\n\n    <p>Gesetzliche Informationen:</p>\n    <p>Feriendorf und Surfschule Pepelow GmbH * Sandweg 1 * Sitz der Gesellschaft: 18233 Pepelow * Eingetragen beim Amtsgericht Rostock, HRB 8386</p>\n    <p>Geschäftsführer: Olaf Winkelmann</p>\n</body>\n</html>',0,3,'2024-02-14 21:12:29.955959','2024-02-14 21:12:29.956027',NULL,NULL,NULL,1,'',NULL,NULL,NULL),(32,'test@san-pepelone.de','john@marine.media','','','Reiseinfos aus St. Pepelone','','<!DOCTYPE html>\n<html lang=\"de\">\n<head>\n    <meta charset=\"UTF-8\">\n    <meta name=\"viewport\" content=\"width=device-width, initial-scale=1.0\">\n    <title>Informationen zur bevorstehenden Reise</title>\n</head>\n<body>\n    <p>Hallo Anne,</p>\n\n    <p>Bald ist es wieder so weit und bei Euch steigt vielleicht bereits das \"Reisefieber\".</p>\n\n    <p>Für deine Planung und Organisation erhältst Du im Anhang:</p>\n\n    <ol>\n        <li>Die Antworten auf die häufigsten Fragen von Lehrpersonen / Gruppenbetreuungspersonen.</li>\n        <li>Vorlage Teilnehmerliste (bitte vor der Reise per E-Mail zusenden), um den schnellen Ablauf vor Ort zu organisieren.</li>\n        <li>Die aktuellen Reiseinformationen für Lehrpersonen, Schüler:innen und Eltern.</li>\n        <li>Unsere Hausordnung, die von jedem(r) Schüler:in unterschrieben am Anreisetag mitgebracht werden muss.</li>\n        <li>Elternbrief und Teilnahmebedienung Kletterfelsen (falls ihr plant, diese Sportaktivität zu nutzen).</li>\n    </ol>\n\n    <p>Für unsere Planung bitte den nachfolgenden Link bis spätestens zum  anklicken und die entsprechenden Felder ausfüllen bzw. überprüfen:</p>\n\n    <b><a href=\"http://127.0.0.1:8000/update_record/e7a29f59-6ab3-454d-a019-efcd1725a5d6\">Link zur Rückmeldung</a><br>\n    Login: john@marine.media<br>\n    Passwort: 19<br></b>\n\n    <p>(Falls der Link nicht anzuklicken geht, diesen kopieren und im Browser einfügen.)</p>\n\n    <p>Erst ca. 4 Tage vor Fahrtbeginn wird Christer die Belegung/Zimmerverteilung zumailen. Aus organisatorischen Gründen geht es nicht eher.</p>\n\n    <p>Bei weiteren Fragen stehe ich Dir gern zur Verfügung.</p>\n\n    <p>Herzliche Grüße aus San Pepelone</p>\n    <p>Swetlana</p>\n\n    <hr>\n\n    <p>i. A. Swetlana Abraham</p>\n    <p>Assistenz Resortmanagement</p>\n    <p>Feriendorf & Surfschule Pepelow GmbH</p>\n    <p>Mobil: 0173 385 44 85</p>\n    <p>E-Mail: swetlana@san-pepelone.de</p>\n    <p>Homepage: <a href=\"http://www.san-pepelone.de\">www.san-pepelone.de</a></p>\n\n    <p>Gesetzliche Informationen:</p>\n    <p>Feriendorf und Surfschule Pepelow GmbH * Sandweg 1 * Sitz der Gesellschaft: 18233 Pepelow * Eingetragen beim Amtsgericht Rostock, HRB 8386</p>\n    <p>Geschäftsführer: Olaf Winkelmann</p>\n</body>\n</html>',0,3,'2024-02-15 20:41:50.415969','2024-02-15 20:41:50.416008',NULL,NULL,NULL,1,'',NULL,NULL,NULL),(33,'test@san-pepelone.de','john@marine.media','','','Reiseinfos aus St. Pepelone','','<!DOCTYPE html>\n<html lang=\"de\">\n<head>\n    <meta charset=\"UTF-8\">\n    <meta name=\"viewport\" content=\"width=device-width, initial-scale=1.0\">\n    <title>Informationen zur bevorstehenden Reise</title>\n</head>\n<body>\n    <p>Hallo Anne,</p>\n\n    <p>Bald ist es wieder so weit und bei Euch steigt vielleicht bereits das \"Reisefieber\".</p>\n\n    <p>Für deine Planung und Organisation erhältst Du im Anhang:</p>\n\n    <ol>\n        <li>Die Antworten auf die häufigsten Fragen von Lehrpersonen / Gruppenbetreuungspersonen.</li>\n        <li>Vorlage Teilnehmerliste (bitte vor der Reise per E-Mail zusenden), um den schnellen Ablauf vor Ort zu organisieren.</li>\n        <li>Die aktuellen Reiseinformationen für Lehrpersonen, Schüler:innen und Eltern.</li>\n        <li>Unsere Hausordnung, die von jedem(r) Schüler:in unterschrieben am Anreisetag mitgebracht werden muss.</li>\n        <li>Elternbrief und Teilnahmebedienung Kletterfelsen (falls ihr plant, diese Sportaktivität zu nutzen).</li>\n    </ol>\n\n    <p>Für unsere Planung bitte den nachfolgenden Link bis spätestens zum  anklicken und die entsprechenden Felder ausfüllen bzw. überprüfen:</p>\n\n    <b><a href=\"http://127.0.0.1:8000/update_record/e7a29f59-6ab3-454d-a019-efcd1725a5d6\">Link zur Rückmeldung</a><br>\n    Login: john@marine.media<br>\n    Passwort: 19<br></b>\n\n    <p>(Falls der Link nicht anzuklicken geht, diesen kopieren und im Browser einfügen.)</p>\n\n    <p>Erst ca. 4 Tage vor Fahrtbeginn wird Christer die Belegung/Zimmerverteilung zumailen. Aus organisatorischen Gründen geht es nicht eher.</p>\n\n    <p>Bei weiteren Fragen stehe ich Dir gern zur Verfügung.</p>\n\n    <p>Herzliche Grüße aus San Pepelone</p>\n    <p>Swetlana</p>\n\n    <hr>\n\n    <p>i. A. Swetlana Abraham</p>\n    <p>Assistenz Resortmanagement</p>\n    <p>Feriendorf & Surfschule Pepelow GmbH</p>\n    <p>Mobil: 0173 385 44 85</p>\n    <p>E-Mail: swetlana@san-pepelone.de</p>\n    <p>Homepage: <a href=\"http://www.san-pepelone.de\">www.san-pepelone.de</a></p>\n\n    <p>Gesetzliche Informationen:</p>\n    <p>Feriendorf und Surfschule Pepelow GmbH * Sandweg 1 * Sitz der Gesellschaft: 18233 Pepelow * Eingetragen beim Amtsgericht Rostock, HRB 8386</p>\n    <p>Geschäftsführer: Olaf Winkelmann</p>\n</body>\n</html>',0,3,'2024-02-15 22:20:35.411861','2024-02-15 22:20:35.411901',NULL,NULL,NULL,1,'',NULL,NULL,NULL),(34,'test@san-pepelone.de','john@marine.media','','','Reiseinfos aus St. Pepelone','','<!DOCTYPE html>\n<html lang=\"de\">\n<head>\n    <meta charset=\"UTF-8\">\n    <meta name=\"viewport\" content=\"width=device-width, initial-scale=1.0\">\n    <title>Informationen zur bevorstehenden Reise</title>\n</head>\n<body>\n    <p>Hallo Anne,</p>\n\n    <p>Bald ist es wieder so weit und bei Euch steigt vielleicht bereits das \"Reisefieber\".</p>\n\n    <p>Für deine Planung und Organisation erhältst Du im Anhang:</p>\n\n    <ol>\n        <li>Die Antworten auf die häufigsten Fragen von Lehrpersonen / Gruppenbetreuungspersonen.</li>\n        <li>Vorlage Teilnehmerliste (bitte vor der Reise per E-Mail zusenden), um den schnellen Ablauf vor Ort zu organisieren.</li>\n        <li>Die aktuellen Reiseinformationen für Lehrpersonen, Schüler:innen und Eltern.</li>\n        <li>Unsere Hausordnung, die von jedem(r) Schüler:in unterschrieben am Anreisetag mitgebracht werden muss.</li>\n        <li>Elternbrief und Teilnahmebedienung Kletterfelsen (falls ihr plant, diese Sportaktivität zu nutzen).</li>\n    </ol>\n\n    <p>Für unsere Planung bitte den nachfolgenden Link bis spätestens zum  anklicken und die entsprechenden Felder ausfüllen bzw. überprüfen:</p>\n\n    <b><a href=\"http://127.0.0.1:8000/update_record/e7a29f59-6ab3-454d-a019-efcd1725a5d6\">Link zur Rückmeldung</a><br>\n    Login: john@marine.media<br>\n    Passwort: 19<br></b>\n\n    <p>(Falls der Link nicht anzuklicken geht, diesen kopieren und im Browser einfügen.)</p>\n\n    <p>Erst ca. 4 Tage vor Fahrtbeginn wird Christer die Belegung/Zimmerverteilung zumailen. Aus organisatorischen Gründen geht es nicht eher.</p>\n\n    <p>Bei weiteren Fragen stehe ich Dir gern zur Verfügung.</p>\n\n    <p>Herzliche Grüße aus San Pepelone</p>\n    <p>Swetlana</p>\n\n    <hr>\n\n    <p>i. A. Swetlana Abraham</p>\n    <p>Assistenz Resortmanagement</p>\n    <p>Feriendorf & Surfschule Pepelow GmbH</p>\n    <p>Mobil: 0173 385 44 85</p>\n    <p>E-Mail: swetlana@san-pepelone.de</p>\n    <p>Homepage: <a href=\"http://www.san-pepelone.de\">www.san-pepelone.de</a></p>\n\n    <p>Gesetzliche Informationen:</p>\n    <p>Feriendorf und Surfschule Pepelow GmbH * Sandweg 1 * Sitz der Gesellschaft: 18233 Pepelow * Eingetragen beim Amtsgericht Rostock, HRB 8386</p>\n    <p>Geschäftsführer: Olaf Winkelmann</p>\n</body>\n</html>',0,3,'2024-02-15 22:20:50.112236','2024-02-15 22:20:50.112276',NULL,NULL,NULL,1,'',NULL,NULL,NULL),(35,'test@san-pepelone.de','john@marine.media','','','Reiseinfos aus St. Pepelone','','<!DOCTYPE html>\n<html lang=\"de\">\n<head>\n    <meta charset=\"UTF-8\">\n    <meta name=\"viewport\" content=\"width=device-width, initial-scale=1.0\">\n    <title>Informationen zur bevorstehenden Reise</title>\n</head>\n<body>\n    <p>Hallo Anne,</p>\n\n    <p>Bald ist es wieder so weit und bei Euch steigt vielleicht bereits das \"Reisefieber\".</p>\n\n    <p>Für deine Planung und Organisation erhältst Du im Anhang:</p>\n\n    <ol>\n        <li>Die Antworten auf die häufigsten Fragen von Lehrpersonen / Gruppenbetreuungspersonen.</li>\n        <li>Vorlage Teilnehmerliste (bitte vor der Reise per E-Mail zusenden), um den schnellen Ablauf vor Ort zu organisieren.</li>\n        <li>Die aktuellen Reiseinformationen für Lehrpersonen, Schüler:innen und Eltern.</li>\n        <li>Unsere Hausordnung, die von jedem(r) Schüler:in unterschrieben am Anreisetag mitgebracht werden muss.</li>\n        <li>Elternbrief und Teilnahmebedienung Kletterfelsen (falls ihr plant, diese Sportaktivität zu nutzen).</li>\n    </ol>\n\n    <p>Für unsere Planung bitte den nachfolgenden Link bis spätestens zum  anklicken und die entsprechenden Felder ausfüllen bzw. überprüfen:</p>\n\n    <b><a href=\"http://127.0.0.1:8000/update_record/e7a29f59-6ab3-454d-a019-efcd1725a5d6\">Link zur Rückmeldung</a><br>\n    Login: john@marine.media<br>\n    Passwort: 19<br></b>\n\n    <p>(Falls der Link nicht anzuklicken geht, diesen kopieren und im Browser einfügen.)</p>\n\n    <p>Erst ca. 4 Tage vor Fahrtbeginn wird Christer die Belegung/Zimmerverteilung zumailen. Aus organisatorischen Gründen geht es nicht eher.</p>\n\n    <p>Bei weiteren Fragen stehe ich Dir gern zur Verfügung.</p>\n\n    <p>Herzliche Grüße aus San Pepelone</p>\n    <p>Swetlana</p>\n\n    <hr>\n\n    <p>i. A. Swetlana Abraham</p>\n    <p>Assistenz Resortmanagement</p>\n    <p>Feriendorf & Surfschule Pepelow GmbH</p>\n    <p>Mobil: 0173 385 44 85</p>\n    <p>E-Mail: swetlana@san-pepelone.de</p>\n    <p>Homepage: <a href=\"http://www.san-pepelone.de\">www.san-pepelone.de</a></p>\n\n    <p>Gesetzliche Informationen:</p>\n    <p>Feriendorf und Surfschule Pepelow GmbH * Sandweg 1 * Sitz der Gesellschaft: 18233 Pepelow * Eingetragen beim Amtsgericht Rostock, HRB 8386</p>\n    <p>Geschäftsführer: Olaf Winkelmann</p>\n</body>\n</html>',0,3,'2024-02-15 22:24:07.943999','2024-02-15 22:24:07.944040',NULL,NULL,NULL,1,'',NULL,NULL,NULL),(36,'test@san-pepelone.de','john@marine.media','','','Reiseinfos aus St. Pepelone','','<!DOCTYPE html>\n<html lang=\"de\">\n<head>\n    <meta charset=\"UTF-8\">\n    <meta name=\"viewport\" content=\"width=device-width, initial-scale=1.0\">\n    <title>Informationen zur bevorstehenden Reise</title>\n</head>\n<body>\n    <p>Hallo Anne,</p>\n\n    <p>Bald ist es wieder so weit und bei Euch steigt vielleicht bereits das \"Reisefieber\".</p>\n\n    <p>Für deine Planung und Organisation erhältst Du im Anhang:</p>\n\n    <ol>\n        <li>Die Antworten auf die häufigsten Fragen von Lehrpersonen / Gruppenbetreuungspersonen.</li>\n        <li>Vorlage Teilnehmerliste (bitte vor der Reise per E-Mail zusenden), um den schnellen Ablauf vor Ort zu organisieren.</li>\n        <li>Die aktuellen Reiseinformationen für Lehrpersonen, Schüler:innen und Eltern.</li>\n        <li>Unsere Hausordnung, die von jedem(r) Schüler:in unterschrieben am Anreisetag mitgebracht werden muss.</li>\n        <li>Elternbrief und Teilnahmebedienung Kletterfelsen (falls ihr plant, diese Sportaktivität zu nutzen).</li>\n    </ol>\n\n    <p>Für unsere Planung bitte den nachfolgenden Link bis spätestens zum  anklicken und die entsprechenden Felder ausfüllen bzw. überprüfen:</p>\n\n    <b><a href=\"http://127.0.0.1:8000/update_record/e7a29f59-6ab3-454d-a019-efcd1725a5d6\">Link zur Rückmeldung</a><br>\n    Login: john@marine.media<br>\n    Passwort: 19<br></b>\n\n    <p>(Falls der Link nicht anzuklicken geht, diesen kopieren und im Browser einfügen.)</p>\n\n    <p>Erst ca. 4 Tage vor Fahrtbeginn wird Christer die Belegung/Zimmerverteilung zumailen. Aus organisatorischen Gründen geht es nicht eher.</p>\n\n    <p>Bei weiteren Fragen stehe ich Dir gern zur Verfügung.</p>\n\n    <p>Herzliche Grüße aus San Pepelone</p>\n    <p>Swetlana</p>\n\n    <hr>\n\n    <p>i. A. Swetlana Abraham</p>\n    <p>Assistenz Resortmanagement</p>\n    <p>Feriendorf & Surfschule Pepelow GmbH</p>\n    <p>Mobil: 0173 385 44 85</p>\n    <p>E-Mail: swetlana@san-pepelone.de</p>\n    <p>Homepage: <a href=\"http://www.san-pepelone.de\">www.san-pepelone.de</a></p>\n\n    <p>Gesetzliche Informationen:</p>\n    <p>Feriendorf und Surfschule Pepelow GmbH * Sandweg 1 * Sitz der Gesellschaft: 18233 Pepelow * Eingetragen beim Amtsgericht Rostock, HRB 8386</p>\n    <p>Geschäftsführer: Olaf Winkelmann</p>\n</body>\n</html>',0,3,'2024-02-15 22:27:44.497756','2024-02-15 22:27:44.497818',NULL,NULL,NULL,1,'',NULL,NULL,NULL),(37,'test@san-pepelone.de','john@marine.media','','','Reiseinfos aus St. Pepelone','','<!DOCTYPE html>\n<html lang=\"de\">\n<head>\n    <meta charset=\"UTF-8\">\n    <meta name=\"viewport\" content=\"width=device-width, initial-scale=1.0\">\n    <title>Informationen zur bevorstehenden Reise</title>\n</head>\n<body>\n    <p>Hallo Anne,</p>\n\n    <p>Bald ist es wieder so weit und bei Euch steigt vielleicht bereits das \"Reisefieber\".</p>\n\n    <p>Für deine Planung und Organisation erhältst Du im Anhang:</p>\n\n    <ol>\n        <li>Die Antworten auf die häufigsten Fragen von Lehrpersonen / Gruppenbetreuungspersonen.</li>\n        <li>Vorlage Teilnehmerliste (bitte vor der Reise per E-Mail zusenden), um den schnellen Ablauf vor Ort zu organisieren.</li>\n        <li>Die aktuellen Reiseinformationen für Lehrpersonen, Schüler:innen und Eltern.</li>\n        <li>Unsere Hausordnung, die von jedem(r) Schüler:in unterschrieben am Anreisetag mitgebracht werden muss.</li>\n        <li>Elternbrief und Teilnahmebedienung Kletterfelsen (falls ihr plant, diese Sportaktivität zu nutzen).</li>\n    </ol>\n\n    <p>Für unsere Planung bitte den nachfolgenden Link bis spätestens zum  anklicken und die entsprechenden Felder ausfüllen bzw. überprüfen:</p>\n\n    <b><a href=\"http://127.0.0.1:8000/update_record/e7a29f59-6ab3-454d-a019-efcd1725a5d6\">Link zur Rückmeldung</a><br>\n    Login: john@marine.media<br>\n    Passwort: 19<br></b>\n\n    <p>(Falls der Link nicht anzuklicken geht, diesen kopieren und im Browser einfügen.)</p>\n\n    <p>Erst ca. 4 Tage vor Fahrtbeginn wird Christer die Belegung/Zimmerverteilung zumailen. Aus organisatorischen Gründen geht es nicht eher.</p>\n\n    <p>Bei weiteren Fragen stehe ich Dir gern zur Verfügung.</p>\n\n    <p>Herzliche Grüße aus San Pepelone</p>\n    <p>Swetlana</p>\n\n    <hr>\n\n    <p>i. A. Swetlana Abraham</p>\n    <p>Assistenz Resortmanagement</p>\n    <p>Feriendorf & Surfschule Pepelow GmbH</p>\n    <p>Mobil: 0173 385 44 85</p>\n    <p>E-Mail: swetlana@san-pepelone.de</p>\n    <p>Homepage: <a href=\"http://www.san-pepelone.de\">www.san-pepelone.de</a></p>\n\n    <p>Gesetzliche Informationen:</p>\n    <p>Feriendorf und Surfschule Pepelow GmbH * Sandweg 1 * Sitz der Gesellschaft: 18233 Pepelow * Eingetragen beim Amtsgericht Rostock, HRB 8386</p>\n    <p>Geschäftsführer: Olaf Winkelmann</p>\n</body>\n</html>',0,3,'2024-02-15 22:28:27.221687','2024-02-15 22:28:27.221760',NULL,NULL,NULL,1,'',NULL,NULL,NULL),(38,'test@san-pepelone.de','john@marine.media','','','Reiseinfos aus St. Pepelone','','<!DOCTYPE html>\n<html lang=\"de\">\n<head>\n    <meta charset=\"UTF-8\">\n    <meta name=\"viewport\" content=\"width=device-width, initial-scale=1.0\">\n    <title>Informationen zur bevorstehenden Reise</title>\n</head>\n<body>\n    <p>Hallo Anne,</p>\n\n    <p>Bald ist es wieder so weit und bei Euch steigt vielleicht bereits das \"Reisefieber\".</p>\n\n    <p>Für deine Planung und Organisation erhältst Du im Anhang:</p>\n\n    <ol>\n        <li>Die Antworten auf die häufigsten Fragen von Lehrpersonen / Gruppenbetreuungspersonen.</li>\n        <li>Vorlage Teilnehmerliste (bitte vor der Reise per E-Mail zusenden), um den schnellen Ablauf vor Ort zu organisieren.</li>\n        <li>Die aktuellen Reiseinformationen für Lehrpersonen, Schüler:innen und Eltern.</li>\n        <li>Unsere Hausordnung, die von jedem(r) Schüler:in unterschrieben am Anreisetag mitgebracht werden muss.</li>\n        <li>Elternbrief und Teilnahmebedienung Kletterfelsen (falls ihr plant, diese Sportaktivität zu nutzen).</li>\n    </ol>\n\n    <p>Für unsere Planung bitte den nachfolgenden Link bis spätestens zum  anklicken und die entsprechenden Felder ausfüllen bzw. überprüfen:</p>\n\n    <b><a href=\"http://127.0.0.1:8000/update_record/e7a29f59-6ab3-454d-a019-efcd1725a5d6\">Link zur Rückmeldung</a><br>\n    Login: john@marine.media<br>\n    Passwort: 19<br></b>\n\n    <p>(Falls der Link nicht anzuklicken geht, diesen kopieren und im Browser einfügen.)</p>\n\n    <p>Erst ca. 4 Tage vor Fahrtbeginn wird Christer die Belegung/Zimmerverteilung zumailen. Aus organisatorischen Gründen geht es nicht eher.</p>\n\n    <p>Bei weiteren Fragen stehe ich Dir gern zur Verfügung.</p>\n\n    <p>Herzliche Grüße aus San Pepelone</p>\n    <p>Swetlana</p>\n\n    <hr>\n\n    <p>i. A. Swetlana Abraham</p>\n    <p>Assistenz Resortmanagement</p>\n    <p>Feriendorf & Surfschule Pepelow GmbH</p>\n    <p>Mobil: 0173 385 44 85</p>\n    <p>E-Mail: swetlana@san-pepelone.de</p>\n    <p>Homepage: <a href=\"http://www.san-pepelone.de\">www.san-pepelone.de</a></p>\n\n    <p>Gesetzliche Informationen:</p>\n    <p>Feriendorf und Surfschule Pepelow GmbH * Sandweg 1 * Sitz der Gesellschaft: 18233 Pepelow * Eingetragen beim Amtsgericht Rostock, HRB 8386</p>\n    <p>Geschäftsführer: Olaf Winkelmann</p>\n</body>\n</html>',0,3,'2024-02-15 22:29:08.440882','2024-02-15 22:29:08.440923',NULL,NULL,NULL,1,'',NULL,NULL,NULL),(39,'test@san-pepelone.de','john@marine.media','','','Reiseinfos aus St. Pepelone','','<!DOCTYPE html>\n<html lang=\"de\">\n<head>\n    <meta charset=\"UTF-8\">\n    <meta name=\"viewport\" content=\"width=device-width, initial-scale=1.0\">\n    <title>Informationen zur bevorstehenden Reise</title>\n</head>\n<body>\n    <p>Hallo Anne,</p>\n\n    <p>Bald ist es wieder so weit und bei Euch steigt vielleicht bereits das \"Reisefieber\".</p>\n\n    <p>Für deine Planung und Organisation erhältst Du im Anhang:</p>\n\n    <ol>\n        <li>Die Antworten auf die häufigsten Fragen von Lehrpersonen / Gruppenbetreuungspersonen.</li>\n        <li>Vorlage Teilnehmerliste (bitte vor der Reise per E-Mail zusenden), um den schnellen Ablauf vor Ort zu organisieren.</li>\n        <li>Die aktuellen Reiseinformationen für Lehrpersonen, Schüler:innen und Eltern.</li>\n        <li>Unsere Hausordnung, die von jedem(r) Schüler:in unterschrieben am Anreisetag mitgebracht werden muss.</li>\n        <li>Elternbrief und Teilnahmebedienung Kletterfelsen (falls ihr plant, diese Sportaktivität zu nutzen).</li>\n    </ol>\n\n    <p>Für unsere Planung bitte den nachfolgenden Link bis spätestens zum  anklicken und die entsprechenden Felder ausfüllen bzw. überprüfen:</p>\n\n    <b><a href=\"http://127.0.0.1:8000/update_record/e7a29f59-6ab3-454d-a019-efcd1725a5d6\">Link zur Rückmeldung</a><br>\n    Login: john@marine.media<br>\n    Passwort: 19<br></b>\n\n    <p>(Falls der Link nicht anzuklicken geht, diesen kopieren und im Browser einfügen.)</p>\n\n    <p>Erst ca. 4 Tage vor Fahrtbeginn wird Christer die Belegung/Zimmerverteilung zumailen. Aus organisatorischen Gründen geht es nicht eher.</p>\n\n    <p>Bei weiteren Fragen stehe ich Dir gern zur Verfügung.</p>\n\n    <p>Herzliche Grüße aus San Pepelone</p>\n    <p>Swetlana</p>\n\n    <hr>\n\n    <p>i. A. Swetlana Abraham</p>\n    <p>Assistenz Resortmanagement</p>\n    <p>Feriendorf & Surfschule Pepelow GmbH</p>\n    <p>Mobil: 0173 385 44 85</p>\n    <p>E-Mail: swetlana@san-pepelone.de</p>\n    <p>Homepage: <a href=\"http://www.san-pepelone.de\">www.san-pepelone.de</a></p>\n\n    <p>Gesetzliche Informationen:</p>\n    <p>Feriendorf und Surfschule Pepelow GmbH * Sandweg 1 * Sitz der Gesellschaft: 18233 Pepelow * Eingetragen beim Amtsgericht Rostock, HRB 8386</p>\n    <p>Geschäftsführer: Olaf Winkelmann</p>\n</body>\n</html>',0,3,'2024-02-15 22:30:23.097053','2024-02-15 22:30:23.097093',NULL,NULL,NULL,1,'',NULL,NULL,NULL),(40,'test@san-pepelone.de','john@marine.media','','','Reiseinfos aus St. Pepelone','','<!DOCTYPE html>\n<html lang=\"de\">\n<head>\n    <meta charset=\"UTF-8\">\n    <meta name=\"viewport\" content=\"width=device-width, initial-scale=1.0\">\n    <title>Informationen zur bevorstehenden Reise</title>\n</head>\n<body>\n    <p>Hallo Anne,</p>\n\n    <p>Bald ist es wieder so weit und bei Euch steigt vielleicht bereits das \"Reisefieber\".</p>\n\n    <p>Für deine Planung und Organisation erhältst Du im Anhang:</p>\n\n    <ol>\n        <li>Die Antworten auf die häufigsten Fragen von Lehrpersonen / Gruppenbetreuungspersonen.</li>\n        <li>Vorlage Teilnehmerliste (bitte vor der Reise per E-Mail zusenden), um den schnellen Ablauf vor Ort zu organisieren.</li>\n        <li>Die aktuellen Reiseinformationen für Lehrpersonen, Schüler:innen und Eltern.</li>\n        <li>Unsere Hausordnung, die von jedem(r) Schüler:in unterschrieben am Anreisetag mitgebracht werden muss.</li>\n        <li>Elternbrief und Teilnahmebedienung Kletterfelsen (falls ihr plant, diese Sportaktivität zu nutzen).</li>\n    </ol>\n\n    <p>Für unsere Planung bitte den nachfolgenden Link bis spätestens zum  anklicken und die entsprechenden Felder ausfüllen bzw. überprüfen:</p>\n\n    <b><a href=\"http://127.0.0.1:8000/update_record/e7a29f59-6ab3-454d-a019-efcd1725a5d6\">Link zur Rückmeldung</a><br>\n    Login: john@marine.media<br>\n    Passwort: 19<br></b>\n\n    <p>(Falls der Link nicht anzuklicken geht, diesen kopieren und im Browser einfügen.)</p>\n\n    <p>Erst ca. 4 Tage vor Fahrtbeginn wird Christer die Belegung/Zimmerverteilung zumailen. Aus organisatorischen Gründen geht es nicht eher.</p>\n\n    <p>Bei weiteren Fragen stehe ich Dir gern zur Verfügung.</p>\n\n    <p>Herzliche Grüße aus San Pepelone</p>\n    <p>Swetlana</p>\n\n    <hr>\n\n    <p>i. A. Swetlana Abraham</p>\n    <p>Assistenz Resortmanagement</p>\n    <p>Feriendorf & Surfschule Pepelow GmbH</p>\n    <p>Mobil: 0173 385 44 85</p>\n    <p>E-Mail: swetlana@san-pepelone.de</p>\n    <p>Homepage: <a href=\"http://www.san-pepelone.de\">www.san-pepelone.de</a></p>\n\n    <p>Gesetzliche Informationen:</p>\n    <p>Feriendorf und Surfschule Pepelow GmbH * Sandweg 1 * Sitz der Gesellschaft: 18233 Pepelow * Eingetragen beim Amtsgericht Rostock, HRB 8386</p>\n    <p>Geschäftsführer: Olaf Winkelmann</p>\n</body>\n</html>',0,3,'2024-02-15 22:31:00.304828','2024-02-15 22:31:00.304865',NULL,NULL,NULL,1,'',NULL,NULL,NULL),(41,'test@san-pepelone.de','john@marine.media','','','Reiseinfos aus St. Pepelone','','<!DOCTYPE html>\n<html lang=\"de\">\n<head>\n    <meta charset=\"UTF-8\">\n    <meta name=\"viewport\" content=\"width=device-width, initial-scale=1.0\">\n    <title>Informationen zur bevorstehenden Reise</title>\n</head>\n<body>\n    <p>Hallo Anne,</p>\n\n    <p>Bald ist es wieder so weit und bei Euch steigt vielleicht bereits das \"Reisefieber\".</p>\n\n    <p>Für deine Planung und Organisation erhältst Du im Anhang:</p>\n\n    <ol>\n        <li>Die Antworten auf die häufigsten Fragen von Lehrpersonen / Gruppenbetreuungspersonen.</li>\n        <li>Vorlage Teilnehmerliste (bitte vor der Reise per E-Mail zusenden), um den schnellen Ablauf vor Ort zu organisieren.</li>\n        <li>Die aktuellen Reiseinformationen für Lehrpersonen, Schüler:innen und Eltern.</li>\n        <li>Unsere Hausordnung, die von jedem(r) Schüler:in unterschrieben am Anreisetag mitgebracht werden muss.</li>\n        <li>Elternbrief und Teilnahmebedienung Kletterfelsen (falls ihr plant, diese Sportaktivität zu nutzen).</li>\n    </ol>\n\n    <p>Für unsere Planung bitte den nachfolgenden Link bis spätestens zum  anklicken und die entsprechenden Felder ausfüllen bzw. überprüfen:</p>\n\n    <b><a href=\"http://127.0.0.1:8000/update_record/e7a29f59-6ab3-454d-a019-efcd1725a5d6\">Link zur Rückmeldung</a><br>\n    Login: john@marine.media<br>\n    Passwort: 19<br></b>\n\n    <p>(Falls der Link nicht anzuklicken geht, diesen kopieren und im Browser einfügen.)</p>\n\n    <p>Erst ca. 4 Tage vor Fahrtbeginn wird Christer die Belegung/Zimmerverteilung zumailen. Aus organisatorischen Gründen geht es nicht eher.</p>\n\n    <p>Bei weiteren Fragen stehe ich Dir gern zur Verfügung.</p>\n\n    <p>Herzliche Grüße aus San Pepelone</p>\n    <p>Swetlana</p>\n\n    <hr>\n\n    <p>i. A. Swetlana Abraham</p>\n    <p>Assistenz Resortmanagement</p>\n    <p>Feriendorf & Surfschule Pepelow GmbH</p>\n    <p>Mobil: 0173 385 44 85</p>\n    <p>E-Mail: swetlana@san-pepelone.de</p>\n    <p>Homepage: <a href=\"http://www.san-pepelone.de\">www.san-pepelone.de</a></p>\n\n    <p>Gesetzliche Informationen:</p>\n    <p>Feriendorf und Surfschule Pepelow GmbH * Sandweg 1 * Sitz der Gesellschaft: 18233 Pepelow * Eingetragen beim Amtsgericht Rostock, HRB 8386</p>\n    <p>Geschäftsführer: Olaf Winkelmann</p>\n</body>\n</html>',0,3,'2024-02-15 22:31:50.426044','2024-02-15 22:31:50.426078',NULL,NULL,NULL,1,'',NULL,NULL,NULL),(42,'test@san-pepelone.de','john@marine.media','','','Reiseinfos aus St. Pepelone','','<!DOCTYPE html>\n<html lang=\"de\">\n<head>\n    <meta charset=\"UTF-8\">\n    <meta name=\"viewport\" content=\"width=device-width, initial-scale=1.0\">\n    <title>Informationen zur bevorstehenden Reise</title>\n</head>\n<body>\n    <p>Hallo Anne,</p>\n\n    <p>Bald ist es wieder so weit und bei Euch steigt vielleicht bereits das \"Reisefieber\".</p>\n\n    <p>Für deine Planung und Organisation erhältst Du im Anhang:</p>\n\n    <ol>\n        <li>Die Antworten auf die häufigsten Fragen von Lehrpersonen / Gruppenbetreuungspersonen.</li>\n        <li>Vorlage Teilnehmerliste (bitte vor der Reise per E-Mail zusenden), um den schnellen Ablauf vor Ort zu organisieren.</li>\n        <li>Die aktuellen Reiseinformationen für Lehrpersonen, Schüler:innen und Eltern.</li>\n        <li>Unsere Hausordnung, die von jedem(r) Schüler:in unterschrieben am Anreisetag mitgebracht werden muss.</li>\n        <li>Elternbrief und Teilnahmebedienung Kletterfelsen (falls ihr plant, diese Sportaktivität zu nutzen).</li>\n    </ol>\n\n    <p>Für unsere Planung bitte den nachfolgenden Link bis spätestens zum  anklicken und die entsprechenden Felder ausfüllen bzw. überprüfen:</p>\n\n    <b><a href=\"http://127.0.0.1:8000/update_record/e7a29f59-6ab3-454d-a019-efcd1725a5d6\">Link zur Rückmeldung</a><br>\n    Login: john@marine.media<br>\n    Passwort: 19<br></b>\n\n    <p>(Falls der Link nicht anzuklicken geht, diesen kopieren und im Browser einfügen.)</p>\n\n    <p>Erst ca. 4 Tage vor Fahrtbeginn wird Christer die Belegung/Zimmerverteilung zumailen. Aus organisatorischen Gründen geht es nicht eher.</p>\n\n    <p>Bei weiteren Fragen stehe ich Dir gern zur Verfügung.</p>\n\n    <p>Herzliche Grüße aus San Pepelone</p>\n    <p>Swetlana</p>\n\n    <hr>\n\n    <p>i. A. Swetlana Abraham</p>\n    <p>Assistenz Resortmanagement</p>\n    <p>Feriendorf & Surfschule Pepelow GmbH</p>\n    <p>Mobil: 0173 385 44 85</p>\n    <p>E-Mail: swetlana@san-pepelone.de</p>\n    <p>Homepage: <a href=\"http://www.san-pepelone.de\">www.san-pepelone.de</a></p>\n\n    <p>Gesetzliche Informationen:</p>\n    <p>Feriendorf und Surfschule Pepelow GmbH * Sandweg 1 * Sitz der Gesellschaft: 18233 Pepelow * Eingetragen beim Amtsgericht Rostock, HRB 8386</p>\n    <p>Geschäftsführer: Olaf Winkelmann</p>\n</body>\n</html>',0,3,'2024-02-15 22:31:54.637578','2024-02-15 22:31:54.637615',NULL,NULL,NULL,1,'',NULL,NULL,NULL),(43,'test@san-pepelone.de','john@marine.media','','','Reiseinfos aus St. Pepelone','','<!DOCTYPE html>\n<html lang=\"de\">\n<head>\n    <meta charset=\"UTF-8\">\n    <meta name=\"viewport\" content=\"width=device-width, initial-scale=1.0\">\n    <title>Informationen zur bevorstehenden Reise</title>\n</head>\n<body>\n    <p>Hallo Anne,</p>\n\n    <p>Bald ist es wieder so weit und bei Euch steigt vielleicht bereits das \"Reisefieber\".</p>\n\n    <p>Für deine Planung und Organisation erhältst Du im Anhang:</p>\n\n    <ol>\n        <li>Die Antworten auf die häufigsten Fragen von Lehrpersonen / Gruppenbetreuungspersonen.</li>\n        <li>Vorlage Teilnehmerliste (bitte vor der Reise per E-Mail zusenden), um den schnellen Ablauf vor Ort zu organisieren.</li>\n        <li>Die aktuellen Reiseinformationen für Lehrpersonen, Schüler:innen und Eltern.</li>\n        <li>Unsere Hausordnung, die von jedem(r) Schüler:in unterschrieben am Anreisetag mitgebracht werden muss.</li>\n        <li>Elternbrief und Teilnahmebedienung Kletterfelsen (falls ihr plant, diese Sportaktivität zu nutzen).</li>\n    </ol>\n\n    <p>Für unsere Planung bitte den nachfolgenden Link bis spätestens zum  anklicken und die entsprechenden Felder ausfüllen bzw. überprüfen:</p>\n\n    <b><a href=\"http://127.0.0.1:8000/update_record/e7a29f59-6ab3-454d-a019-efcd1725a5d6\">Link zur Rückmeldung</a><br>\n    Login: john@marine.media<br>\n    Passwort: 19<br></b>\n\n    <p>(Falls der Link nicht anzuklicken geht, diesen kopieren und im Browser einfügen.)</p>\n\n    <p>Erst ca. 4 Tage vor Fahrtbeginn wird Christer die Belegung/Zimmerverteilung zumailen. Aus organisatorischen Gründen geht es nicht eher.</p>\n\n    <p>Bei weiteren Fragen stehe ich Dir gern zur Verfügung.</p>\n\n    <p>Herzliche Grüße aus San Pepelone</p>\n    <p>Swetlana</p>\n\n    <hr>\n\n    <p>i. A. Swetlana Abraham</p>\n    <p>Assistenz Resortmanagement</p>\n    <p>Feriendorf & Surfschule Pepelow GmbH</p>\n    <p>Mobil: 0173 385 44 85</p>\n    <p>E-Mail: swetlana@san-pepelone.de</p>\n    <p>Homepage: <a href=\"http://www.san-pepelone.de\">www.san-pepelone.de</a></p>\n\n    <p>Gesetzliche Informationen:</p>\n    <p>Feriendorf und Surfschule Pepelow GmbH * Sandweg 1 * Sitz der Gesellschaft: 18233 Pepelow * Eingetragen beim Amtsgericht Rostock, HRB 8386</p>\n    <p>Geschäftsführer: Olaf Winkelmann</p>\n</body>\n</html>',0,3,'2024-02-15 22:32:11.221429','2024-02-15 22:32:11.221464',NULL,NULL,NULL,1,'',NULL,NULL,NULL),(44,'test@san-pepelone.de','john@marine.media','','','Reiseinfos aus St. Pepelone','','<!DOCTYPE html>\n<html lang=\"de\">\n<head>\n    <meta charset=\"UTF-8\">\n    <meta name=\"viewport\" content=\"width=device-width, initial-scale=1.0\">\n    <title>Informationen zur bevorstehenden Reise</title>\n</head>\n<body>\n    <p>Hallo Anne,</p>\n\n    <p>Bald ist es wieder so weit und bei Euch steigt vielleicht bereits das \"Reisefieber\".</p>\n\n    <p>Für deine Planung und Organisation erhältst Du im Anhang:</p>\n\n    <ol>\n        <li>Die Antworten auf die häufigsten Fragen von Lehrpersonen / Gruppenbetreuungspersonen.</li>\n        <li>Vorlage Teilnehmerliste (bitte vor der Reise per E-Mail zusenden), um den schnellen Ablauf vor Ort zu organisieren.</li>\n        <li>Die aktuellen Reiseinformationen für Lehrpersonen, Schüler:innen und Eltern.</li>\n        <li>Unsere Hausordnung, die von jedem(r) Schüler:in unterschrieben am Anreisetag mitgebracht werden muss.</li>\n        <li>Elternbrief und Teilnahmebedienung Kletterfelsen (falls ihr plant, diese Sportaktivität zu nutzen).</li>\n    </ol>\n\n    <p>Für unsere Planung bitte den nachfolgenden Link bis spätestens zum  anklicken und die entsprechenden Felder ausfüllen bzw. überprüfen:</p>\n\n    <b><a href=\"http://127.0.0.1:8000/update_record/e7a29f59-6ab3-454d-a019-efcd1725a5d6\">Link zur Rückmeldung</a><br>\n    Login: john@marine.media<br>\n    Passwort: 19<br></b>\n\n    <p>(Falls der Link nicht anzuklicken geht, diesen kopieren und im Browser einfügen.)</p>\n\n    <p>Erst ca. 4 Tage vor Fahrtbeginn wird Christer die Belegung/Zimmerverteilung zumailen. Aus organisatorischen Gründen geht es nicht eher.</p>\n\n    <p>Bei weiteren Fragen stehe ich Dir gern zur Verfügung.</p>\n\n    <p>Herzliche Grüße aus San Pepelone</p>\n    <p>Swetlana</p>\n\n    <hr>\n\n    <p>i. A. Swetlana Abraham</p>\n    <p>Assistenz Resortmanagement</p>\n    <p>Feriendorf & Surfschule Pepelow GmbH</p>\n    <p>Mobil: 0173 385 44 85</p>\n    <p>E-Mail: swetlana@san-pepelone.de</p>\n    <p>Homepage: <a href=\"http://www.san-pepelone.de\">www.san-pepelone.de</a></p>\n\n    <p>Gesetzliche Informationen:</p>\n    <p>Feriendorf und Surfschule Pepelow GmbH * Sandweg 1 * Sitz der Gesellschaft: 18233 Pepelow * Eingetragen beim Amtsgericht Rostock, HRB 8386</p>\n    <p>Geschäftsführer: Olaf Winkelmann</p>\n</body>\n</html>',0,3,'2024-02-15 22:34:02.124507','2024-02-15 22:34:02.124537',NULL,NULL,NULL,1,'',NULL,NULL,NULL),(45,'test@san-pepelone.de','john@marine.media','','','Reiseinfos aus St. Pepelone','','<!DOCTYPE html>\n<html lang=\"de\">\n<head>\n    <meta charset=\"UTF-8\">\n    <meta name=\"viewport\" content=\"width=device-width, initial-scale=1.0\">\n    <title>Informationen zur bevorstehenden Reise</title>\n</head>\n<body>\n    <p>Hallo Anne,</p>\n\n    <p>Bald ist es wieder so weit und bei Euch steigt vielleicht bereits das \"Reisefieber\".</p>\n\n    <p>Für deine Planung und Organisation erhältst Du im Anhang:</p>\n\n    <ol>\n        <li>Die Antworten auf die häufigsten Fragen von Lehrpersonen / Gruppenbetreuungspersonen.</li>\n        <li>Vorlage Teilnehmerliste (bitte vor der Reise per E-Mail zusenden), um den schnellen Ablauf vor Ort zu organisieren.</li>\n        <li>Die aktuellen Reiseinformationen für Lehrpersonen, Schüler:innen und Eltern.</li>\n        <li>Unsere Hausordnung, die von jedem(r) Schüler:in unterschrieben am Anreisetag mitgebracht werden muss.</li>\n        <li>Elternbrief und Teilnahmebedienung Kletterfelsen (falls ihr plant, diese Sportaktivität zu nutzen).</li>\n    </ol>\n\n    <p>Für unsere Planung bitte den nachfolgenden Link bis spätestens zum  anklicken und die entsprechenden Felder ausfüllen bzw. überprüfen:</p>\n\n    <b><a href=\"http://127.0.0.1:8000/update_record/e7a29f59-6ab3-454d-a019-efcd1725a5d6\">Link zur Rückmeldung</a><br>\n    Login: john@marine.media<br>\n    Passwort: 19<br></b>\n\n    <p>(Falls der Link nicht anzuklicken geht, diesen kopieren und im Browser einfügen.)</p>\n\n    <p>Erst ca. 4 Tage vor Fahrtbeginn wird Christer die Belegung/Zimmerverteilung zumailen. Aus organisatorischen Gründen geht es nicht eher.</p>\n\n    <p>Bei weiteren Fragen stehe ich Dir gern zur Verfügung.</p>\n\n    <p>Herzliche Grüße aus San Pepelone</p>\n    <p>Swetlana</p>\n\n    <hr>\n\n    <p>i. A. Swetlana Abraham</p>\n    <p>Assistenz Resortmanagement</p>\n    <p>Feriendorf & Surfschule Pepelow GmbH</p>\n    <p>Mobil: 0173 385 44 85</p>\n    <p>E-Mail: swetlana@san-pepelone.de</p>\n    <p>Homepage: <a href=\"http://www.san-pepelone.de\">www.san-pepelone.de</a></p>\n\n    <p>Gesetzliche Informationen:</p>\n    <p>Feriendorf und Surfschule Pepelow GmbH * Sandweg 1 * Sitz der Gesellschaft: 18233 Pepelow * Eingetragen beim Amtsgericht Rostock, HRB 8386</p>\n    <p>Geschäftsführer: Olaf Winkelmann</p>\n</body>\n</html>',0,3,'2024-02-15 22:34:57.982522','2024-02-15 22:34:57.982559',NULL,NULL,NULL,1,'',NULL,NULL,NULL),(46,'test@san-pepelone.de','john@marine.media','','','Reiseinfos aus St. Pepelone','','<!DOCTYPE html>\n<html lang=\"de\">\n<head>\n    <meta charset=\"UTF-8\">\n    <meta name=\"viewport\" content=\"width=device-width, initial-scale=1.0\">\n    <title>Informationen zur bevorstehenden Reise</title>\n</head>\n<body>\n    <p>Hallo Anne,</p>\n\n    <p>Bald ist es wieder so weit und bei Euch steigt vielleicht bereits das \"Reisefieber\".</p>\n\n    <p>Für deine Planung und Organisation erhältst Du im Anhang:</p>\n\n    <ol>\n        <li>Die Antworten auf die häufigsten Fragen von Lehrpersonen / Gruppenbetreuungspersonen.</li>\n        <li>Vorlage Teilnehmerliste (bitte vor der Reise per E-Mail zusenden), um den schnellen Ablauf vor Ort zu organisieren.</li>\n        <li>Die aktuellen Reiseinformationen für Lehrpersonen, Schüler:innen und Eltern.</li>\n        <li>Unsere Hausordnung, die von jedem(r) Schüler:in unterschrieben am Anreisetag mitgebracht werden muss.</li>\n        <li>Elternbrief und Teilnahmebedienung Kletterfelsen (falls ihr plant, diese Sportaktivität zu nutzen).</li>\n    </ol>\n\n    <p>Für unsere Planung bitte den nachfolgenden Link bis spätestens zum  anklicken und die entsprechenden Felder ausfüllen bzw. überprüfen:</p>\n\n    <b><a href=\"http://127.0.0.1:8000/update_record/e7a29f59-6ab3-454d-a019-efcd1725a5d6\">Link zur Rückmeldung</a><br>\n    Login: john@marine.media<br>\n    Passwort: 19<br></b>\n\n    <p>(Falls der Link nicht anzuklicken geht, diesen kopieren und im Browser einfügen.)</p>\n\n    <p>Erst ca. 4 Tage vor Fahrtbeginn wird Christer die Belegung/Zimmerverteilung zumailen. Aus organisatorischen Gründen geht es nicht eher.</p>\n\n    <p>Bei weiteren Fragen stehe ich Dir gern zur Verfügung.</p>\n\n    <p>Herzliche Grüße aus San Pepelone</p>\n    <p>Swetlana</p>\n\n    <hr>\n\n    <p>i. A. Swetlana Abraham</p>\n    <p>Assistenz Resortmanagement</p>\n    <p>Feriendorf & Surfschule Pepelow GmbH</p>\n    <p>Mobil: 0173 385 44 85</p>\n    <p>E-Mail: swetlana@san-pepelone.de</p>\n    <p>Homepage: <a href=\"http://www.san-pepelone.de\">www.san-pepelone.de</a></p>\n\n    <p>Gesetzliche Informationen:</p>\n    <p>Feriendorf und Surfschule Pepelow GmbH * Sandweg 1 * Sitz der Gesellschaft: 18233 Pepelow * Eingetragen beim Amtsgericht Rostock, HRB 8386</p>\n    <p>Geschäftsführer: Olaf Winkelmann</p>\n</body>\n</html>',0,3,'2024-02-15 22:35:24.698516','2024-02-15 22:35:24.698590',NULL,NULL,NULL,1,'',NULL,NULL,NULL),(47,'test@san-pepelone.de','john@marine.media','','','Reiseinfos aus St. Pepelone','','<!DOCTYPE html>\n<html lang=\"de\">\n<head>\n    <meta charset=\"UTF-8\">\n    <meta name=\"viewport\" content=\"width=device-width, initial-scale=1.0\">\n    <title>Informationen zur bevorstehenden Reise</title>\n</head>\n<body>\n    <p>Hallo Anne,</p>\n\n    <p>Bald ist es wieder so weit und bei Euch steigt vielleicht bereits das \"Reisefieber\".</p>\n\n    <p>Für deine Planung und Organisation erhältst Du im Anhang:</p>\n\n    <ol>\n        <li>Die Antworten auf die häufigsten Fragen von Lehrpersonen / Gruppenbetreuungspersonen.</li>\n        <li>Vorlage Teilnehmerliste (bitte vor der Reise per E-Mail zusenden), um den schnellen Ablauf vor Ort zu organisieren.</li>\n        <li>Die aktuellen Reiseinformationen für Lehrpersonen, Schüler:innen und Eltern.</li>\n        <li>Unsere Hausordnung, die von jedem(r) Schüler:in unterschrieben am Anreisetag mitgebracht werden muss.</li>\n        <li>Elternbrief und Teilnahmebedienung Kletterfelsen (falls ihr plant, diese Sportaktivität zu nutzen).</li>\n    </ol>\n\n    <p>Für unsere Planung bitte den nachfolgenden Link bis spätestens zum  anklicken und die entsprechenden Felder ausfüllen bzw. überprüfen:</p>\n\n    <b><a href=\"http://127.0.0.1:8000/update_record/e7a29f59-6ab3-454d-a019-efcd1725a5d6\">Link zur Rückmeldung</a><br>\n    Login: john@marine.media<br>\n    Passwort: 19<br></b>\n\n    <p>(Falls der Link nicht anzuklicken geht, diesen kopieren und im Browser einfügen.)</p>\n\n    <p>Erst ca. 4 Tage vor Fahrtbeginn wird Christer die Belegung/Zimmerverteilung zumailen. Aus organisatorischen Gründen geht es nicht eher.</p>\n\n    <p>Bei weiteren Fragen stehe ich Dir gern zur Verfügung.</p>\n\n    <p>Herzliche Grüße aus San Pepelone</p>\n    <p>Swetlana</p>\n\n    <hr>\n\n    <p>i. A. Swetlana Abraham</p>\n    <p>Assistenz Resortmanagement</p>\n    <p>Feriendorf & Surfschule Pepelow GmbH</p>\n    <p>Mobil: 0173 385 44 85</p>\n    <p>E-Mail: swetlana@san-pepelone.de</p>\n    <p>Homepage: <a href=\"http://www.san-pepelone.de\">www.san-pepelone.de</a></p>\n\n    <p>Gesetzliche Informationen:</p>\n    <p>Feriendorf und Surfschule Pepelow GmbH * Sandweg 1 * Sitz der Gesellschaft: 18233 Pepelow * Eingetragen beim Amtsgericht Rostock, HRB 8386</p>\n    <p>Geschäftsführer: Olaf Winkelmann</p>\n</body>\n</html>',0,3,'2024-02-15 22:35:36.078378','2024-02-15 22:35:36.078407',NULL,NULL,NULL,1,'',NULL,NULL,NULL),(48,'test@san-pepelone.de','john@marine.media','','','Reiseinfos aus St. Pepelone','','<!DOCTYPE html>\n<html lang=\"de\">\n<head>\n    <meta charset=\"UTF-8\">\n    <meta name=\"viewport\" content=\"width=device-width, initial-scale=1.0\">\n    <title>Informationen zur bevorstehenden Reise</title>\n</head>\n<body>\n    <p>Hallo Anne,</p>\n\n    <p>Bald ist es wieder so weit und bei Euch steigt vielleicht bereits das \"Reisefieber\".</p>\n\n    <p>Für deine Planung und Organisation erhältst Du im Anhang:</p>\n\n    <ol>\n        <li>Die Antworten auf die häufigsten Fragen von Lehrpersonen / Gruppenbetreuungspersonen.</li>\n        <li>Vorlage Teilnehmerliste (bitte vor der Reise per E-Mail zusenden), um den schnellen Ablauf vor Ort zu organisieren.</li>\n        <li>Die aktuellen Reiseinformationen für Lehrpersonen, Schüler:innen und Eltern.</li>\n        <li>Unsere Hausordnung, die von jedem(r) Schüler:in unterschrieben am Anreisetag mitgebracht werden muss.</li>\n        <li>Elternbrief und Teilnahmebedienung Kletterfelsen (falls ihr plant, diese Sportaktivität zu nutzen).</li>\n    </ol>\n\n    <p>Für unsere Planung bitte den nachfolgenden Link bis spätestens zum  anklicken und die entsprechenden Felder ausfüllen bzw. überprüfen:</p>\n\n    <b><a href=\"http://127.0.0.1:8000/update_record/e7a29f59-6ab3-454d-a019-efcd1725a5d6\">Link zur Rückmeldung</a><br>\n    Login: john@marine.media<br>\n    Passwort: 19<br></b>\n\n    <p>(Falls der Link nicht anzuklicken geht, diesen kopieren und im Browser einfügen.)</p>\n\n    <p>Erst ca. 4 Tage vor Fahrtbeginn wird Christer die Belegung/Zimmerverteilung zumailen. Aus organisatorischen Gründen geht es nicht eher.</p>\n\n    <p>Bei weiteren Fragen stehe ich Dir gern zur Verfügung.</p>\n\n    <p>Herzliche Grüße aus San Pepelone</p>\n    <p>Swetlana</p>\n\n    <hr>\n\n    <p>i. A. Swetlana Abraham</p>\n    <p>Assistenz Resortmanagement</p>\n    <p>Feriendorf & Surfschule Pepelow GmbH</p>\n    <p>Mobil: 0173 385 44 85</p>\n    <p>E-Mail: swetlana@san-pepelone.de</p>\n    <p>Homepage: <a href=\"http://www.san-pepelone.de\">www.san-pepelone.de</a></p>\n\n    <p>Gesetzliche Informationen:</p>\n    <p>Feriendorf und Surfschule Pepelow GmbH * Sandweg 1 * Sitz der Gesellschaft: 18233 Pepelow * Eingetragen beim Amtsgericht Rostock, HRB 8386</p>\n    <p>Geschäftsführer: Olaf Winkelmann</p>\n</body>\n</html>',0,3,'2024-02-15 22:36:03.729952','2024-02-15 22:36:03.729984',NULL,NULL,NULL,1,'',NULL,NULL,NULL),(49,'test@san-pepelone.de','john@marine.media','','','Reiseinfos aus St. Pepelone','','<!DOCTYPE html>\n<html lang=\"de\">\n<head>\n    <meta charset=\"UTF-8\">\n    <meta name=\"viewport\" content=\"width=device-width, initial-scale=1.0\">\n    <title>Informationen zur bevorstehenden Reise</title>\n</head>\n<body>\n    <p>Hallo Anne,</p>\n\n    <p>Bald ist es wieder so weit und bei Euch steigt vielleicht bereits das \"Reisefieber\".</p>\n\n    <p>Für deine Planung und Organisation erhältst Du im Anhang:</p>\n\n    <ol>\n        <li>Die Antworten auf die häufigsten Fragen von Lehrpersonen / Gruppenbetreuungspersonen.</li>\n        <li>Vorlage Teilnehmerliste (bitte vor der Reise per E-Mail zusenden), um den schnellen Ablauf vor Ort zu organisieren.</li>\n        <li>Die aktuellen Reiseinformationen für Lehrpersonen, Schüler:innen und Eltern.</li>\n        <li>Unsere Hausordnung, die von jedem(r) Schüler:in unterschrieben am Anreisetag mitgebracht werden muss.</li>\n        <li>Elternbrief und Teilnahmebedienung Kletterfelsen (falls ihr plant, diese Sportaktivität zu nutzen).</li>\n    </ol>\n\n    <p>Für unsere Planung bitte den nachfolgenden Link bis spätestens zum  anklicken und die entsprechenden Felder ausfüllen bzw. überprüfen:</p>\n\n    <b><a href=\"http://127.0.0.1:8000/update_record/e7a29f59-6ab3-454d-a019-efcd1725a5d6\">Link zur Rückmeldung</a><br>\n    Login: john@marine.media<br>\n    Passwort: 19<br></b>\n\n    <p>(Falls der Link nicht anzuklicken geht, diesen kopieren und im Browser einfügen.)</p>\n\n    <p>Erst ca. 4 Tage vor Fahrtbeginn wird Christer die Belegung/Zimmerverteilung zumailen. Aus organisatorischen Gründen geht es nicht eher.</p>\n\n    <p>Bei weiteren Fragen stehe ich Dir gern zur Verfügung.</p>\n\n    <p>Herzliche Grüße aus San Pepelone</p>\n    <p>Swetlana</p>\n\n    <hr>\n\n    <p>i. A. Swetlana Abraham</p>\n    <p>Assistenz Resortmanagement</p>\n    <p>Feriendorf & Surfschule Pepelow GmbH</p>\n    <p>Mobil: 0173 385 44 85</p>\n    <p>E-Mail: swetlana@san-pepelone.de</p>\n    <p>Homepage: <a href=\"http://www.san-pepelone.de\">www.san-pepelone.de</a></p>\n\n    <p>Gesetzliche Informationen:</p>\n    <p>Feriendorf und Surfschule Pepelow GmbH * Sandweg 1 * Sitz der Gesellschaft: 18233 Pepelow * Eingetragen beim Amtsgericht Rostock, HRB 8386</p>\n    <p>Geschäftsführer: Olaf Winkelmann</p>\n</body>\n</html>',0,3,'2024-02-15 22:36:40.211578','2024-02-15 22:36:40.211633',NULL,NULL,NULL,1,'',NULL,NULL,NULL),(50,'test@san-pepelone.de','john@marine.media','','','Reiseinfos aus St. Pepelone','','<!DOCTYPE html>\n<html lang=\"de\">\n<head>\n    <meta charset=\"UTF-8\">\n    <meta name=\"viewport\" content=\"width=device-width, initial-scale=1.0\">\n    <title>Informationen zur bevorstehenden Reise</title>\n</head>\n<body>\n    <p>Hallo Anne,</p>\n\n    <p>Bald ist es wieder so weit und bei Euch steigt vielleicht bereits das \"Reisefieber\".</p>\n\n    <p>Für deine Planung und Organisation erhältst Du im Anhang:</p>\n\n    <ol>\n        <li>Die Antworten auf die häufigsten Fragen von Lehrpersonen / Gruppenbetreuungspersonen.</li>\n        <li>Vorlage Teilnehmerliste (bitte vor der Reise per E-Mail zusenden), um den schnellen Ablauf vor Ort zu organisieren.</li>\n        <li>Die aktuellen Reiseinformationen für Lehrpersonen, Schüler:innen und Eltern.</li>\n        <li>Unsere Hausordnung, die von jedem(r) Schüler:in unterschrieben am Anreisetag mitgebracht werden muss.</li>\n        <li>Elternbrief und Teilnahmebedienung Kletterfelsen (falls ihr plant, diese Sportaktivität zu nutzen).</li>\n    </ol>\n\n    <p>Für unsere Planung bitte den nachfolgenden Link bis spätestens zum  anklicken und die entsprechenden Felder ausfüllen bzw. überprüfen:</p>\n\n    <b><a href=\"http://127.0.0.1:8000/update_record/e7a29f59-6ab3-454d-a019-efcd1725a5d6\">Link zur Rückmeldung</a><br>\n    Login: john@marine.media<br>\n    Passwort: 19<br></b>\n\n    <p>(Falls der Link nicht anzuklicken geht, diesen kopieren und im Browser einfügen.)</p>\n\n    <p>Erst ca. 4 Tage vor Fahrtbeginn wird Christer die Belegung/Zimmerverteilung zumailen. Aus organisatorischen Gründen geht es nicht eher.</p>\n\n    <p>Bei weiteren Fragen stehe ich Dir gern zur Verfügung.</p>\n\n    <p>Herzliche Grüße aus San Pepelone</p>\n    <p>Swetlana</p>\n\n    <hr>\n\n    <p>i. A. Swetlana Abraham</p>\n    <p>Assistenz Resortmanagement</p>\n    <p>Feriendorf & Surfschule Pepelow GmbH</p>\n    <p>Mobil: 0173 385 44 85</p>\n    <p>E-Mail: swetlana@san-pepelone.de</p>\n    <p>Homepage: <a href=\"http://www.san-pepelone.de\">www.san-pepelone.de</a></p>\n\n    <p>Gesetzliche Informationen:</p>\n    <p>Feriendorf und Surfschule Pepelow GmbH * Sandweg 1 * Sitz der Gesellschaft: 18233 Pepelow * Eingetragen beim Amtsgericht Rostock, HRB 8386</p>\n    <p>Geschäftsführer: Olaf Winkelmann</p>\n</body>\n</html>',0,3,'2024-02-15 22:37:44.749334','2024-02-15 22:37:44.749369',NULL,NULL,NULL,1,'',NULL,NULL,NULL),(51,'test@san-pepelone.de','john@marine.media','','','Reiseinfos aus St. Pepelone','','<!DOCTYPE html>\n<html lang=\"de\">\n<head>\n    <meta charset=\"UTF-8\">\n    <meta name=\"viewport\" content=\"width=device-width, initial-scale=1.0\">\n    <title>Informationen zur bevorstehenden Reise</title>\n</head>\n<body>\n    <p>Hallo Anne,</p>\n\n    <p>Bald ist es wieder so weit und bei Euch steigt vielleicht bereits das \"Reisefieber\".</p>\n\n    <p>Für deine Planung und Organisation erhältst Du im Anhang:</p>\n\n    <ol>\n        <li>Die Antworten auf die häufigsten Fragen von Lehrpersonen / Gruppenbetreuungspersonen.</li>\n        <li>Vorlage Teilnehmerliste (bitte vor der Reise per E-Mail zusenden), um den schnellen Ablauf vor Ort zu organisieren.</li>\n        <li>Die aktuellen Reiseinformationen für Lehrpersonen, Schüler:innen und Eltern.</li>\n        <li>Unsere Hausordnung, die von jedem(r) Schüler:in unterschrieben am Anreisetag mitgebracht werden muss.</li>\n        <li>Elternbrief und Teilnahmebedienung Kletterfelsen (falls ihr plant, diese Sportaktivität zu nutzen).</li>\n    </ol>\n\n    <p>Für unsere Planung bitte den nachfolgenden Link bis spätestens zum  anklicken und die entsprechenden Felder ausfüllen bzw. überprüfen:</p>\n\n    <b><a href=\"http://127.0.0.1:8000/update_record/e7a29f59-6ab3-454d-a019-efcd1725a5d6\">Link zur Rückmeldung</a><br>\n    Login: john@marine.media<br>\n    Passwort: 19<br></b>\n\n    <p>(Falls der Link nicht anzuklicken geht, diesen kopieren und im Browser einfügen.)</p>\n\n    <p>Erst ca. 4 Tage vor Fahrtbeginn wird Christer die Belegung/Zimmerverteilung zumailen. Aus organisatorischen Gründen geht es nicht eher.</p>\n\n    <p>Bei weiteren Fragen stehe ich Dir gern zur Verfügung.</p>\n\n    <p>Herzliche Grüße aus San Pepelone</p>\n    <p>Swetlana</p>\n\n    <hr>\n\n    <p>i. A. Swetlana Abraham</p>\n    <p>Assistenz Resortmanagement</p>\n    <p>Feriendorf & Surfschule Pepelow GmbH</p>\n    <p>Mobil: 0173 385 44 85</p>\n    <p>E-Mail: swetlana@san-pepelone.de</p>\n    <p>Homepage: <a href=\"http://www.san-pepelone.de\">www.san-pepelone.de</a></p>\n\n    <p>Gesetzliche Informationen:</p>\n    <p>Feriendorf und Surfschule Pepelow GmbH * Sandweg 1 * Sitz der Gesellschaft: 18233 Pepelow * Eingetragen beim Amtsgericht Rostock, HRB 8386</p>\n    <p>Geschäftsführer: Olaf Winkelmann</p>\n</body>\n</html>',0,3,'2024-02-15 22:38:24.566583','2024-02-15 22:38:24.566594',NULL,NULL,NULL,1,'',NULL,NULL,NULL),(52,'test@san-pepelone.de','john@marine.media','','','Reiseinfos aus St. Pepelone','','<!DOCTYPE html>\n<html lang=\"de\">\n<head>\n    <meta charset=\"UTF-8\">\n    <meta name=\"viewport\" content=\"width=device-width, initial-scale=1.0\">\n    <title>Informationen zur bevorstehenden Reise</title>\n</head>\n<body>\n    <p>Hallo Anne,</p>\n\n    <p>Bald ist es wieder so weit und bei Euch steigt vielleicht bereits das \"Reisefieber\".</p>\n\n    <p>Für deine Planung und Organisation erhältst Du im Anhang:</p>\n\n    <ol>\n        <li>Die Antworten auf die häufigsten Fragen von Lehrpersonen / Gruppenbetreuungspersonen.</li>\n        <li>Vorlage Teilnehmerliste (bitte vor der Reise per E-Mail zusenden), um den schnellen Ablauf vor Ort zu organisieren.</li>\n        <li>Die aktuellen Reiseinformationen für Lehrpersonen, Schüler:innen und Eltern.</li>\n        <li>Unsere Hausordnung, die von jedem(r) Schüler:in unterschrieben am Anreisetag mitgebracht werden muss.</li>\n        <li>Elternbrief und Teilnahmebedienung Kletterfelsen (falls ihr plant, diese Sportaktivität zu nutzen).</li>\n    </ol>\n\n    <p>Für unsere Planung bitte den nachfolgenden Link bis spätestens zum  anklicken und die entsprechenden Felder ausfüllen bzw. überprüfen:</p>\n\n    <b><a href=\"http://127.0.0.1:8000/update_record/e7a29f59-6ab3-454d-a019-efcd1725a5d6\">Link zur Rückmeldung</a><br>\n    Login: john@marine.media<br>\n    Passwort: 19<br></b>\n\n    <p>(Falls der Link nicht anzuklicken geht, diesen kopieren und im Browser einfügen.)</p>\n\n    <p>Erst ca. 4 Tage vor Fahrtbeginn wird Christer die Belegung/Zimmerverteilung zumailen. Aus organisatorischen Gründen geht es nicht eher.</p>\n\n    <p>Bei weiteren Fragen stehe ich Dir gern zur Verfügung.</p>\n\n    <p>Herzliche Grüße aus San Pepelone</p>\n    <p>Swetlana</p>\n\n    <hr>\n\n    <p>i. A. Swetlana Abraham</p>\n    <p>Assistenz Resortmanagement</p>\n    <p>Feriendorf & Surfschule Pepelow GmbH</p>\n    <p>Mobil: 0173 385 44 85</p>\n    <p>E-Mail: swetlana@san-pepelone.de</p>\n    <p>Homepage: <a href=\"http://www.san-pepelone.de\">www.san-pepelone.de</a></p>\n\n    <p>Gesetzliche Informationen:</p>\n    <p>Feriendorf und Surfschule Pepelow GmbH * Sandweg 1 * Sitz der Gesellschaft: 18233 Pepelow * Eingetragen beim Amtsgericht Rostock, HRB 8386</p>\n    <p>Geschäftsführer: Olaf Winkelmann</p>\n</body>\n</html>',0,3,'2024-02-15 22:38:55.517971','2024-02-15 22:38:55.518006',NULL,NULL,NULL,1,'',NULL,NULL,NULL),(53,'test@san-pepelone.de','john@marine.media','','','Reiseinfos aus St. Pepelone','','<!DOCTYPE html>\n<html lang=\"de\">\n<head>\n    <meta charset=\"UTF-8\">\n    <meta name=\"viewport\" content=\"width=device-width, initial-scale=1.0\">\n    <title>Informationen zur bevorstehenden Reise</title>\n</head>\n<body>\n    <p>Hallo Anne,</p>\n\n    <p>Bald ist es wieder so weit und bei Euch steigt vielleicht bereits das \"Reisefieber\".</p>\n\n    <p>Für deine Planung und Organisation erhältst Du im Anhang:</p>\n\n    <ol>\n        <li>Die Antworten auf die häufigsten Fragen von Lehrpersonen / Gruppenbetreuungspersonen.</li>\n        <li>Vorlage Teilnehmerliste (bitte vor der Reise per E-Mail zusenden), um den schnellen Ablauf vor Ort zu organisieren.</li>\n        <li>Die aktuellen Reiseinformationen für Lehrpersonen, Schüler:innen und Eltern.</li>\n        <li>Unsere Hausordnung, die von jedem(r) Schüler:in unterschrieben am Anreisetag mitgebracht werden muss.</li>\n        <li>Elternbrief und Teilnahmebedienung Kletterfelsen (falls ihr plant, diese Sportaktivität zu nutzen).</li>\n    </ol>\n\n    <p>Für unsere Planung bitte den nachfolgenden Link bis spätestens zum  anklicken und die entsprechenden Felder ausfüllen bzw. überprüfen:</p>\n\n    <b><a href=\"http://127.0.0.1:8000/update_record/e7a29f59-6ab3-454d-a019-efcd1725a5d6\">Link zur Rückmeldung</a><br>\n    Login: john@marine.media<br>\n    Passwort: 19<br></b>\n\n    <p>(Falls der Link nicht anzuklicken geht, diesen kopieren und im Browser einfügen.)</p>\n\n    <p>Erst ca. 4 Tage vor Fahrtbeginn wird Christer die Belegung/Zimmerverteilung zumailen. Aus organisatorischen Gründen geht es nicht eher.</p>\n\n    <p>Bei weiteren Fragen stehe ich Dir gern zur Verfügung.</p>\n\n    <p>Herzliche Grüße aus San Pepelone</p>\n    <p>Swetlana</p>\n\n    <hr>\n\n    <p>i. A. Swetlana Abraham</p>\n    <p>Assistenz Resortmanagement</p>\n    <p>Feriendorf & Surfschule Pepelow GmbH</p>\n    <p>Mobil: 0173 385 44 85</p>\n    <p>E-Mail: swetlana@san-pepelone.de</p>\n    <p>Homepage: <a href=\"http://www.san-pepelone.de\">www.san-pepelone.de</a></p>\n\n    <p>Gesetzliche Informationen:</p>\n    <p>Feriendorf und Surfschule Pepelow GmbH * Sandweg 1 * Sitz der Gesellschaft: 18233 Pepelow * Eingetragen beim Amtsgericht Rostock, HRB 8386</p>\n    <p>Geschäftsführer: Olaf Winkelmann</p>\n</body>\n</html>',0,3,'2024-02-15 22:39:32.885276','2024-02-15 22:39:32.885290',NULL,NULL,NULL,1,'',NULL,NULL,NULL),(54,'test@san-pepelone.de','john@marine.media','','','Reiseinfos aus St. Pepelone','','<!DOCTYPE html>\n<html lang=\"de\">\n<head>\n    <meta charset=\"UTF-8\">\n    <meta name=\"viewport\" content=\"width=device-width, initial-scale=1.0\">\n    <title>Informationen zur bevorstehenden Reise</title>\n</head>\n<body>\n    <p>Hallo Anne,</p>\n\n    <p>Bald ist es wieder so weit und bei Euch steigt vielleicht bereits das \"Reisefieber\".</p>\n\n    <p>Für deine Planung und Organisation erhältst Du im Anhang:</p>\n\n    <ol>\n        <li>Die Antworten auf die häufigsten Fragen von Lehrpersonen / Gruppenbetreuungspersonen.</li>\n        <li>Vorlage Teilnehmerliste (bitte vor der Reise per E-Mail zusenden), um den schnellen Ablauf vor Ort zu organisieren.</li>\n        <li>Die aktuellen Reiseinformationen für Lehrpersonen, Schüler:innen und Eltern.</li>\n        <li>Unsere Hausordnung, die von jedem(r) Schüler:in unterschrieben am Anreisetag mitgebracht werden muss.</li>\n        <li>Elternbrief und Teilnahmebedienung Kletterfelsen (falls ihr plant, diese Sportaktivität zu nutzen).</li>\n    </ol>\n\n    <p>Für unsere Planung bitte den nachfolgenden Link bis spätestens zum  anklicken und die entsprechenden Felder ausfüllen bzw. überprüfen:</p>\n\n    <b><a href=\"http://127.0.0.1:8000/update_record/e7a29f59-6ab3-454d-a019-efcd1725a5d6\">Link zur Rückmeldung</a><br>\n    Login: john@marine.media<br>\n    Passwort: 19<br></b>\n\n    <p>(Falls der Link nicht anzuklicken geht, diesen kopieren und im Browser einfügen.)</p>\n\n    <p>Erst ca. 4 Tage vor Fahrtbeginn wird Christer die Belegung/Zimmerverteilung zumailen. Aus organisatorischen Gründen geht es nicht eher.</p>\n\n    <p>Bei weiteren Fragen stehe ich Dir gern zur Verfügung.</p>\n\n    <p>Herzliche Grüße aus San Pepelone</p>\n    <p>Swetlana</p>\n\n    <hr>\n\n    <p>i. A. Swetlana Abraham</p>\n    <p>Assistenz Resortmanagement</p>\n    <p>Feriendorf & Surfschule Pepelow GmbH</p>\n    <p>Mobil: 0173 385 44 85</p>\n    <p>E-Mail: swetlana@san-pepelone.de</p>\n    <p>Homepage: <a href=\"http://www.san-pepelone.de\">www.san-pepelone.de</a></p>\n\n    <p>Gesetzliche Informationen:</p>\n    <p>Feriendorf und Surfschule Pepelow GmbH * Sandweg 1 * Sitz der Gesellschaft: 18233 Pepelow * Eingetragen beim Amtsgericht Rostock, HRB 8386</p>\n    <p>Geschäftsführer: Olaf Winkelmann</p>\n</body>\n</html>',0,3,'2024-02-15 22:40:11.090556','2024-02-15 22:40:11.090596',NULL,NULL,NULL,1,'',NULL,NULL,NULL),(55,'test@san-pepelone.de','john@marine.media','','','Reiseinfos aus St. Pepelone','','<!DOCTYPE html>\n<html lang=\"de\">\n<head>\n    <meta charset=\"UTF-8\">\n    <meta name=\"viewport\" content=\"width=device-width, initial-scale=1.0\">\n    <title>Informationen zur bevorstehenden Reise</title>\n</head>\n<body>\n    <p>Hallo Anne,</p>\n\n    <p>Bald ist es wieder so weit und bei Euch steigt vielleicht bereits das \"Reisefieber\".</p>\n\n    <p>Für deine Planung und Organisation erhältst Du im Anhang:</p>\n\n    <ol>\n        <li>Die Antworten auf die häufigsten Fragen von Lehrpersonen / Gruppenbetreuungspersonen.</li>\n        <li>Vorlage Teilnehmerliste (bitte vor der Reise per E-Mail zusenden), um den schnellen Ablauf vor Ort zu organisieren.</li>\n        <li>Die aktuellen Reiseinformationen für Lehrpersonen, Schüler:innen und Eltern.</li>\n        <li>Unsere Hausordnung, die von jedem(r) Schüler:in unterschrieben am Anreisetag mitgebracht werden muss.</li>\n        <li>Elternbrief und Teilnahmebedienung Kletterfelsen (falls ihr plant, diese Sportaktivität zu nutzen).</li>\n    </ol>\n\n    <p>Für unsere Planung bitte den nachfolgenden Link bis spätestens zum  anklicken und die entsprechenden Felder ausfüllen bzw. überprüfen:</p>\n\n    <b><a href=\"http://127.0.0.1:8000/update_record/e7a29f59-6ab3-454d-a019-efcd1725a5d6\">Link zur Rückmeldung</a><br>\n    Login: john@marine.media<br>\n    Passwort: 19<br></b>\n\n    <p>(Falls der Link nicht anzuklicken geht, diesen kopieren und im Browser einfügen.)</p>\n\n    <p>Erst ca. 4 Tage vor Fahrtbeginn wird Christer die Belegung/Zimmerverteilung zumailen. Aus organisatorischen Gründen geht es nicht eher.</p>\n\n    <p>Bei weiteren Fragen stehe ich Dir gern zur Verfügung.</p>\n\n    <p>Herzliche Grüße aus San Pepelone</p>\n    <p>Swetlana</p>\n\n    <hr>\n\n    <p>i. A. Swetlana Abraham</p>\n    <p>Assistenz Resortmanagement</p>\n    <p>Feriendorf & Surfschule Pepelow GmbH</p>\n    <p>Mobil: 0173 385 44 85</p>\n    <p>E-Mail: swetlana@san-pepelone.de</p>\n    <p>Homepage: <a href=\"http://www.san-pepelone.de\">www.san-pepelone.de</a></p>\n\n    <p>Gesetzliche Informationen:</p>\n    <p>Feriendorf und Surfschule Pepelow GmbH * Sandweg 1 * Sitz der Gesellschaft: 18233 Pepelow * Eingetragen beim Amtsgericht Rostock, HRB 8386</p>\n    <p>Geschäftsführer: Olaf Winkelmann</p>\n</body>\n</html>',0,3,'2024-02-15 22:42:08.577334','2024-02-15 22:42:08.577382',NULL,NULL,NULL,1,'',NULL,NULL,NULL),(56,'test@san-pepelone.de','john@marine.media','','','Reiseinfos aus St. Pepelone','','<!DOCTYPE html>\n<html lang=\"de\">\n<head>\n    <meta charset=\"UTF-8\">\n    <meta name=\"viewport\" content=\"width=device-width, initial-scale=1.0\">\n    <title>Informationen zur bevorstehenden Reise</title>\n</head>\n<body>\n    <p>Hallo Anne,</p>\n\n    <p>Bald ist es wieder so weit und bei Euch steigt vielleicht bereits das \"Reisefieber\".</p>\n\n    <p>Für deine Planung und Organisation erhältst Du im Anhang:</p>\n\n    <ol>\n        <li>Die Antworten auf die häufigsten Fragen von Lehrpersonen / Gruppenbetreuungspersonen.</li>\n        <li>Vorlage Teilnehmerliste (bitte vor der Reise per E-Mail zusenden), um den schnellen Ablauf vor Ort zu organisieren.</li>\n        <li>Die aktuellen Reiseinformationen für Lehrpersonen, Schüler:innen und Eltern.</li>\n        <li>Unsere Hausordnung, die von jedem(r) Schüler:in unterschrieben am Anreisetag mitgebracht werden muss.</li>\n        <li>Elternbrief und Teilnahmebedienung Kletterfelsen (falls ihr plant, diese Sportaktivität zu nutzen).</li>\n    </ol>\n\n    <p>Für unsere Planung bitte den nachfolgenden Link bis spätestens zum  anklicken und die entsprechenden Felder ausfüllen bzw. überprüfen:</p>\n\n    <b><a href=\"http://127.0.0.1:8000/update_record/e7a29f59-6ab3-454d-a019-efcd1725a5d6\">Link zur Rückmeldung</a><br>\n    Login: john@marine.media<br>\n    Passwort: 19<br></b>\n\n    <p>(Falls der Link nicht anzuklicken geht, diesen kopieren und im Browser einfügen.)</p>\n\n    <p>Erst ca. 4 Tage vor Fahrtbeginn wird Christer die Belegung/Zimmerverteilung zumailen. Aus organisatorischen Gründen geht es nicht eher.</p>\n\n    <p>Bei weiteren Fragen stehe ich Dir gern zur Verfügung.</p>\n\n    <p>Herzliche Grüße aus San Pepelone</p>\n    <p>Swetlana</p>\n\n    <hr>\n\n    <p>i. A. Swetlana Abraham</p>\n    <p>Assistenz Resortmanagement</p>\n    <p>Feriendorf & Surfschule Pepelow GmbH</p>\n    <p>Mobil: 0173 385 44 85</p>\n    <p>E-Mail: swetlana@san-pepelone.de</p>\n    <p>Homepage: <a href=\"http://www.san-pepelone.de\">www.san-pepelone.de</a></p>\n\n    <p>Gesetzliche Informationen:</p>\n    <p>Feriendorf und Surfschule Pepelow GmbH * Sandweg 1 * Sitz der Gesellschaft: 18233 Pepelow * Eingetragen beim Amtsgericht Rostock, HRB 8386</p>\n    <p>Geschäftsführer: Olaf Winkelmann</p>\n</body>\n</html>',0,3,'2024-02-15 22:42:32.522035','2024-02-15 22:42:32.522072',NULL,NULL,NULL,1,'',NULL,NULL,NULL),(57,'test@san-pepelone.de','john@marine.media','','','Reiseinfos aus St. Pepelone','','<!DOCTYPE html>\n<html lang=\"de\">\n<head>\n    <meta charset=\"UTF-8\">\n    <meta name=\"viewport\" content=\"width=device-width, initial-scale=1.0\">\n    <title>Informationen zur bevorstehenden Reise</title>\n</head>\n<body>\n    <p>Hallo Anne,</p>\n\n    <p>Bald ist es wieder so weit und bei Euch steigt vielleicht bereits das \"Reisefieber\".</p>\n\n    <p>Für deine Planung und Organisation erhältst Du im Anhang:</p>\n\n    <ol>\n        <li>Die Antworten auf die häufigsten Fragen von Lehrpersonen / Gruppenbetreuungspersonen.</li>\n        <li>Vorlage Teilnehmerliste (bitte vor der Reise per E-Mail zusenden), um den schnellen Ablauf vor Ort zu organisieren.</li>\n        <li>Die aktuellen Reiseinformationen für Lehrpersonen, Schüler:innen und Eltern.</li>\n        <li>Unsere Hausordnung, die von jedem(r) Schüler:in unterschrieben am Anreisetag mitgebracht werden muss.</li>\n        <li>Elternbrief und Teilnahmebedienung Kletterfelsen (falls ihr plant, diese Sportaktivität zu nutzen).</li>\n    </ol>\n\n    <p>Für unsere Planung bitte den nachfolgenden Link bis spätestens zum  anklicken und die entsprechenden Felder ausfüllen bzw. überprüfen:</p>\n\n    <b><a href=\"http://127.0.0.1:8000/update_record/e7a29f59-6ab3-454d-a019-efcd1725a5d6\">Link zur Rückmeldung</a><br>\n    Login: john@marine.media<br>\n    Passwort: 19<br></b>\n\n    <p>(Falls der Link nicht anzuklicken geht, diesen kopieren und im Browser einfügen.)</p>\n\n    <p>Erst ca. 4 Tage vor Fahrtbeginn wird Christer die Belegung/Zimmerverteilung zumailen. Aus organisatorischen Gründen geht es nicht eher.</p>\n\n    <p>Bei weiteren Fragen stehe ich Dir gern zur Verfügung.</p>\n\n    <p>Herzliche Grüße aus San Pepelone</p>\n    <p>Swetlana</p>\n\n    <hr>\n\n    <p>i. A. Swetlana Abraham</p>\n    <p>Assistenz Resortmanagement</p>\n    <p>Feriendorf & Surfschule Pepelow GmbH</p>\n    <p>Mobil: 0173 385 44 85</p>\n    <p>E-Mail: swetlana@san-pepelone.de</p>\n    <p>Homepage: <a href=\"http://www.san-pepelone.de\">www.san-pepelone.de</a></p>\n\n    <p>Gesetzliche Informationen:</p>\n    <p>Feriendorf und Surfschule Pepelow GmbH * Sandweg 1 * Sitz der Gesellschaft: 18233 Pepelow * Eingetragen beim Amtsgericht Rostock, HRB 8386</p>\n    <p>Geschäftsführer: Olaf Winkelmann</p>\n</body>\n</html>',0,3,'2024-02-15 22:42:55.746506','2024-02-15 22:42:55.746548',NULL,NULL,NULL,1,'',NULL,NULL,NULL),(58,'test@san-pepelone.de','john@marine.media','','','Reiseinfos aus St. Pepelone','','<!DOCTYPE html>\n<html lang=\"de\">\n<head>\n    <meta charset=\"UTF-8\">\n    <meta name=\"viewport\" content=\"width=device-width, initial-scale=1.0\">\n    <title>Informationen zur bevorstehenden Reise</title>\n</head>\n<body>\n    <p>Hallo Anne,</p>\n\n    <p>Bald ist es wieder so weit und bei Euch steigt vielleicht bereits das \"Reisefieber\".</p>\n\n    <p>Für deine Planung und Organisation erhältst Du im Anhang:</p>\n\n    <ol>\n        <li>Die Antworten auf die häufigsten Fragen von Lehrpersonen / Gruppenbetreuungspersonen.</li>\n        <li>Vorlage Teilnehmerliste (bitte vor der Reise per E-Mail zusenden), um den schnellen Ablauf vor Ort zu organisieren.</li>\n        <li>Die aktuellen Reiseinformationen für Lehrpersonen, Schüler:innen und Eltern.</li>\n        <li>Unsere Hausordnung, die von jedem(r) Schüler:in unterschrieben am Anreisetag mitgebracht werden muss.</li>\n        <li>Elternbrief und Teilnahmebedienung Kletterfelsen (falls ihr plant, diese Sportaktivität zu nutzen).</li>\n    </ol>\n\n    <p>Für unsere Planung bitte den nachfolgenden Link bis spätestens zum  anklicken und die entsprechenden Felder ausfüllen bzw. überprüfen:</p>\n\n    <b><a href=\"http://127.0.0.1:8000/update_record/e7a29f59-6ab3-454d-a019-efcd1725a5d6\">Link zur Rückmeldung</a><br>\n    Login: john@marine.media<br>\n    Passwort: 19<br></b>\n\n    <p>(Falls der Link nicht anzuklicken geht, diesen kopieren und im Browser einfügen.)</p>\n\n    <p>Erst ca. 4 Tage vor Fahrtbeginn wird Christer die Belegung/Zimmerverteilung zumailen. Aus organisatorischen Gründen geht es nicht eher.</p>\n\n    <p>Bei weiteren Fragen stehe ich Dir gern zur Verfügung.</p>\n\n    <p>Herzliche Grüße aus San Pepelone</p>\n    <p>Swetlana</p>\n\n    <hr>\n\n    <p>i. A. Swetlana Abraham</p>\n    <p>Assistenz Resortmanagement</p>\n    <p>Feriendorf & Surfschule Pepelow GmbH</p>\n    <p>Mobil: 0173 385 44 85</p>\n    <p>E-Mail: swetlana@san-pepelone.de</p>\n    <p>Homepage: <a href=\"http://www.san-pepelone.de\">www.san-pepelone.de</a></p>\n\n    <p>Gesetzliche Informationen:</p>\n    <p>Feriendorf und Surfschule Pepelow GmbH * Sandweg 1 * Sitz der Gesellschaft: 18233 Pepelow * Eingetragen beim Amtsgericht Rostock, HRB 8386</p>\n    <p>Geschäftsführer: Olaf Winkelmann</p>\n</body>\n</html>',0,3,'2024-02-16 08:30:19.391028','2024-02-16 08:30:19.391056',NULL,NULL,NULL,1,'',NULL,NULL,NULL),(59,'test@san-pepelone.de','john@marine.media','','','Reiseinfos aus St. Pepelone','','<!DOCTYPE html>\n<html lang=\"de\">\n<head>\n    <meta charset=\"UTF-8\">\n    <meta name=\"viewport\" content=\"width=device-width, initial-scale=1.0\">\n    <title>Informationen zur bevorstehenden Reise</title>\n</head>\n<body>\n    <p>Hallo Anne,</p>\n\n    <p>Bald ist es wieder so weit und bei Euch steigt vielleicht bereits das \"Reisefieber\".</p>\n\n    <p>Für deine Planung und Organisation erhältst Du im Anhang:</p>\n\n    <ol>\n        <li>Die Antworten auf die häufigsten Fragen von Lehrpersonen / Gruppenbetreuungspersonen.</li>\n        <li>Vorlage Teilnehmerliste (bitte vor der Reise per E-Mail zusenden), um den schnellen Ablauf vor Ort zu organisieren.</li>\n        <li>Die aktuellen Reiseinformationen für Lehrpersonen, Schüler:innen und Eltern.</li>\n        <li>Unsere Hausordnung, die von jedem(r) Schüler:in unterschrieben am Anreisetag mitgebracht werden muss.</li>\n        <li>Elternbrief und Teilnahmebedienung Kletterfelsen (falls ihr plant, diese Sportaktivität zu nutzen).</li>\n    </ol>\n\n    <p>Für unsere Planung bitte den nachfolgenden Link bis spätestens zum  anklicken und die entsprechenden Felder ausfüllen bzw. überprüfen:</p>\n\n    <b><a href=\"http://127.0.0.1:8000/update_record/e7a29f59-6ab3-454d-a019-efcd1725a5d6\">Link zur Rückmeldung</a><br>\n    Login: john@marine.media<br>\n    Passwort: 19<br></b>\n\n    <p>(Falls der Link nicht anzuklicken geht, diesen kopieren und im Browser einfügen.)</p>\n\n    <p>Erst ca. 4 Tage vor Fahrtbeginn wird Christer die Belegung/Zimmerverteilung zumailen. Aus organisatorischen Gründen geht es nicht eher.</p>\n\n    <p>Bei weiteren Fragen stehe ich Dir gern zur Verfügung.</p>\n\n    <p>Herzliche Grüße aus San Pepelone</p>\n    <p>Swetlana</p>\n\n    <hr>\n\n    <p>i. A. Swetlana Abraham</p>\n    <p>Assistenz Resortmanagement</p>\n    <p>Feriendorf & Surfschule Pepelow GmbH</p>\n    <p>Mobil: 0173 385 44 85</p>\n    <p>E-Mail: swetlana@san-pepelone.de</p>\n    <p>Homepage: <a href=\"http://www.san-pepelone.de\">www.san-pepelone.de</a></p>\n\n    <p>Gesetzliche Informationen:</p>\n    <p>Feriendorf und Surfschule Pepelow GmbH * Sandweg 1 * Sitz der Gesellschaft: 18233 Pepelow * Eingetragen beim Amtsgericht Rostock, HRB 8386</p>\n    <p>Geschäftsführer: Olaf Winkelmann</p>\n</body>\n</html>',0,3,'2024-02-16 08:30:28.797286','2024-02-16 08:30:28.797342',NULL,NULL,NULL,1,'',NULL,NULL,NULL),(60,'test@san-pepelone.de','john@marine.media','','','Reiseinfos aus St. Pepelone','','<!DOCTYPE html>\n<html lang=\"de\">\n<head>\n    <meta charset=\"UTF-8\">\n    <meta name=\"viewport\" content=\"width=device-width, initial-scale=1.0\">\n    <title>Informationen zur bevorstehenden Reise</title>\n</head>\n<body>\n    <p>Hallo Anne,</p>\n\n    <p>Bald ist es wieder so weit und bei Euch steigt vielleicht bereits das \"Reisefieber\".</p>\n\n    <p>Für deine Planung und Organisation erhältst Du im Anhang:</p>\n\n    <ol>\n        <li>Die Antworten auf die häufigsten Fragen von Lehrpersonen / Gruppenbetreuungspersonen.</li>\n        <li>Vorlage Teilnehmerliste (bitte vor der Reise per E-Mail zusenden), um den schnellen Ablauf vor Ort zu organisieren.</li>\n        <li>Die aktuellen Reiseinformationen für Lehrpersonen, Schüler:innen und Eltern.</li>\n        <li>Unsere Hausordnung, die von jedem(r) Schüler:in unterschrieben am Anreisetag mitgebracht werden muss.</li>\n        <li>Elternbrief und Teilnahmebedienung Kletterfelsen (falls ihr plant, diese Sportaktivität zu nutzen).</li>\n    </ol>\n\n    <p>Für unsere Planung bitte den nachfolgenden Link bis spätestens zum  anklicken und die entsprechenden Felder ausfüllen bzw. überprüfen:</p>\n\n    <b><a href=\"http://127.0.0.1:8000/update_record/e7a29f59-6ab3-454d-a019-efcd1725a5d6\">Link zur Rückmeldung</a><br>\n    Login: john@marine.media<br>\n    Passwort: 19<br></b>\n\n    <p>(Falls der Link nicht anzuklicken geht, diesen kopieren und im Browser einfügen.)</p>\n\n    <p>Erst ca. 4 Tage vor Fahrtbeginn wird Christer die Belegung/Zimmerverteilung zumailen. Aus organisatorischen Gründen geht es nicht eher.</p>\n\n    <p>Bei weiteren Fragen stehe ich Dir gern zur Verfügung.</p>\n\n    <p>Herzliche Grüße aus San Pepelone</p>\n    <p>Swetlana</p>\n\n    <hr>\n\n    <p>i. A. Swetlana Abraham</p>\n    <p>Assistenz Resortmanagement</p>\n    <p>Feriendorf & Surfschule Pepelow GmbH</p>\n    <p>Mobil: 0173 385 44 85</p>\n    <p>E-Mail: swetlana@san-pepelone.de</p>\n    <p>Homepage: <a href=\"http://www.san-pepelone.de\">www.san-pepelone.de</a></p>\n\n    <p>Gesetzliche Informationen:</p>\n    <p>Feriendorf und Surfschule Pepelow GmbH * Sandweg 1 * Sitz der Gesellschaft: 18233 Pepelow * Eingetragen beim Amtsgericht Rostock, HRB 8386</p>\n    <p>Geschäftsführer: Olaf Winkelmann</p>\n</body>\n</html>',0,3,'2024-02-16 08:34:43.990388','2024-02-16 08:34:43.990517',NULL,NULL,NULL,1,'',NULL,NULL,NULL),(61,'test@san-pepelone.de','john@marine.media','','','Reiseinfos aus St. Pepelone','','<!DOCTYPE html>\n<html lang=\"de\">\n<head>\n    <meta charset=\"UTF-8\">\n    <meta name=\"viewport\" content=\"width=device-width, initial-scale=1.0\">\n    <title>Informationen zur bevorstehenden Reise</title>\n</head>\n<body>\n    <p>Hallo Anne,</p>\n\n    <p>Bald ist es wieder so weit und bei Euch steigt vielleicht bereits das \"Reisefieber\".</p>\n\n    <p>Für deine Planung und Organisation erhältst Du im Anhang:</p>\n\n    <ol>\n        <li>Die Antworten auf die häufigsten Fragen von Lehrpersonen / Gruppenbetreuungspersonen.</li>\n        <li>Vorlage Teilnehmerliste (bitte vor der Reise per E-Mail zusenden), um den schnellen Ablauf vor Ort zu organisieren.</li>\n        <li>Die aktuellen Reiseinformationen für Lehrpersonen, Schüler:innen und Eltern.</li>\n        <li>Unsere Hausordnung, die von jedem(r) Schüler:in unterschrieben am Anreisetag mitgebracht werden muss.</li>\n        <li>Elternbrief und Teilnahmebedienung Kletterfelsen (falls ihr plant, diese Sportaktivität zu nutzen).</li>\n    </ol>\n\n    <p>Für unsere Planung bitte den nachfolgenden Link bis spätestens zum  anklicken und die entsprechenden Felder ausfüllen bzw. überprüfen:</p>\n\n    <b><a href=\"http://127.0.0.1:8000/update_record/e7a29f59-6ab3-454d-a019-efcd1725a5d6\">Link zur Rückmeldung</a><br>\n    Login: john@marine.media<br>\n    Passwort: 19<br></b>\n\n    <p>(Falls der Link nicht anzuklicken geht, diesen kopieren und im Browser einfügen.)</p>\n\n    <p>Erst ca. 4 Tage vor Fahrtbeginn wird Christer die Belegung/Zimmerverteilung zumailen. Aus organisatorischen Gründen geht es nicht eher.</p>\n\n    <p>Bei weiteren Fragen stehe ich Dir gern zur Verfügung.</p>\n\n    <p>Herzliche Grüße aus San Pepelone</p>\n    <p>Swetlana</p>\n\n    <hr>\n\n    <p>i. A. Swetlana Abraham</p>\n    <p>Assistenz Resortmanagement</p>\n    <p>Feriendorf & Surfschule Pepelow GmbH</p>\n    <p>Mobil: 0173 385 44 85</p>\n    <p>E-Mail: swetlana@san-pepelone.de</p>\n    <p>Homepage: <a href=\"http://www.san-pepelone.de\">www.san-pepelone.de</a></p>\n\n    <p>Gesetzliche Informationen:</p>\n    <p>Feriendorf und Surfschule Pepelow GmbH * Sandweg 1 * Sitz der Gesellschaft: 18233 Pepelow * Eingetragen beim Amtsgericht Rostock, HRB 8386</p>\n    <p>Geschäftsführer: Olaf Winkelmann</p>\n</body>\n</html>',0,3,'2024-02-16 08:59:54.522917','2024-02-16 08:59:54.522957',NULL,NULL,NULL,1,'',NULL,NULL,NULL),(62,'test@san-pepelone.de','john@marine.media','','','Reiseinfos aus St. Pepelone','','<!DOCTYPE html>\n<html lang=\"de\">\n<head>\n    <meta charset=\"UTF-8\">\n    <meta name=\"viewport\" content=\"width=device-width, initial-scale=1.0\">\n    <title>Informationen zur bevorstehenden Reise</title>\n</head>\n<body>\n    <p>Hallo Anne,</p>\n\n    <p>Bald ist es wieder so weit und bei Euch steigt vielleicht bereits das \"Reisefieber\".</p>\n\n    <p>Für deine Planung und Organisation erhältst Du im Anhang:</p>\n\n    <ol>\n        <li>Die Antworten auf die häufigsten Fragen von Lehrpersonen / Gruppenbetreuungspersonen.</li>\n        <li>Vorlage Teilnehmerliste (bitte vor der Reise per E-Mail zusenden), um den schnellen Ablauf vor Ort zu organisieren.</li>\n        <li>Die aktuellen Reiseinformationen für Lehrpersonen, Schüler:innen und Eltern.</li>\n        <li>Unsere Hausordnung, die von jedem(r) Schüler:in unterschrieben am Anreisetag mitgebracht werden muss.</li>\n        <li>Elternbrief und Teilnahmebedienung Kletterfelsen (falls ihr plant, diese Sportaktivität zu nutzen).</li>\n    </ol>\n\n    <p>Für unsere Planung bitte den nachfolgenden Link bis spätestens zum  anklicken und die entsprechenden Felder ausfüllen bzw. überprüfen:</p>\n\n    <b><a href=\"http://127.0.0.1:8000/update_record/e7a29f59-6ab3-454d-a019-efcd1725a5d6\">Link zur Rückmeldung</a><br>\n    Login: john@marine.media<br>\n    Passwort: 19<br></b>\n\n    <p>(Falls der Link nicht anzuklicken geht, diesen kopieren und im Browser einfügen.)</p>\n\n    <p>Erst ca. 4 Tage vor Fahrtbeginn wird Christer die Belegung/Zimmerverteilung zumailen. Aus organisatorischen Gründen geht es nicht eher.</p>\n\n    <p>Bei weiteren Fragen stehe ich Dir gern zur Verfügung.</p>\n\n    <p>Herzliche Grüße aus San Pepelone</p>\n    <p>Swetlana</p>\n\n    <hr>\n\n    <p>i. A. Swetlana Abraham</p>\n    <p>Assistenz Resortmanagement</p>\n    <p>Feriendorf & Surfschule Pepelow GmbH</p>\n    <p>Mobil: 0173 385 44 85</p>\n    <p>E-Mail: swetlana@san-pepelone.de</p>\n    <p>Homepage: <a href=\"http://www.san-pepelone.de\">www.san-pepelone.de</a></p>\n\n    <p>Gesetzliche Informationen:</p>\n    <p>Feriendorf und Surfschule Pepelow GmbH * Sandweg 1 * Sitz der Gesellschaft: 18233 Pepelow * Eingetragen beim Amtsgericht Rostock, HRB 8386</p>\n    <p>Geschäftsführer: Olaf Winkelmann</p>\n</body>\n</html>',0,3,'2024-02-16 09:08:03.689852','2024-02-16 09:08:03.689886',NULL,NULL,NULL,1,'',NULL,NULL,NULL),(63,'test@san-pepelone.de','john@marine.media','','','Reiseinfos aus St. Pepelone','','<!DOCTYPE html>\n<html lang=\"de\">\n<head>\n    <meta charset=\"UTF-8\">\n    <meta name=\"viewport\" content=\"width=device-width, initial-scale=1.0\">\n    <title>Informationen zur bevorstehenden Reise</title>\n</head>\n<body>\n    <p>Hallo Anne,</p>\n\n    <p>Bald ist es wieder so weit und bei Euch steigt vielleicht bereits das \"Reisefieber\".</p>\n\n    <p>Für deine Planung und Organisation erhältst Du im Anhang:</p>\n\n    <ol>\n        <li>Die Antworten auf die häufigsten Fragen von Lehrpersonen / Gruppenbetreuungspersonen.</li>\n        <li>Vorlage Teilnehmerliste (bitte vor der Reise per E-Mail zusenden), um den schnellen Ablauf vor Ort zu organisieren.</li>\n        <li>Die aktuellen Reiseinformationen für Lehrpersonen, Schüler:innen und Eltern.</li>\n        <li>Unsere Hausordnung, die von jedem(r) Schüler:in unterschrieben am Anreisetag mitgebracht werden muss.</li>\n        <li>Elternbrief und Teilnahmebedienung Kletterfelsen (falls ihr plant, diese Sportaktivität zu nutzen).</li>\n    </ol>\n\n    <p>Für unsere Planung bitte den nachfolgenden Link bis spätestens zum  anklicken und die entsprechenden Felder ausfüllen bzw. überprüfen:</p>\n\n    <b><a href=\"http://127.0.0.1:8000/update_record/e7a29f59-6ab3-454d-a019-efcd1725a5d6\">Link zur Rückmeldung</a><br>\n    Login: john@marine.media<br>\n    Passwort: 19<br></b>\n\n    <p>(Falls der Link nicht anzuklicken geht, diesen kopieren und im Browser einfügen.)</p>\n\n    <p>Erst ca. 4 Tage vor Fahrtbeginn wird Christer die Belegung/Zimmerverteilung zumailen. Aus organisatorischen Gründen geht es nicht eher.</p>\n\n    <p>Bei weiteren Fragen stehe ich Dir gern zur Verfügung.</p>\n\n    <p>Herzliche Grüße aus San Pepelone</p>\n    <p>Swetlana</p>\n\n    <hr>\n\n    <p>i. A. Swetlana Abraham</p>\n    <p>Assistenz Resortmanagement</p>\n    <p>Feriendorf & Surfschule Pepelow GmbH</p>\n    <p>Mobil: 0173 385 44 85</p>\n    <p>E-Mail: swetlana@san-pepelone.de</p>\n    <p>Homepage: <a href=\"http://www.san-pepelone.de\">www.san-pepelone.de</a></p>\n\n    <p>Gesetzliche Informationen:</p>\n    <p>Feriendorf und Surfschule Pepelow GmbH * Sandweg 1 * Sitz der Gesellschaft: 18233 Pepelow * Eingetragen beim Amtsgericht Rostock, HRB 8386</p>\n    <p>Geschäftsführer: Olaf Winkelmann</p>\n</body>\n</html>',0,3,'2024-02-16 09:15:28.579917','2024-02-16 09:15:28.579946',NULL,NULL,NULL,1,'',NULL,NULL,NULL),(64,'test@san-pepelone.de','carsten@navisense.de','','','Reiseinfos aus St. Pepelone','','<!DOCTYPE html>\n<html lang=\"de\">\n<head>\n    <meta charset=\"UTF-8\">\n    <meta name=\"viewport\" content=\"width=device-width, initial-scale=1.0\">\n    <title>Informationen zur bevorstehenden Reise</title>\n</head>\n<body>\n    <p>Hallo Manfred,</p>\n\n    <p>Bald ist es wieder so weit und bei Euch steigt vielleicht bereits das \"Reisefieber\".</p>\n\n    <p>Für deine Planung und Organisation erhältst Du im Anhang:</p>\n\n    <ol>\n        <li>Die Antworten auf die häufigsten Fragen von Lehrpersonen / Gruppenbetreuungspersonen.</li>\n        <li>Vorlage Teilnehmerliste (bitte vor der Reise per E-Mail zusenden), um den schnellen Ablauf vor Ort zu organisieren.</li>\n        <li>Die aktuellen Reiseinformationen für Lehrpersonen, Schüler:innen und Eltern.</li>\n        <li>Unsere Hausordnung, die von jedem(r) Schüler:in unterschrieben am Anreisetag mitgebracht werden muss.</li>\n        <li>Elternbrief und Teilnahmebedienung Kletterfelsen (falls ihr plant, diese Sportaktivität zu nutzen).</li>\n    </ol>\n\n    <p>Für unsere Planung bitte den nachfolgenden Link bis spätestens zum  anklicken und die entsprechenden Felder ausfüllen bzw. überprüfen:</p>\n\n    <b><a href=\"http://127.0.0.1:8000/update_record/ada3b4c5-e8ff-4406-b4c1-ae8f1a6c6bc8\">Link zur Rückmeldung</a><br>\n    Login: carsten@navisense.de<br>\n    Passwort: 20<br></b>\n\n    <p>(Falls der Link nicht anzuklicken geht, diesen kopieren und im Browser einfügen.)</p>\n\n    <p>Erst ca. 4 Tage vor Fahrtbeginn wird Christer die Belegung/Zimmerverteilung zumailen. Aus organisatorischen Gründen geht es nicht eher.</p>\n\n    <p>Bei weiteren Fragen stehe ich Dir gern zur Verfügung.</p>\n\n    <p>Herzliche Grüße aus San Pepelone</p>\n    <p>Swetlana</p>\n\n    <hr>\n\n    <p>i. A. Swetlana Abraham</p>\n    <p>Assistenz Resortmanagement</p>\n    <p>Feriendorf & Surfschule Pepelow GmbH</p>\n    <p>Mobil: 0173 385 44 85</p>\n    <p>E-Mail: swetlana@san-pepelone.de</p>\n    <p>Homepage: <a href=\"http://www.san-pepelone.de\">www.san-pepelone.de</a></p>\n\n    <p>Gesetzliche Informationen:</p>\n    <p>Feriendorf und Surfschule Pepelow GmbH * Sandweg 1 * Sitz der Gesellschaft: 18233 Pepelow * Eingetragen beim Amtsgericht Rostock, HRB 8386</p>\n    <p>Geschäftsführer: Olaf Winkelmann</p>\n</body>\n</html>',0,3,'2024-02-17 14:21:39.475326','2024-02-17 14:21:39.475367',NULL,NULL,NULL,1,'',NULL,NULL,NULL);
/*!40000 ALTER TABLE `post_office_email` ENABLE KEYS */;
UNLOCK TABLES;

--
-- Table structure for table `post_office_emailtemplate`
--

DROP TABLE IF EXISTS `post_office_emailtemplate`;
/*!40101 SET @saved_cs_client     = @@character_set_client */;
/*!50503 SET character_set_client = utf8mb4 */;
CREATE TABLE `post_office_emailtemplate` (
  `id` int NOT NULL AUTO_INCREMENT,
  `name` varchar(255) NOT NULL,
  `description` longtext NOT NULL,
  `subject` varchar(255) NOT NULL,
  `content` longtext NOT NULL,
  `html_content` longtext NOT NULL,
  `created` datetime(6) NOT NULL,
  `last_updated` datetime(6) NOT NULL,
  `default_template_id` int DEFAULT NULL,
  `language` varchar(12) NOT NULL,
  PRIMARY KEY (`id`),
  UNIQUE KEY `post_office_emailtemplat_name_language_default_te_4023e3e4_uniq` (`name`,`language`,`default_template_id`),
  KEY `post_office_emailtem_default_template_id_2ac2f889_fk_post_offi` (`default_template_id`),
  CONSTRAINT `post_office_emailtem_default_template_id_2ac2f889_fk_post_offi` FOREIGN KEY (`default_template_id`) REFERENCES `post_office_emailtemplate` (`id`)
) ENGINE=InnoDB AUTO_INCREMENT=3 DEFAULT CHARSET=utf8mb4 COLLATE=utf8mb4_0900_ai_ci;
/*!40101 SET character_set_client = @saved_cs_client */;

--
-- Dumping data for table `post_office_emailtemplate`
--

LOCK TABLES `post_office_emailtemplate` WRITE;
/*!40000 ALTER TABLE `post_office_emailtemplate` DISABLE KEYS */;
INSERT INTO `post_office_emailtemplate` VALUES (1,'schule','Template fuer Schulen','Reiseinfos aus St. Pepelone','','<!DOCTYPE html>\n<html lang=\"de\">\n<head>\n    <meta charset=\"UTF-8\">\n    <meta name=\"viewport\" content=\"width=device-width, initial-scale=1.0\">\n    <title>Informationen zur bevorstehenden Reise</title>\n</head>\n<body>\n    <p>Hallo {{ firstname }},</p>\n\n    <p>Bald ist es wieder so weit und bei Euch steigt vielleicht bereits das \"Reisefieber\".</p>\n\n    <p>Für deine Planung und Organisation erhältst Du im Anhang:</p>\n\n    <ol>\n        <li>Die Antworten auf die häufigsten Fragen von Lehrpersonen / Gruppenbetreuungspersonen.</li>\n        <li>Vorlage Teilnehmerliste (bitte vor der Reise per E-Mail zusenden), um den schnellen Ablauf vor Ort zu organisieren.</li>\n        <li>Die aktuellen Reiseinformationen für Lehrpersonen, Schüler:innen und Eltern.</li>\n        <li>Unsere Hausordnung, die von jedem(r) Schüler:in unterschrieben am Anreisetag mitgebracht werden muss.</li>\n        <li>Elternbrief und Teilnahmebedienung Kletterfelsen (falls ihr plant, diese Sportaktivität zu nutzen).</li>\n    </ol>\n\n    <p>Für unsere Planung bitte den nachfolgenden Link bis spätestens zum {{Datum_Rückmeldung}} anklicken und die entsprechenden Felder ausfüllen bzw. überprüfen:</p>\n\n    <b><a href=\"{{ link }}\">Link zur Rückmeldung</a><br>\n    Login: {{ email }}<br>\n    Passwort: {{ id }}<br></b>\n\n    <p>(Falls der Link nicht anzuklicken geht, diesen kopieren und im Browser einfügen.)</p>\n\n    <p>Erst ca. 4 Tage vor Fahrtbeginn wird Christer die Belegung/Zimmerverteilung zumailen. Aus organisatorischen Gründen geht es nicht eher.</p>\n\n    <p>Bei weiteren Fragen stehe ich Dir gern zur Verfügung.</p>\n\n    <p>Herzliche Grüße aus San Pepelone</p>\n    <p>Swetlana</p>\n\n    <hr>\n\n    <p>i. A. Swetlana Abraham</p>\n    <p>Assistenz Resortmanagement</p>\n    <p>Feriendorf & Surfschule Pepelow GmbH</p>\n    <p>Mobil: 0173 385 44 85</p>\n    <p>E-Mail: swetlana@san-pepelone.de</p>\n    <p>Homepage: <a href=\"http://www.san-pepelone.de\">www.san-pepelone.de</a></p>\n\n    <p>Gesetzliche Informationen:</p>\n    <p>Feriendorf und Surfschule Pepelow GmbH * Sandweg 1 * Sitz der Gesellschaft: 18233 Pepelow * Eingetragen beim Amtsgericht Rostock, HRB 8386</p>\n    <p>Geschäftsführer: Olaf Winkelmann</p>\n</body>\n</html>','2024-02-13 20:16:31.344414','2024-02-13 20:29:21.988676',NULL,''),(2,'test','','fff','','gggggggggggggggggggggggggggggggggggggggggggggggggggggggg\r\ng\r\ng','2024-02-14 20:05:21.000648','2024-02-14 20:05:36.845700',NULL,'');
/*!40000 ALTER TABLE `post_office_emailtemplate` ENABLE KEYS */;
UNLOCK TABLES;

--
-- Table structure for table `post_office_log`
--

DROP TABLE IF EXISTS `post_office_log`;
/*!40101 SET @saved_cs_client     = @@character_set_client */;
/*!50503 SET character_set_client = utf8mb4 */;
CREATE TABLE `post_office_log` (
  `id` int NOT NULL AUTO_INCREMENT,
  `date` datetime(6) NOT NULL,
  `status` smallint unsigned NOT NULL,
  `exception_type` varchar(255) NOT NULL,
  `message` longtext NOT NULL,
  `email_id` int NOT NULL,
  PRIMARY KEY (`id`),
  KEY `post_office_log_email_id_d42c8808_fk_post_office_email_id` (`email_id`),
  CONSTRAINT `post_office_log_email_id_d42c8808_fk_post_office_email_id` FOREIGN KEY (`email_id`) REFERENCES `post_office_email` (`id`),
  CONSTRAINT `post_office_log_chk_1` CHECK ((`status` >= 0))
) ENGINE=InnoDB AUTO_INCREMENT=59 DEFAULT CHARSET=utf8mb4 COLLATE=utf8mb4_0900_ai_ci;
/*!40101 SET character_set_client = @saved_cs_client */;

--
-- Dumping data for table `post_office_log`
--

LOCK TABLES `post_office_log` WRITE;
/*!40000 ALTER TABLE `post_office_log` DISABLE KEYS */;
INSERT INTO `post_office_log` VALUES (1,'2024-02-13 19:56:42.414916',1,'SMTPSenderRefused','(550, b\'Requested action not taken: mailbox unavailable\\nSender address is not allowed.\', \'carsten@navisense.de\')',7),(2,'2024-02-13 19:56:44.867533',1,'SMTPSenderRefused','(550, b\'Requested action not taken: mailbox unavailable\\nSender address is not allowed.\', \'carsten@navisense.de\')',8),(3,'2024-02-13 20:04:42.005137',0,'','',9),(4,'2024-02-13 20:38:50.722718',0,'','',10),(5,'2024-02-13 20:44:54.621833',0,'','',11),(6,'2024-02-13 21:02:53.778180',0,'','',12),(7,'2024-02-13 21:05:58.076707',0,'','',13),(8,'2024-02-13 21:06:01.744751',0,'','',14),(9,'2024-02-13 21:06:02.880810',0,'','',15),(10,'2024-02-13 21:07:25.797777',0,'','',16),(11,'2024-02-13 21:49:05.946869',0,'','',17),(12,'2024-02-14 19:33:26.542980',0,'','',18),(13,'2024-02-14 20:11:38.835781',0,'','',19),(14,'2024-02-14 20:11:43.278291',0,'','',20),(15,'2024-02-14 20:13:23.991028',0,'','',21),(16,'2024-02-14 20:13:25.971481',0,'','',22),(17,'2024-02-14 20:14:00.987054',0,'','',23),(18,'2024-02-14 20:14:03.755793',0,'','',24),(19,'2024-02-14 20:17:59.432914',0,'','',25),(20,'2024-02-14 20:18:21.883229',0,'','',26),(21,'2024-02-14 20:18:29.142661',0,'','',27),(22,'2024-02-14 20:18:31.926449',0,'','',28),(23,'2024-02-14 20:18:48.415895',0,'','',29),(24,'2024-02-14 20:58:34.766636',0,'','',30),(25,'2024-02-14 21:12:30.746453',0,'','',31),(26,'2024-02-15 20:41:51.165966',0,'','',32),(27,'2024-02-15 22:20:36.510965',0,'','',33),(28,'2024-02-15 22:20:50.964683',0,'','',34),(29,'2024-02-15 22:24:08.373426',0,'','',35),(30,'2024-02-15 22:27:44.952819',0,'','',36),(31,'2024-02-15 22:28:27.959184',0,'','',37),(32,'2024-02-15 22:29:08.917372',0,'','',38),(33,'2024-02-15 22:30:23.569109',0,'','',39),(34,'2024-02-15 22:31:00.796562',0,'','',40),(35,'2024-02-15 22:31:51.133544',0,'','',41),(36,'2024-02-15 22:31:55.388714',0,'','',42),(37,'2024-02-15 22:32:11.924265',0,'','',43),(38,'2024-02-15 22:34:02.647421',0,'','',44),(39,'2024-02-15 22:34:58.452673',0,'','',45),(40,'2024-02-15 22:35:25.119150',0,'','',46),(41,'2024-02-15 22:35:36.503067',0,'','',47),(42,'2024-02-15 22:36:04.156769',0,'','',48),(43,'2024-02-15 22:36:40.724585',0,'','',49),(44,'2024-02-15 22:37:45.208849',0,'','',50),(45,'2024-02-15 22:38:25.389518',0,'','',51),(46,'2024-02-15 22:38:56.283361',0,'','',52),(47,'2024-02-15 22:39:33.324905',0,'','',53),(48,'2024-02-15 22:40:11.494831',0,'','',54),(49,'2024-02-15 22:42:09.081154',0,'','',55),(50,'2024-02-15 22:42:32.925719',0,'','',56),(51,'2024-02-15 22:42:56.209750',0,'','',57),(52,'2024-02-16 08:30:19.873195',0,'','',58),(53,'2024-02-16 08:30:29.422273',0,'','',59),(54,'2024-02-16 08:34:44.394498',0,'','',60),(55,'2024-02-16 08:59:54.933154',0,'','',61),(56,'2024-02-16 09:08:04.147058',0,'','',62),(57,'2024-02-16 09:15:28.974173',0,'','',63),(58,'2024-02-17 14:21:39.963259',0,'','',64);
/*!40000 ALTER TABLE `post_office_log` ENABLE KEYS */;
UNLOCK TABLES;

--
-- Table structure for table `simple_mail_simplemail`
--

DROP TABLE IF EXISTS `simple_mail_simplemail`;
/*!40101 SET @saved_cs_client     = @@character_set_client */;
/*!50503 SET character_set_client = utf8mb4 */;
CREATE TABLE `simple_mail_simplemail` (
  `id` bigint NOT NULL AUTO_INCREMENT,
  `key` varchar(100) NOT NULL,
  `subject` varchar(255) NOT NULL,
  `title` varchar(255) NOT NULL,
  `body` longtext NOT NULL,
  `banner` varchar(100) DEFAULT NULL,
  `button_label` varchar(80) NOT NULL,
  `button_link` varchar(255) NOT NULL,
  `created_at` datetime(6) NOT NULL,
  `updated_at` datetime(6) NOT NULL,
  PRIMARY KEY (`id`),
  UNIQUE KEY `key` (`key`)
) ENGINE=InnoDB DEFAULT CHARSET=utf8mb4 COLLATE=utf8mb4_0900_ai_ci;
/*!40101 SET character_set_client = @saved_cs_client */;

--
-- Dumping data for table `simple_mail_simplemail`
--

LOCK TABLES `simple_mail_simplemail` WRITE;
/*!40000 ALTER TABLE `simple_mail_simplemail` DISABLE KEYS */;
/*!40000 ALTER TABLE `simple_mail_simplemail` ENABLE KEYS */;
UNLOCK TABLES;

--
-- Table structure for table `simple_mail_simplemailconfig`
--

DROP TABLE IF EXISTS `simple_mail_simplemailconfig`;
/*!40101 SET @saved_cs_client     = @@character_set_client */;
/*!50503 SET character_set_client = utf8mb4 */;
CREATE TABLE `simple_mail_simplemailconfig` (
  `id` bigint NOT NULL AUTO_INCREMENT,
  `logo` varchar(100) DEFAULT NULL,
  `footer_content` longtext NOT NULL,
  `facebook_url` varchar(255) NOT NULL,
  `twitter_url` varchar(255) NOT NULL,
  `instagram_url` varchar(255) NOT NULL,
  `website_url` varchar(255) NOT NULL,
  `color_header_bg` varchar(7) NOT NULL,
  `color_title` varchar(7) NOT NULL,
  `title_size` varchar(2) NOT NULL,
  `color_body_bg` varchar(7) NOT NULL,
  `color_body` varchar(7) NOT NULL,
  `color_body_link` varchar(7) NOT NULL,
  `color_button` varchar(7) NOT NULL,
  `color_button_bg` varchar(7) NOT NULL,
  `border_radius_button` smallint unsigned NOT NULL,
  `color_footer` varchar(7) NOT NULL,
  `color_footer_link` varchar(7) NOT NULL,
  `color_footer_bg` varchar(7) NOT NULL,
  `color_footer_divider` varchar(7) NOT NULL,
  PRIMARY KEY (`id`),
  CONSTRAINT `simple_mail_simplemailconfig_chk_1` CHECK ((`border_radius_button` >= 0))
) ENGINE=InnoDB AUTO_INCREMENT=2 DEFAULT CHARSET=utf8mb4 COLLATE=utf8mb4_0900_ai_ci;
/*!40101 SET character_set_client = @saved_cs_client */;

--
-- Dumping data for table `simple_mail_simplemailconfig`
--

LOCK TABLES `simple_mail_simplemailconfig` WRITE;
/*!40000 ALTER TABLE `simple_mail_simplemailconfig` DISABLE KEYS */;
INSERT INTO `simple_mail_simplemailconfig` VALUES (1,'','<p>c dc ddc dc&nbsp;</p>','','','','','#f7f7f7','#222222','h1','#ffffff','#808080','#007e9e','#ffffff','#00add8',3,'#ffffff','#ffffff','#333333','#505050');
/*!40000 ALTER TABLE `simple_mail_simplemailconfig` ENABLE KEYS */;
UNLOCK TABLES;

--
-- Table structure for table `website_ausflugspaket`
--

DROP TABLE IF EXISTS `website_ausflugspaket`;
/*!40101 SET @saved_cs_client     = @@character_set_client */;
/*!50503 SET character_set_client = utf8mb4 */;
CREATE TABLE `website_ausflugspaket` (
  `id` bigint NOT NULL AUTO_INCREMENT,
  `bezeichnung` varchar(50) DEFAULT NULL,
  `content` varchar(800) DEFAULT NULL,
  PRIMARY KEY (`id`)
) ENGINE=InnoDB AUTO_INCREMENT=5 DEFAULT CHARSET=utf8mb4 COLLATE=utf8mb4_0900_ai_ci;
/*!40101 SET character_set_client = @saved_cs_client */;

--
-- Dumping data for table `website_ausflugspaket`
--

LOCK TABLES `website_ausflugspaket` WRITE;
/*!40000 ALTER TABLE `website_ausflugspaket` DISABLE KEYS */;
INSERT INTO `website_ausflugspaket` VALUES (2,'Windsurf Premium Paket','Beinhaltet: Am Anreisetag 1. Wassereinheit (1-1,5h); 5 Surfkurse + 1 Theorieunterricht; freie Übungszeit an 3 Tagen; Theorieunterricht (1h)'),(4,'Wassersport und Freizeit Paket',NULL);
/*!40000 ALTER TABLE `website_ausflugspaket` ENABLE KEYS */;
UNLOCK TABLES;

--
-- Table structure for table `website_record`
--

DROP TABLE IF EXISTS `website_record`;
/*!40101 SET @saved_cs_client     = @@character_set_client */;
/*!50503 SET character_set_client = utf8mb4 */;
CREATE TABLE `website_record` (
  `first_name` varchar(50) DEFAULT NULL,
  `last_name` varchar(50) DEFAULT NULL,
  `arrival_date` date DEFAULT NULL,
  `response_untill` date DEFAULT NULL,
  `email` varchar(100) DEFAULT NULL,
  `phone` varchar(15) DEFAULT NULL,
  `city` varchar(50) DEFAULT NULL,
  `busplan` varchar(100) DEFAULT NULL,
  `remark` varchar(800) DEFAULT NULL,
  `initals` varchar(20) NOT NULL,
  `organisation` varchar(50) DEFAULT NULL,
  `created_at` datetime(6) NOT NULL,
  `modified_by_id` int DEFAULT NULL,
  `organisationtype` varchar(20) NOT NULL,
  `schoolclass` varchar(50) DEFAULT NULL,
  `id` bigint NOT NULL AUTO_INCREMENT,
  `uuid` char(32) NOT NULL,
  `traveldetail` varchar(40) NOT NULL,
  `planned_arrival_time` varchar(5) DEFAULT NULL,
  `amount_organizer_female` int unsigned DEFAULT NULL,
  `amount_organizer_male` int unsigned DEFAULT NULL,
  `amount_students_female` int unsigned DEFAULT NULL,
  `amount_students_male` int unsigned DEFAULT NULL,
  `status` varchar(20) NOT NULL,
  `ausflugspaket_id` bigint DEFAULT NULL,
  `remark_client` varchar(800) DEFAULT NULL,
  `vdws_schein` tinyint(1) DEFAULT NULL,
  `planned_departure_time` varchar(5) DEFAULT NULL,
  PRIMARY KEY (`id`),
  KEY `website_record_modified_by_id_25eb649d_fk_auth_user_id` (`modified_by_id`),
  KEY `website_record_ausflugspaket_id_8310f0cc_fk_website_a` (`ausflugspaket_id`),
  CONSTRAINT `website_record_ausflugspaket_id_8310f0cc_fk_website_a` FOREIGN KEY (`ausflugspaket_id`) REFERENCES `website_ausflugspaket` (`id`),
  CONSTRAINT `website_record_modified_by_id_25eb649d_fk_auth_user_id` FOREIGN KEY (`modified_by_id`) REFERENCES `auth_user` (`id`),
  CONSTRAINT `website_record_chk_1` CHECK ((`amount_organizer_female` >= 0)),
  CONSTRAINT `website_record_chk_2` CHECK ((`amount_organizer_male` >= 0)),
  CONSTRAINT `website_record_chk_3` CHECK ((`amount_students_female` >= 0)),
  CONSTRAINT `website_record_chk_4` CHECK ((`amount_students_male` >= 0))
) ENGINE=InnoDB AUTO_INCREMENT=21 DEFAULT CHARSET=utf8mb4 COLLATE=utf8mb4_0900_ai_ci;
/*!40101 SET character_set_client = @saved_cs_client */;

--
-- Dumping data for table `website_record`
--

LOCK TABLES `website_record` WRITE;
/*!40000 ALTER TABLE `website_record` DISABLE KEYS */;
INSERT INTO `website_record` VALUES ('Carsten','Bullemer','2024-02-03','2024-02-08','carsten@navisense.de','01629460280','fvfvvf','','','Herr','vffvfv','2024-02-03 19:53:16.625752',NULL,'Schule',NULL,6,'4137d57df83d4188ace666d193abd5d5','San Pepelone Reisebus','11:00',NULL,NULL,NULL,NULL,'UNANSWERED',2,NULL,0,NULL),('Lehrer','Welch','2024-02-15','2024-02-15','welch@kayass','rr000','Köln','','','Herr','Kayass Nr 0','2024-02-03 20:28:31.225780',NULL,'Schule','fff',7,'8e88f42fd08942779c819fe847bed2e1','San Pepelone Reisebus','12:00',3,5,5,18954,'UNANSWERED',2,NULL,0,NULL),('Klaus','Schulz','2024-04-07','2024-12-12','john@marine.media','988888','HAmburg','',NULL,'Herr','Schule Winterhude','2024-02-13 21:01:14.557973',NULL,'Schule','2',10,'5e768d5237d949bcb9890a536395c38e','San Pepelone Reisebus','13:00',3,2,55,3,'UNANSWERED',2,'',0,'15:00'),('meier','meier','2024-02-01','2024-02-15','bullemer@maritimedatasystems.com','+491629460280','ffef','','','Herr','hauptschule','2024-02-14 17:12:36.713522',NULL,'Verein','klasse1',12,'ca534792e0f24d4997785ce2648ad503','San Pepelone Reisebus','10:00',NULL,NULL,NULL,NULL,'UNANSWERED',2,NULL,0,NULL),('Carsten','Bullemer','2024-02-15','2024-02-15','carsten@navisense.de','01629460280','Hamburg Barmbek - Hamburg Barmbek-Süd','','','Herr','Navisense','2024-02-14 18:00:44.855500',NULL,'Schule','fff',13,'40b90e5847ac498abec60710ad8b9952','San Pepelone Reisebus','10:00',NULL,NULL,NULL,NULL,'UNANSWERED',2,NULL,0,NULL),('Nadine','Cumpelik','2024-04-07','2024-04-07','john@marine.media','','','',NULL,'Frau','Verein Holzfuß','2024-02-14 21:12:07.834204',NULL,'Verein','Verein',16,'acb47326cebe47649a18e15cb662c523','PKW','10:00',NULL,NULL,NULL,NULL,'UNANSWERED',2,'',0,NULL),('Carsten','Bullemer','2024-02-02','2024-02-16','bullemer@maritimedatasystems.com','+491629460280','Hamburg Barmbek-Süd','','','Herr','fecfecd','2024-02-15 17:39:55.451375',NULL,'Schule','',17,'d930e5e13a544720afc1948c2b691315','San Pepelone Reisebus','10:00',NULL,NULL,NULL,NULL,'UNANSWERED',2,NULL,1,NULL),('Carsten','Bullemer','2024-02-29','2024-02-28','carsten@navisense.de','01629460280','Hamburg Barmbek - Hamburg Barmbek-Süd','','','Herr','Navisense','2024-02-15 17:49:46.839448',NULL,'Schule','fff',18,'300673e1b66246cdae9e46b3311987b4','San Pepelone Reisebus','10:00',NULL,NULL,NULL,NULL,'UNANSWERED',2,NULL,0,NULL),('Anne','Wendt','2024-04-07','2024-03-10','john@marine.media','','HAmburg','','Das ist eine  neue Buchung','Frau','Sup Retreat','2024-02-15 19:25:16.762627',NULL,'Projekt','Verein',19,'e7a29f596ab3454da019efcd1725a5d6','PKW','15:00',NULL,NULL,NULL,NULL,'UNANSWERED',4,NULL,0,NULL),('Manfred','Wolny','2024-02-21','2024-02-24','carsten@navisense.de','01629460280','Hamburg Barmbek - Hamburg Barmbek-Süd','','','Herr','Fortuna','2024-02-17 14:20:46.546869',NULL,'Verein','F Jugend',20,'ada3b4c5e8ff4406b4c1ae8f1a6c6bc8','PKW','15:00',10,1,3,1,'UNANSWERED',2,NULL,0,'10:00');
/*!40000 ALTER TABLE `website_record` ENABLE KEYS */;
UNLOCK TABLES;

--
-- Table structure for table `website_record_subpaket`
--

DROP TABLE IF EXISTS `website_record_subpaket`;
/*!40101 SET @saved_cs_client     = @@character_set_client */;
/*!50503 SET character_set_client = utf8mb4 */;
CREATE TABLE `website_record_subpaket` (
  `id` bigint NOT NULL AUTO_INCREMENT,
  `record_id` bigint NOT NULL,
  `subpaket_id` bigint NOT NULL,
  PRIMARY KEY (`id`),
  UNIQUE KEY `website_record_subpakete_record_id_subpaket_id_ea0f103a_uniq` (`record_id`,`subpaket_id`),
  KEY `website_record_subpa_subpaket_id_dc56cadc_fk_website_s` (`subpaket_id`),
  CONSTRAINT `website_record_subpa_subpaket_id_dc56cadc_fk_website_s` FOREIGN KEY (`subpaket_id`) REFERENCES `website_subpaket` (`id`),
  CONSTRAINT `website_record_subpakete_record_id_1c37fac8_fk_website_record_id` FOREIGN KEY (`record_id`) REFERENCES `website_record` (`id`)
) ENGINE=InnoDB AUTO_INCREMENT=59 DEFAULT CHARSET=utf8mb4 COLLATE=utf8mb4_0900_ai_ci;
/*!40101 SET character_set_client = @saved_cs_client */;

--
-- Dumping data for table `website_record_subpaket`
--

LOCK TABLES `website_record_subpaket` WRITE;
/*!40000 ALTER TABLE `website_record_subpaket` DISABLE KEYS */;
INSERT INTO `website_record_subpaket` VALUES (56,10,5),(55,10,8),(52,16,5),(58,20,5),(57,20,9);
/*!40000 ALTER TABLE `website_record_subpaket` ENABLE KEYS */;
UNLOCK TABLES;

--
-- Table structure for table `website_subpaket`
--

DROP TABLE IF EXISTS `website_subpaket`;
/*!40101 SET @saved_cs_client     = @@character_set_client */;
/*!50503 SET character_set_client = utf8mb4 */;
CREATE TABLE `website_subpaket` (
  `id` bigint NOT NULL AUTO_INCREMENT,
  `bezeichnung` varchar(50) DEFAULT NULL,
  `content` varchar(800) DEFAULT NULL,
  `ausflugspaket_id` bigint DEFAULT NULL,
  PRIMARY KEY (`id`),
  KEY `website_subpaket_ausflugspaket_id_8e7c1541_fk_website_a` (`ausflugspaket_id`),
  CONSTRAINT `website_subpaket_ausflugspaket_id_8e7c1541_fk_website_a` FOREIGN KEY (`ausflugspaket_id`) REFERENCES `website_ausflugspaket` (`id`)
) ENGINE=InnoDB AUTO_INCREMENT=14 DEFAULT CHARSET=utf8mb4 COLLATE=utf8mb4_0900_ai_ci;
/*!40101 SET character_set_client = @saved_cs_client */;

--
-- Dumping data for table `website_subpaket`
--

LOCK TABLES `website_subpaket` WRITE;
/*!40000 ALTER TABLE `website_subpaket` DISABLE KEYS */;
INSERT INTO `website_subpaket` VALUES (5,'VDWS Schein','Großer Teil der Gruppe möchte einen VDWS-Winsurfgrundschein machen 30,- €',2),(6,'Radtour','Dauer: 3,5 h (nicht betreut) Kosten: 5,- €',2),(7,'Kletterfelsen','(betreut) Kosten: 10,- €',2),(8,'Kanu/SUP','nicht betreut) Kosten: 5,- €',2),(9,'Wismar','(nicht betreut) Kosten: 15,- €',4),(10,'Windsurfen / Klettern / Kanu & SUP','(betreut) Kosten: 15,- €',4),(11,'Sozial Pädagogische oder H²O Spiele','(betreut) Kosten: 10,- €',4),(12,'Windsurfen / Kanu & SUP','(nicht betreut) Kosten: 10,- €',4),(13,'Radtour','Dauer: 3,5 h (nicht betreut) Kosten: 5,- €',4);
/*!40000 ALTER TABLE `website_subpaket` ENABLE KEYS */;
UNLOCK TABLES;
/*!40103 SET TIME_ZONE=@OLD_TIME_ZONE */;

/*!40101 SET SQL_MODE=@OLD_SQL_MODE */;
/*!40014 SET FOREIGN_KEY_CHECKS=@OLD_FOREIGN_KEY_CHECKS */;
/*!40014 SET UNIQUE_CHECKS=@OLD_UNIQUE_CHECKS */;
/*!40101 SET CHARACTER_SET_CLIENT=@OLD_CHARACTER_SET_CLIENT */;
/*!40101 SET CHARACTER_SET_RESULTS=@OLD_CHARACTER_SET_RESULTS */;
/*!40101 SET COLLATION_CONNECTION=@OLD_COLLATION_CONNECTION */;
/*!40111 SET SQL_NOTES=@OLD_SQL_NOTES */;

-- Dump completed on 2024-02-17 21:52:08
